CustomerID,CustomerName,Province,Region,CustomerSegment
838250,Sally Matthias,Manitoba,Prarie,Home Office
1599613,Tom Prescott,Newfoundland,Atlantic,Small Business
1720138,Juliana Krohn,British Columbia,West,Small Business
2378178,Trudy Bell,Yukon,Yukon,Consumer
2465224,Jeremy Lonsdale,Northwest Territories,Northwest Territories,Corporate
2717381,Cindy Schnelling,Northwest Territories,Northwest Territories,Corporate
2907098,Roland Murray,Alberta,West,Home Office
3285755,Brendan Murry,British Columbia,West,Corporate
3704525,Ellis Ballard,Quebec,Quebec,Corporate
3722643,Michael Kennedy,Nova Scotia,Atlantic,Corporate
3724839,Brian Stugart,Yukon,Yukon,Corporate
3837643,Lycoris Saunders,Saskachewan,Prarie,Home Office
3863253,Steve Nguyen,Ontario,Ontario,Consumer
4035756,Philip Fox,Saskachewan,Prarie,Home Office
4036912,Evan Henry,Ontario,Ontario,Corporate
4067436,Damala Kotsonis,British Columbia,West,Corporate
4221093,Patrick Ryan,Saskachewan,Prarie,Corporate
4502342,Steve Carroll,Manitoba,Prarie,Consumer
4510648,Anne McFarland,British Columbia,West,Consumer
4514530,Tony Molinari,British Columbia,West,Corporate
4569162,Jim Kriz,Ontario,Ontario,Consumer
4926578,Michelle Tran,Quebec,Quebec,Home Office
5044115,Steve Nguyen,Ontario,Ontario,Small Business
5091209,Christina Anderson,Saskachewan,Prarie,Corporate
5130941,Clay Cheatham,Alberta,West,Small Business
5277556,Karl Brown,Nova Scotia,Atlantic,Home Office
5403622,Rose O'Brian,Alberta,West,Home Office
5417421,Doug Bickford,Northwest Territories,Northwest Territories,Small Business
5656997,Shirley Schmidt,Ontario,Ontario,Corporate
5768603,Fred McMath,Ontario,Ontario,Small Business
5890384,Liz Price,Nova Scotia,Atlantic,Consumer
5982894,Craig Yedwab,Yukon,Yukon,Corporate
6149498,Karl Brown,Nova Scotia,Atlantic,Corporate
6324861,Paul Lucas,Nova Scotia,Atlantic,Corporate
6400779,Darrin Martin,Manitoba,Prarie,Small Business
6499919,Debra Catini,British Columbia,West,Small Business
6669395,Eugene Moren,Saskachewan,Prarie,Home Office
6745542,Karen Carlisle,Yukon,Yukon,Corporate
6763230,Skye Norling,Ontario,Ontario,Home Office
6767935,Julia Dunbar,Saskachewan,Prarie,Consumer
6794165,Shirley Daniels,Quebec,Quebec,Corporate
6913864,Stuart Van,Quebec,Quebec,Consumer
6954303,Tracy Blumstein,Saskachewan,Prarie,Home Office
6982655,Bruce Stewart,Manitoba,Prarie,Corporate
7031126,Cynthia Arntzen,Saskachewan,Prarie,Small Business
7178696,Alan Hwang,Ontario,Ontario,Small Business
7191557,Charles Sheldon,Nova Scotia,Atlantic,Corporate
7210830,Cari Sayre,Alberta,West,Corporate
7345328,Tracy Collins,New Brunswick,Atlantic,Consumer
7424686,Ionia McGrath,Saskachewan,Prarie,Home Office
7432978,Dan Campbell,Nova Scotia,Atlantic,Corporate
7438025,Karl Brown,Quebec,Quebec,Home Office
7452837,Jennifer Halladay,Ontario,Ontario,Home Office
7499162,Rick Reed,Northwest Territories,Northwest Territories,Consumer
7583923,Craig Carroll,Ontario,Ontario,Small Business
7602649,Grant Carroll,Ontario,Ontario,Corporate
7834765,Lisa DeCherney,Ontario,Ontario,Corporate
7838724,Bryan Spruell,Yukon,Yukon,Home Office
7871269,Becky Castell,Ontario,Ontario,Consumer
8230900,Thais Sissman,Manitoba,Prarie,Small Business
8347794,Lisa Ryan,Alberta,West,Home Office
8361959,Keith Herrera,Quebec,Quebec,Small Business
8368712,Craig Molinari,Manitoba,Prarie,Small Business
8387950,Bobby Trafton,Nova Scotia,Atlantic,Small Business
8444931,Denise Leinenbach,Nova Scotia,Atlantic,Corporate
8480164,Julie Kriz,Manitoba,Prarie,Corporate
8520485,Doug Bickford,Ontario,Ontario,Corporate
8553190,Cynthia Delaney,Manitoba,Prarie,Corporate
8564207,Dan Campbell,Ontario,Ontario,Small Business
8636979,Liz Price,Saskachewan,Prarie,Corporate
8665453,Patrick Bzostek,Yukon,Yukon,Consumer
8807770,Frank Merwin,Alberta,West,Corporate
8881763,Noah Childs,Manitoba,Prarie,Home Office
8905627,Muhammed Yedwab,Nova Scotia,Atlantic,Consumer
8933378,Sylvia Foulston,Prince Edward Island,Atlantic,Corporate
9043071,Rick Wilson,Alberta,West,Corporate
9089368,Maris LaWare,Yukon,Yukon,Home Office
9130094,Russell Applegate,Ontario,Ontario,Home Office
9175306,Mick Hernandez,Ontario,Ontario,Home Office
9193847,Lycoris Saunders,Ontario,Ontario,Home Office
9194738,Ashley Jarboe,Saskachewan,Prarie,Home Office
9279285,Yana Sorensen,Quebec,Quebec,Corporate
9479478,Alan Hwang,New Brunswick,Atlantic,Small Business
9523535,Stewart Visinsky,Manitoba,Prarie,Corporate
9569456,Karl Brown,Yukon,Yukon,Corporate
9576347,Michael Oakman,Quebec,Quebec,Small Business
9599437,Giulietta Weimer,British Columbia,West,Corporate
9630170,Ryan Akin,Ontario,Ontario,Consumer
9690051,Lisa DeCherney,New Brunswick,Atlantic,Corporate
9725401,Laurel Elliston,New Brunswick,Atlantic,Corporate
9854609,Julia West,Northwest Territories,Northwest Territories,Corporate
9950200,Kimberly Carter,Quebec,Quebec,Home Office
9969848,Barry Gonzalez,Quebec,Quebec,Consumer
9995389,Emily Phan,Quebec,Quebec,Consumer
10010675,Kristen Hastings,Ontario,Ontario,Corporate
10035142,Janet Martin,Newfoundland,Atlantic,Corporate
10045148,Bill Tyler,Nova Scotia,Atlantic,Consumer
10056208,Khloe Miller,Nova Scotia,Atlantic,Consumer
10128489,Harold Engle,Prince Edward Island,Atlantic,Consumer
10136898,James Lanier,Ontario,Ontario,Corporate
10166893,Benjamin Farhat,Yukon,Yukon,Home Office
10181449,Carlos Daly,Northwest Territories,Northwest Territories,Corporate
10236331,Sally Knutson,Nova Scotia,Atlantic,Consumer
10250297,Vivian Mathis,Quebec,Quebec,Corporate
10328710,Evan Minnotte,Manitoba,Prarie,Corporate
10356602,Lena Creighton,Ontario,Ontario,Corporate
10374472,Nora Paige,Yukon,Yukon,Small Business
10406639,Nick Crebassa,Saskachewan,Prarie,Corporate
10407796,Charles Crestani,Yukon,Yukon,Consumer
10540824,Dianna Wilson,Ontario,Ontario,Small Business
10565428,Erica Hackney,Alberta,West,Small Business
10575811,Christopher Martinez,British Columbia,West,Small Business
10582134,Tracy Collins,Manitoba,Prarie,Corporate
10584324,Christy Brittain,Quebec,Quebec,Consumer
10656473,Lisa DeCherney,New Brunswick,Atlantic,Consumer
10691025,Dennis Pardue,Saskachewan,Prarie,Corporate
10756558,Frank Carlisle,Ontario,Ontario,Small Business
10766748,Gary Zandusky,Ontario,Ontario,Home Office
10791341,Grant Carroll,Nunavut,Nunavut,Corporate
10797386,Michael Oakman,Saskachewan,Prarie,Small Business
10820132,Dave Brooks,Manitoba,Prarie,Corporate
10983392,Raymond Fair,Newfoundland,Atlantic,Small Business
11001728,Mark Packer,British Columbia,West,Small Business
11034951,Karen Carlisle,Nova Scotia,Atlantic,Home Office
11137069,Dean Percer,New Brunswick,Atlantic,Home Office
11233852,Adam Bellavance,Ontario,Ontario,Small Business
11252896,Jason Gross,Manitoba,Prarie,Small Business
11286401,Anna Gayman,Ontario,Ontario,Corporate
11321197,Christina DeMoss,British Columbia,West,Home Office
11405224,Dean Percer,New Brunswick,Atlantic,Consumer
11408122,Dorothy Dickinson,Ontario,Ontario,Corporate
11409165,Jim Karlsson,British Columbia,West,Small Business
11551378,Craig Yedwab,Yukon,Yukon,Consumer
11726321,Kristen Hastings,Saskachewan,Prarie,Corporate
11826026,Mark Packer,Quebec,Quebec,Small Business
11861127,Tracy Collins,Manitoba,Prarie,Consumer
11928127,Beth Thompson,Northwest Territories,Northwest Territories,Corporate
11934383,Carlos Soltero,Prince Edward Island,Atlantic,Consumer
12009006,Robert Barroso,Yukon,Yukon,Small Business
12027757,Brad Thomas,British Columbia,West,Corporate
12055977,Tracy Zic,Manitoba,Prarie,Consumer
12083055,Ed Jacobs,Newfoundland,Atlantic,Small Business
12119240,Amy Hunt,Saskachewan,Prarie,Consumer
12193437,Corey Lock,Quebec,Quebec,Home Office
12220783,Natalie Webber,British Columbia,West,Consumer
12263605,Gene McClure,Manitoba,Prarie,Home Office
12299029,Maribeth Schnelling,New Brunswick,Atlantic,Corporate
12346524,Arthur Wiediger,Ontario,Ontario,Corporate
12373493,Aleksandra Gannaway,Saskachewan,Prarie,Corporate
12392564,Troy Blackwell,Ontario,Ontario,Home Office
12419685,Lisa DeCherney,British Columbia,West,Corporate
12488619,Bryan Davis,Northwest Territories,Northwest Territories,Corporate
12518883,Nicole Brennan,British Columbia,West,Consumer
12539879,Sarah Jordon,Manitoba,Prarie,Consumer
12566604,Cindy Schnelling,Saskachewan,Prarie,Corporate
12671287,Darren Budd,Ontario,Ontario,Consumer
12674110,Sarah Brown,Alberta,West,Consumer
12756390,Dario Medina,Yukon,Yukon,Small Business
12801101,Julia Barnett,Nova Scotia,Atlantic,Corporate
12841867,Russell D'Ascenzo,Manitoba,Prarie,Consumer
12859907,Denny Ordway,Yukon,Yukon,Small Business
12932634,Ryan Crowe,Manitoba,Prarie,Small Business
12964455,Tamara Willingham,British Columbia,West,Home Office
12997708,Denny Blanton,Ontario,Ontario,Home Office
13009089,Gene McClure,Quebec,Quebec,Consumer
13012156,Ken Heidel,Saskachewan,Prarie,Corporate
13019151,Jamie Kunitz,Northwest Territories,Northwest Territories,Corporate
13117414,Julia West,Nunavut,Nunavut,Corporate
13158064,Sean Miller,Ontario,Ontario,Small Business
13226298,Noah Childs,Ontario,Ontario,Home Office
13226561,Nick Zandusky,Saskachewan,Prarie,Small Business
13258267,Maureen Gastineau,Newfoundland,Atlantic,Consumer
13314221,Toby Knight,Manitoba,Prarie,Corporate
13485144,Annie Cyprus,Northwest Territories,Northwest Territories,Home Office
13638622,Pierre Wener,Quebec,Quebec,Home Office
13698768,Frank Price,Northwest Territories,Northwest Territories,Corporate
13719044,Charles Crestani,British Columbia,West,Consumer
13788018,Mike Gockenbach,Manitoba,Prarie,Consumer
13856521,Noel Staavos,British Columbia,West,Home Office
13884388,Thomas Boland,Ontario,Ontario,Corporate
13888154,Ken Heidel,British Columbia,West,Corporate
14033736,Alan Schoenberger,British Columbia,West,Corporate
14093031,Lindsay Castell,Quebec,Quebec,Corporate
14110003,George Zrebassa,British Columbia,West,Home Office
14111599,Cathy Armstrong,Nova Scotia,Atlantic,Consumer
14291205,Helen Abelman,Prince Edward Island,Atlantic,Home Office
14293127,Damala Kotsonis,Quebec,Quebec,Corporate
14331565,Doug O'Connell,Ontario,Ontario,Small Business
14443258,Bart Watters,British Columbia,West,Corporate
14517596,Nona Balk,New Brunswick,Atlantic,Corporate
14547307,Ken Brennan,Ontario,Ontario,Home Office
14548487,Guy Armstrong,Prince Edward Island,Atlantic,Corporate
14565933,Matt Abelman,British Columbia,West,Small Business
14649835,Fred Chung,Quebec,Quebec,Corporate
14741565,Janet Martin,Ontario,Ontario,Corporate
14751244,Nora Pelletier,Manitoba,Prarie,Corporate
14825481,Katrina Willman,Nova Scotia,Atlantic,Consumer
14871276,Anthony O'Donnell,British Columbia,West,Consumer
14961350,Randy Ferguson,Saskachewan,Prarie,Home Office
15023876,Dennis Pardue,Saskachewan,Prarie,Small Business
15048550,Katrina Bavinger,Ontario,Ontario,Home Office
15052698,Rob Haberlin,Ontario,Ontario,Corporate
15087878,Jonathan Howell,Ontario,Ontario,Consumer
15239298,Sean Wendt,British Columbia,West,Corporate
15368315,David Kendrick,Yukon,Yukon,Home Office
15369322,Dave Poirier,Yukon,Yukon,Small Business
15408772,Stefania Perrino,Nova Scotia,Atlantic,Corporate
15499743,Vivian Mathis,Quebec,Quebec,Consumer
15561390,Keith Herrera,Nova Scotia,Atlantic,Small Business
15571411,Arianne Irving,Saskachewan,Prarie,Corporate
15610164,Ricardo Emerson,British Columbia,West,Corporate
15639214,Katrina Bavinger,Ontario,Ontario,Consumer
15643761,Suzanne McNair,Saskachewan,Prarie,Small Business
15814455,Toby Grace,Saskachewan,Prarie,Home Office
15836964,Jennifer Ferguson,Quebec,Quebec,Corporate
15879065,Julie Creighton,British Columbia,West,Corporate
16060471,Kelly Collister,Saskachewan,Prarie,Consumer
16089776,Carlos Soltero,Prince Edward Island,Atlantic,Small Business
16132386,Lindsay Castell,Alberta,West,Corporate
16320930,Anthony Garverick,Nova Scotia,Atlantic,Small Business
16438527,Rob Beeghly,Ontario,Ontario,Consumer
16475482,Brian Stugart,Yukon,Yukon,Consumer
16533423,Joy Smith,Manitoba,Prarie,Consumer
16627071,Harold Dahlen,British Columbia,West,Corporate
16637514,Phillip Breyer,Ontario,Ontario,Corporate
16666221,Deanra Eno,Yukon,Yukon,Corporate
16724484,David Bremer,British Columbia,West,Corporate
16737262,Alex Avila,British Columbia,West,Corporate
16907084,Michelle Arnett,British Columbia,West,Home Office
16917108,Maya Herman,Nova Scotia,Atlantic,Corporate
16921475,Robert Barroso,Quebec,Quebec,Small Business
16972966,Susan Pistek,Saskachewan,Prarie,Home Office
17005974,Nora Paige,Nova Scotia,Atlantic,Small Business
17033987,Sonia Sunley,British Columbia,West,Corporate
17118153,Vivek Grady,Ontario,Ontario,Corporate
17241550,Rick Hansen,Saskachewan,Prarie,Corporate
17328667,Brosina Hoffman,Saskachewan,Prarie,Consumer
17332515,Jim Radford,Northwest Territories,Northwest Territories,Corporate
17355109,Robert Barroso,Nova Scotia,Atlantic,Small Business
17356345,Tom Prescott,Yukon,Yukon,Small Business
17497455,Jamie Frazer,Manitoba,Prarie,Small Business
17604431,Greg Maxwell,Nova Scotia,Atlantic,Home Office
17649315,Paul Knutson,Newfoundland,Atlantic,Corporate
17767864,Mathew Reese,Quebec,Quebec,Small Business
17803888,Darrin Martin,Ontario,Ontario,Small Business
17886187,Susan Vittorini,Ontario,Ontario,Corporate
18074009,Thais Sissman,Manitoba,Prarie,Corporate
18173108,Liz Carlisle,Saskachewan,Prarie,Corporate
18174109,Eugene Hildebrand,Ontario,Ontario,Home Office
18255550,Debra Catini,Quebec,Quebec,Small Business
18262264,Bradley Nguyen,Quebec,Quebec,Corporate
18270898,Dianna Arnett,Newfoundland,Atlantic,Home Office
18293658,Karen Carlisle,British Columbia,West,Home Office
18334625,Nancy Lomonaco,Ontario,Ontario,Home Office
18361125,Jas O'Carroll,Ontario,Ontario,Corporate
18400683,Maribeth Dona,Quebec,Quebec,Home Office
18436824,Nora Paige,Newfoundland,Atlantic,Small Business
18467123,Dean Percer,Newfoundland,Atlantic,Consumer
18517094,John Lucas,Ontario,Ontario,Corporate
18657017,Alyssa Tate,Nova Scotia,Atlantic,Small Business
18716501,Aleksandra Gannaway,Yukon,Yukon,Corporate
18723161,Thomas Brumley,Manitoba,Prarie,Consumer
18837338,Penelope Sewall,Manitoba,Prarie,Home Office
19029328,Gary Hwang,Manitoba,Prarie,Home Office
19043578,John Castell,Nova Scotia,Atlantic,Small Business
19237970,Carlos Soltero,Northwest Territories,Northwest Territories,Consumer
19317610,Stephanie Ulpright,Ontario,Ontario,Consumer
19346760,Nicole Brennan,Yukon,Yukon,Home Office
19360668,Parhena Norris,Manitoba,Prarie,Home Office
19473719,Emily Burns,Nova Scotia,Atlantic,Home Office
19477891,Brendan Dodson,Northwest Territories,Northwest Territories,Corporate
19529123,Steven Roelle,Ontario,Ontario,Small Business
19544810,Mike Vittorini,Nova Scotia,Atlantic,Small Business
19637851,Anne McFarland,Yukon,Yukon,Consumer
19646165,Julia Barnett,Yukon,Yukon,Home Office
19646967,Andy Reiter,Saskachewan,Prarie,Corporate
19652649,Trudy Schmidt,British Columbia,West,Small Business
19652929,Astrea Jones,Quebec,Quebec,Corporate
19747030,Lindsay Castell,Quebec,Quebec,Small Business
19748793,Nora Price,New Brunswick,Atlantic,Small Business
19750832,Eric Barreto,Manitoba,Prarie,Small Business
19762901,Hallie Redmond,Ontario,Ontario,Small Business
19847319,Bart Folk,Yukon,Yukon,Corporate
19890992,Stephanie Phelps,Alberta,West,Consumer
19984778,Georgia Rosenberg,New Brunswick,Atlantic,Consumer
19986307,Gary Hansen,Ontario,Ontario,Consumer
19995239,Chuck Clark,Nova Scotia,Atlantic,Corporate
20002172,Maureen Gastineau,Yukon,Yukon,Consumer
20033456,Chad Sievert,Manitoba,Prarie,Corporate
20066882,Chris Cortes,Newfoundland,Atlantic,Consumer
20071951,Candace McMahon,Ontario,Ontario,Corporate
20148851,Thea Hendricks,Yukon,Yukon,Home Office
20218610,Liz Price,Saskachewan,Prarie,Consumer
20282629,Evan Minnotte,Prince Edward Island,Atlantic,Corporate
20332788,Astrea Jones,Nova Scotia,Atlantic,Corporate
20370095,Sara Luxemburg,Newfoundland,Atlantic,Small Business
20427219,Benjamin Patterson,Ontario,Ontario,Corporate
20434205,Raymond Fair,Ontario,Ontario,Small Business
20484349,John Lee,Manitoba,Prarie,Corporate
20566789,Ralph Kennedy,British Columbia,West,Corporate
20700273,Ionia McGrath,New Brunswick,Atlantic,Small Business
20705818,Anemone Ratner,New Brunswick,Atlantic,Small Business
20711305,Gary McGarr,Quebec,Quebec,Home Office
20807427,Nathan Mautz,Manitoba,Prarie,Corporate
20860077,Liz Price,British Columbia,West,Consumer
20864775,Cindy Stewart,Yukon,Yukon,Consumer
20872558,Sarah Jordon,Nova Scotia,Atlantic,Consumer
20979572,Chris McAfee,Yukon,Yukon,Consumer
21047871,Jennifer Patt,Yukon,Yukon,Home Office
21051246,Mick Brown,British Columbia,West,Consumer
21091134,Tony Molinari,Ontario,Ontario,Corporate
21255162,Greg Hansen,Ontario,Ontario,Home Office
21258025,"Andy,Yotov",Ontario,Ontario,Corporate
21270971,Tracy Collins,New Brunswick,Atlantic,Corporate
21295595,Craig Yedwab,Ontario,Ontario,Consumer
21396956,Richard Bierner,New Brunswick,Atlantic,Small Business
21424768,Charles Sheldon,Manitoba,Prarie,Corporate
21462074,Victoria Pisteka,Alberta,West,Corporate
21513268,Tom Stivers,Saskachewan,Prarie,Corporate
21613461,Julie Kriz,Quebec,Quebec,Corporate
21703579,Henia Zydlo,Manitoba,Prarie,Home Office
21729136,Dave Brooks,Ontario,Ontario,Corporate
21904093,Grant Donatelli,Alberta,West,Consumer
21909421,Ed Braxton,Manitoba,Prarie,Home Office
21939120,Greg Guthrie,Prince Edward Island,Atlantic,Small Business
21958370,Rick Duston,British Columbia,West,Corporate
22050539,Adam Bellavance,Alberta,West,Small Business
22112455,Corinna Mitchell,Quebec,Quebec,Corporate
22237665,Bill Shonely,Nova Scotia,Atlantic,Small Business
22307990,Matt Collister,Saskachewan,Prarie,Home Office
22367901,Michael Paige,Nova Scotia,Atlantic,Small Business
22439533,George Zrebassa,Ontario,Ontario,Home Office
22470862,Neoma Murray,Saskachewan,Prarie,Small Business
22477532,Henry Goldwyn,Northwest Territories,Northwest Territories,Small Business
22558635,Brian Derr,Nova Scotia,Atlantic,Small Business
22754409,Greg Guthrie,Manitoba,Prarie,Corporate
22824642,Katherine Nockton,Quebec,Quebec,Corporate
22836729,Fred McMath,Newfoundland,Atlantic,Small Business
22838558,Michael Granlund,Nova Scotia,Atlantic,Home Office
22856565,Rick Duston,Newfoundland,Atlantic,Corporate
22879750,Bart Pistole,Quebec,Quebec,Consumer
22948694,Alan Hwang,New Brunswick,Atlantic,Corporate
22998376,Richard Bierner,Saskachewan,Prarie,Small Business
23051437,Hilary Holden,Prince Edward Island,Atlantic,Corporate
23074221,Craig Leslie,Alberta,West,Consumer
23111538,Cyra Reiten,British Columbia,West,Consumer
23169608,Ed Braxton,Yukon,Yukon,Home Office
23188468,Edward Hooks,Northwest Territories,Northwest Territories,Consumer
23284184,Skye Norling,Nunavut,Nunavut,Home Office
23344923,Giulietta Dortch,Yukon,Yukon,Consumer
23386707,Nora Price,New Brunswick,Atlantic,Home Office
23407763,Charles McCrossin,Northwest Territories,Northwest Territories,Corporate
23436088,Brendan Sweed,New Brunswick,Atlantic,Consumer
23462469,Dean Braden,Ontario,Ontario,Corporate
23544783,Vivek Gonzalez,Quebec,Quebec,Consumer
23558649,Peter Buhler,British Columbia,West,Consumer
23647299,Grace Kelly,Alberta,West,Consumer
23649246,Sandra Flanagan,Ontario,Ontario,Home Office
23674656,Alan Schoenberger,Ontario,Ontario,Corporate
23702536,Amy Cox,Yukon,Yukon,Small Business
23784011,Jill Matthias,Yukon,Yukon,Consumer
23795937,Alan Hwang,Ontario,Ontario,Corporate
23808541,Craig Rider,Saskachewan,Prarie,Small Business
23852786,Noah Childs,Prince Edward Island,Atlantic,Home Office
23905406,Dennis Kane,Quebec,Quebec,Small Business
23920877,Kean Takahito,Saskachewan,Prarie,Home Office
23921769,Giulietta Dortch,British Columbia,West,Small Business
23953185,Tracy Poddar,Newfoundland,Atlantic,Corporate
23988283,Neil French,Saskachewan,Prarie,Consumer
24078858,Maria Bertelson,Manitoba,Prarie,Corporate
24082624,Victor Price,Manitoba,Prarie,Consumer
24088027,Shahid Hopkins,British Columbia,West,Small Business
24098604,Ashley Jarboe,Yukon,Yukon,Home Office
24149383,Denny Joy,Manitoba,Prarie,Corporate
24207664,Ellis Ballard,Yukon,Yukon,Corporate
24223712,Delfina Latchford,Northwest Territories,Northwest Territories,Small Business
24239354,Dan Campbell,British Columbia,West,Small Business
24286812,Annie Thurman,Ontario,Ontario,Home Office
24306819,Kelly Williams,British Columbia,West,Corporate
24333725,Hunter Lopez,Ontario,Ontario,Consumer
24337046,Heather Jas,Nova Scotia,Atlantic,Corporate
24481187,Dennis Bolton,Manitoba,Prarie,Small Business
24482846,Quincy Jones,New Brunswick,Atlantic,Corporate
24574802,Ken Lonsdale,Ontario,Ontario,Consumer
24606708,Adrian Hane,Alberta,West,Corporate
24699845,Philip Brown,Ontario,Ontario,Home Office
24718220,Steven Ward,Manitoba,Prarie,Consumer
24754584,Alyssa Tate,British Columbia,West,Small Business
24845242,Paul Knutson,Nova Scotia,Atlantic,Corporate
24878468,Natalie DeCherney,Quebec,Quebec,Consumer
25162682,Sam Zeldin,Ontario,Ontario,Small Business
25165064,Yoseph Carroll,Alberta,West,Consumer
25228465,Frank Atkinson,Nova Scotia,Atlantic,Corporate
25362542,Catherine Glotzbach,Alberta,West,Home Office
25377321,Muhammed Yedwab,Quebec,Quebec,Consumer
25488283,Dianna Arnett,Nova Scotia,Atlantic,Home Office
25507147,Art Ferguson,Nova Scotia,Atlantic,Corporate
25540872,Karen Seio,New Brunswick,Atlantic,Consumer
25562063,Carlos Meador,Nova Scotia,Atlantic,Corporate
25602747,Lauren Leatherbury,British Columbia,West,Corporate
25637113,Ken Heidel,Manitoba,Prarie,Corporate
25695577,Sally Hughsby,Ontario,Ontario,Home Office
25715035,Bobby Elias,British Columbia,West,Small Business
25750022,Maribeth Yedwab,Saskachewan,Prarie,Home Office
25774862,Gary Mitchum,Ontario,Ontario,Consumer
25793349,Lena Cacioppo,Quebec,Quebec,Home Office
25873692,Alejandro Grove,Ontario,Ontario,Consumer
25882629,Cynthia Voltz,Quebec,Quebec,Corporate
25911898,Sanjit Jacobs,Quebec,Quebec,Consumer
25961578,Jack Garza,Manitoba,Prarie,Corporate
26154365,Sean Wendt,Nova Scotia,Atlantic,Corporate
26155039,Chad Cunningham,Prince Edward Island,Atlantic,Small Business
26405324,Dan Campbell,Newfoundland,Atlantic,Corporate
26421512,Valerie Takahito,Saskachewan,Prarie,Consumer
26622969,Jennifer Patt,Ontario,Ontario,Home Office
26729175,Bruce Stewart,New Brunswick,Atlantic,Corporate
26730000,Deborah Brumfield,British Columbia,West,Small Business
26802505,Tracy Poddar,Quebec,Quebec,Corporate
26807355,Sung Chung,Saskachewan,Prarie,Home Office
26814362,Erica Bern,Prince Edward Island,Atlantic,Small Business
26827600,Laurel Elliston,Quebec,Quebec,Home Office
26860291,Don Jones,Nunavut,Nunavut,Corporate
26871525,Giulietta Dortch,Nova Scotia,Atlantic,Consumer
26871677,Cathy Prescott,Alberta,West,Corporate
26983125,Carlos Soltero,Nunavut,Nunavut,Consumer
26995184,Erica Bern,Prince Edward Island,Atlantic,Corporate
27000509,Mark Van Huff,Saskachewan,Prarie,Home Office
27064579,Steven Roelle,Alberta,West,Small Business
27137028,Toby Braunhardt,Northwest Territories,Northwest Territories,Corporate
27185389,Karl Brown,Ontario,Ontario,Corporate
27211235,Liz Price,British Columbia,West,Corporate
27235722,Thea Hendricks,Newfoundland,Atlantic,Home Office
27242353,Carl Weiss,Saskachewan,Prarie,Consumer
27524985,Mark Cousins,Manitoba,Prarie,Home Office
27586976,Katherine Ducich,Manitoba,Prarie,Corporate
27626796,Patricia Hirasaki,Ontario,Ontario,Home Office
27896929,Sylvia Foulston,Quebec,Quebec,Corporate
27976227,Liz Willingham,Ontario,Ontario,Home Office
28030760,Michael Granlund,Nova Scotia,Atlantic,Corporate
28062620,Michael Granlund,Manitoba,Prarie,Home Office
28130934,Maxwell Schwartz,Saskachewan,Prarie,Corporate
28204770,Amy Cox,Ontario,Ontario,Home Office
28227347,Jay Kimmel,Ontario,Ontario,Small Business
28257713,Tom Prescott,British Columbia,West,Small Business
28264061,Dean Percer,Yukon,Yukon,Home Office
28321640,Jim Sink,British Columbia,West,Corporate
28382862,Shahid Shariari,British Columbia,West,Consumer
28395632,Andrew Allen,British Columbia,West,Corporate
28399266,Quincy Jones,Yukon,Yukon,Corporate
28488718,Greg Tran,Quebec,Quebec,Home Office
28497631,Eric Barreto,Ontario,Ontario,Consumer
28609672,Thea Hudgings,Manitoba,Prarie,Consumer
28718928,Ken Lonsdale,New Brunswick,Atlantic,Consumer
28739071,Marc Crier,Nova Scotia,Atlantic,Corporate
28773850,John Castell,Ontario,Ontario,Small Business
28782880,Damala Kotsonis,Newfoundland,Atlantic,Corporate
28787189,Shaun Weien,British Columbia,West,Home Office
28799558,Gene Hale,British Columbia,West,Consumer
28822817,Nicole Hansen,Northwest Territories,Northwest Territories,Corporate
28931462,Joni Blumstein,Ontario,Ontario,Consumer
28941888,Dionis Lloyd,Quebec,Quebec,Small Business
29012034,Theresa Swint,Manitoba,Prarie,Consumer
29025972,Jill Matthias,British Columbia,West,Consumer
29055608,Darrin Sayre,Nova Scotia,Atlantic,Consumer
29172730,Susan Vittorini,Northwest Territories,Northwest Territories,Home Office
29307407,Emily Ducich,Manitoba,Prarie,Consumer
29343671,Emily Grady,British Columbia,West,Home Office
29364014,David Smith,Nova Scotia,Atlantic,Small Business
29419345,Ed Jacobs,Yukon,Yukon,Small Business
29419859,Mike Pelletier,Northwest Territories,Northwest Territories,Corporate
29483524,Erin Mull,New Brunswick,Atlantic,Corporate
29527556,Theresa Swint,Quebec,Quebec,Small Business
29592089,Bruce Degenhardt,Ontario,Ontario,Home Office
29595885,Cari Sayre,Ontario,Ontario,Home Office
29599945,Hunter Lopez,Nova Scotia,Atlantic,Consumer
29648423,Christy Brittain,Newfoundland,Atlantic,Consumer
29705839,Muhammed Yedwab,New Brunswick,Atlantic,Consumer
29764059,Bill Eplett,Saskachewan,Prarie,Corporate
29843835,Mike Kennedy,Nova Scotia,Atlantic,Small Business
29954303,Tony Molinari,Nova Scotia,Atlantic,Corporate
29954408,Henry Goldwyn,Manitoba,Prarie,Small Business
29962626,Chris Cortes,British Columbia,West,Consumer
30028735,Julia Barnett,British Columbia,West,Home Office
30084133,Denise Leinenbach,Nova Scotia,Atlantic,Home Office
30236526,Steve Carroll,Nova Scotia,Atlantic,Consumer
30238656,Peter Fuller,Saskachewan,Prarie,Corporate
30256039,Maurice Satty,Manitoba,Prarie,Corporate
30297651,Jocasta Rupert,British Columbia,West,Consumer
30311200,Bryan Spruell,British Columbia,West,Home Office
30320771,Janet Lee,Saskachewan,Prarie,Consumer
30354681,Alan Barnes,Northwest Territories,Northwest Territories,Corporate
30491084,Lena Cacioppo,British Columbia,West,Home Office
30509837,Jennifer Ferguson,Quebec,Quebec,Home Office
30521001,Anthony Rawles,British Columbia,West,Small Business
30535909,Filia McAdams,Prince Edward Island,Atlantic,Small Business
30578487,Aaron Hawkins,British Columbia,West,Home Office
30755819,Paul Van Hugh,Yukon,Yukon,Corporate
30770816,John Stevenson,Quebec,Quebec,Small Business
30809672,Maribeth Schnelling,Manitoba,Prarie,Corporate
30988102,Max Engle,Alberta,West,Corporate
31001244,Shirley Schmidt,Quebec,Quebec,Corporate
31028836,George Ashbrook,Ontario,Ontario,Small Business
31043562,Barry Pond,Yukon,Yukon,Consumer
31215298,Jay Fine,Yukon,Yukon,Consumer
31234599,Brendan Dodson,Prince Edward Island,Atlantic,Corporate
31282636,Anthony Garverick,Quebec,Quebec,Small Business
31290794,Darren Budd,Ontario,Ontario,Corporate
31295548,Katrina Edelman,Alberta,West,Corporate
31307134,Brendan Murry,Yukon,Yukon,Corporate
31314538,Keith Herrera,British Columbia,West,Small Business
31325721,Giulietta Dortch,Newfoundland,Atlantic,Consumer
31343539,Christopher Conant,Alberta,West,Home Office
31353881,Jason Fortune,Ontario,Ontario,Corporate
31379257,Joseph Airdo,Manitoba,Prarie,Consumer
31406507,Brian Stugart,Nova Scotia,Atlantic,Corporate
31445683,Ivan Gibson,Manitoba,Prarie,Corporate
31467554,Pauline Chand,Ontario,Ontario,Small Business
31509023,Raymond Fair,British Columbia,West,Small Business
31543089,Aaron Bergman,Alberta,West,Corporate
31594679,Allen Rosenblatt,Nunavut,Nunavut,Small Business
31645785,Clytie Kelty,Ontario,Ontario,Small Business
31708946,Suzanne McNair,Saskachewan,Prarie,Corporate
31711779,Pierre Wener,Nova Scotia,Atlantic,Home Office
31765799,Corey Catlett,Nova Scotia,Atlantic,Home Office
31768137,Gene McClure,Ontario,Ontario,Consumer
31848876,Justin Ellison,Saskachewan,Prarie,Home Office
31869933,Valerie Mitchum,Quebec,Quebec,Home Office
32001706,Jack O'Briant,Nova Scotia,Atlantic,Home Office
32156526,Natalie Webber,British Columbia,West,Corporate
32302821,John Castell,British Columbia,West,Consumer
32369615,Larry Blacks,Saskachewan,Prarie,Consumer
32369747,Dana Kaydos,Nova Scotia,Atlantic,Corporate
32396854,Robert Waldorf,Saskachewan,Prarie,Home Office
32444392,Helen Andreada,Yukon,Yukon,Corporate
32605811,Michael Dominguez,Ontario,Ontario,Home Office
32734260,Ivan Liston,Yukon,Yukon,Consumer
32749447,Michael Paige,Newfoundland,Atlantic,Small Business
32775334,Cari MacIntyre,Ontario,Ontario,Corporate
32797971,Dennis Bolton,British Columbia,West,Consumer
32914519,Art Ferguson,Manitoba,Prarie,Corporate
33115230,Nora Price,Quebec,Quebec,Small Business
33133679,Sylvia Foulston,Quebec,Quebec,Home Office
33158318,Tony Chapman,Ontario,Ontario,Consumer
33272196,Melanie Page,Ontario,Ontario,Corporate
33281016,Darren Powers,Alberta,West,Corporate
33357299,Jack Lebron,British Columbia,West,Corporate
33385671,Todd Boyes,Ontario,Ontario,Consumer
33388955,Chad Sievert,British Columbia,West,Corporate
33411187,Quincy Jones,Yukon,Yukon,Home Office
33447795,Brad Thomas,Newfoundland,Atlantic,Corporate
33483588,Ken Lonsdale,Manitoba,Prarie,Consumer
33584987,John Castell,Nova Scotia,Atlantic,Consumer
33619929,Craig Yedwab,Quebec,Quebec,Consumer
33663686,Cyra Reiten,Yukon,Yukon,Consumer
33681614,Michael Chen,Quebec,Quebec,Consumer
33741844,Eleni McCrary,Ontario,Ontario,Home Office
33774473,Dan Campbell,Yukon,Yukon,Small Business
33816384,Claudia Miner,Nunavut,Nunavut,Small Business
33819770,Dave Poirier,Nova Scotia,Atlantic,Small Business
33887422,Grant Carroll,Prince Edward Island,Atlantic,Small Business
33888882,Alice McCarthy,Alberta,West,Corporate
33932452,Brian Moss,Manitoba,Prarie,Corporate
33950005,Rick Duston,Ontario,Ontario,Corporate
33980383,Joni Sundaresam,Ontario,Ontario,Home Office
34003222,Harry Greene,Alberta,West,Corporate
34013170,Craig Molinari,Saskachewan,Prarie,Small Business
34034789,Raymond Fair,Nova Scotia,Atlantic,Small Business
34037705,Pauline Johnson,New Brunswick,Atlantic,Corporate
34104001,Ben Peterman,Nova Scotia,Atlantic,Corporate
34111372,Muhammed Lee,Yukon,Yukon,Consumer
34113194,Joni Wasserman,Yukon,Yukon,Consumer
34136970,Erin Mull,New Brunswick,Atlantic,Small Business
34141840,Dan Lawera,Ontario,Ontario,Corporate
34167695,Harold Dahlen,Nova Scotia,Atlantic,Corporate
34181262,Andrew Roberts,Alberta,West,Home Office
34201014,Ricardo Block,Alberta,West,Corporate
34211408,Joy Smith,Prince Edward Island,Atlantic,Consumer
34287086,Jeremy Farry,Quebec,Quebec,Small Business
34288922,Tom Ashbrook,British Columbia,West,Home Office
34397851,Ben Peterman,Newfoundland,Atlantic,Corporate
34402979,Denise Monton,Manitoba,Prarie,Home Office
34481830,Andrew Gjertsen,Nunavut,Nunavut,Consumer
34495598,Cynthia Delaney,British Columbia,West,Corporate
34598354,Giulietta Baptist,Prince Edward Island,Atlantic,Home Office
34667672,Kelly Lampkin,Ontario,Ontario,Corporate
34697007,Helen Wasserman,Quebec,Quebec,Home Office
34725205,Beth Thompson,Prince Edward Island,Atlantic,Corporate
34751059,Maribeth Dona,New Brunswick,Atlantic,Home Office
34851166,Frank Hawley,Alberta,West,Home Office
35074595,Harold Engle,Manitoba,Prarie,Home Office
35080446,Roy Collins,Saskachewan,Prarie,Corporate
35123748,Matt Abelman,Nova Scotia,Atlantic,Home Office
35175537,Joseph Holt,Saskachewan,Prarie,Home Office
35183561,Erica Hernandez,Quebec,Quebec,Small Business
35248419,Erica Hernandez,Nova Scotia,Atlantic,Small Business
35250192,Deborah Brumfield,Manitoba,Prarie,Small Business
35264587,Craig Yedwab,Newfoundland,Atlantic,Corporate
35278592,Brendan Murry,Nova Scotia,Atlantic,Corporate
35330575,Darrin Sayre,Yukon,Yukon,Consumer
35404813,Dan Campbell,Nova Scotia,Atlantic,Small Business
35540504,Khloe Miller,British Columbia,West,Home Office
35573893,Nora Paige,Nova Scotia,Atlantic,Consumer
35637070,Patrick Gardner,New Brunswick,Atlantic,Consumer
35678860,Tony Sayre,Alberta,West,Small Business
35713813,Matthew Clasen,Manitoba,Prarie,Consumer
35731448,Roland Murray,Manitoba,Prarie,Home Office
36033925,Corey Catlett,Manitoba,Prarie,Home Office
36061198,George Zrebassa,Newfoundland,Atlantic,Home Office
36067157,Anne Pryor,Quebec,Quebec,Corporate
36115195,Muhammed MacIntyre,Prince Edward Island,Atlantic,Small Business
36195642,Brian Stugart,Ontario,Ontario,Corporate
36255546,Keith Dawkins,Manitoba,Prarie,Home Office
36349541,Dorothy Wardle,Nunavut,Nunavut,Corporate
36351985,Nicole Brennan,Nova Scotia,Atlantic,Consumer
36382841,Ivan Liston,British Columbia,West,Consumer
36405393,Deborah Brumfield,Nova Scotia,Atlantic,Corporate
36409282,Paul Lucas,Ontario,Ontario,Corporate
36409723,Troy Staebel,Nova Scotia,Atlantic,Small Business
36470311,Sean Christensen,Ontario,Ontario,Home Office
36554514,Kimberly Carter,British Columbia,West,Small Business
36773200,Elizabeth Moffitt,Nova Scotia,Atlantic,Consumer
36778322,Kean Thornton,Ontario,Ontario,Corporate
36785821,Linda Cazamias,Ontario,Ontario,Corporate
36941796,Julia Barnett,British Columbia,West,Corporate
36982496,Mike Kennedy,British Columbia,West,Corporate
36996940,Kean Nguyen,Ontario,Ontario,Small Business
37146022,Liz MacKendrick,Ontario,Ontario,Corporate
37199328,Dennis Bolton,Ontario,Ontario,Small Business
37204966,Patrick Bzostek,Ontario,Ontario,Consumer
37216054,Dean Katz,Yukon,Yukon,Home Office
37231359,Corey Roper,Yukon,Yukon,Small Business
37304343,Nick Radford,Manitoba,Prarie,Corporate
37451272,Theresa Coyne,Ontario,Ontario,Home Office
37469927,Katherine Ducich,British Columbia,West,Corporate
37499275,Sanjit Chand,British Columbia,West,Home Office
37535131,Cari Sayre,Alberta,West,Home Office
37575390,Shaun Chance,Alberta,West,Corporate
37603216,Liz Price,Nova Scotia,Atlantic,Corporate
37673316,Valerie Dominguez,Manitoba,Prarie,Corporate
37723659,David Kendrick,Quebec,Quebec,Home Office
37846168,Ashley Jarboe,Yukon,Yukon,Small Business
37999431,Tamara Manning,Alberta,West,Corporate
38030197,Christopher Schild,Manitoba,Prarie,Corporate
38038963,Greg Matthias,British Columbia,West,Home Office
38059837,Julia West,Northwest Territories,Northwest Territories,Home Office
38075002,Alejandro Grove,Ontario,Ontario,Corporate
38079848,Raymond Book,Alberta,West,Consumer
38157437,Mary O'Rourke,Manitoba,Prarie,Home Office
38191421,Neil Ducich,Manitoba,Prarie,Home Office
38262641,Tiffany House,Saskachewan,Prarie,Corporate
38268269,Julia West,Northwest Territories,Northwest Territories,Consumer
38326802,Jennifer Jackson,Saskachewan,Prarie,Home Office
38342784,Ralph Arnett,Northwest Territories,Northwest Territories,Consumer
38344188,Kristina Nunn,British Columbia,West,Consumer
38345574,Brad Thomas,Quebec,Quebec,Home Office
38377074,Ann Blume,Quebec,Quebec,Small Business
38512011,Barry Blumstein,British Columbia,West,Small Business
38551290,Ken Lonsdale,British Columbia,West,Consumer
38554560,Nicole Hansen,Nunavut,Nunavut,Small Business
38640449,Chuck Magee,Saskachewan,Prarie,Corporate
38671459,Michael Moore,Manitoba,Prarie,Corporate
38709595,Mark Hamilton,Saskachewan,Prarie,Home Office
38732068,Sue Ann Reed,Manitoba,Prarie,Consumer
38783437,Darrin Sayre,Quebec,Quebec,Consumer
38797703,Rick Wilson,Saskachewan,Prarie,Corporate
38922248,Brad Thomas,British Columbia,West,Home Office
38978375,Adrian Hane,Nunavut,Nunavut,Corporate
38984610,Ted Butterfield,Quebec,Quebec,Corporate
39007820,Emily Phan,New Brunswick,Atlantic,Consumer
39017689,Shahid Collister,Ontario,Ontario,Home Office
39020168,Magdelene Morse,Ontario,Ontario,Home Office
39049481,Juliana Krohn,British Columbia,West,Corporate
39086044,Alex Avila,British Columbia,West,Home Office
39112993,Denny Ordway,British Columbia,West,Small Business
39140094,Doug Bickford,Northwest Territories,Northwest Territories,Corporate
39250329,Grant Donatelli,Ontario,Ontario,Consumer
39306812,Joel Jenkins,Manitoba,Prarie,Corporate
39335289,Dorothy Badders,Northwest Territories,Northwest Territories,Home Office
39350213,Carlos Soltero,Manitoba,Prarie,Small Business
39390141,Fred McMath,Quebec,Quebec,Small Business
39400605,Arthur Prichep,Ontario,Ontario,Home Office
39471769,Meg O'Connel,Manitoba,Prarie,Corporate
39501159,Phillip Flathmann,Quebec,Quebec,Small Business
39521544,George Zrebassa,Quebec,Quebec,Home Office
39521873,Sally Knutson,British Columbia,West,Home Office
39591257,Craig Carroll,Alberta,West,Small Business
39669813,Phillina Ober,New Brunswick,Atlantic,Small Business
39765174,Robert Waldorf,Ontario,Ontario,Home Office
39901794,Ken Lonsdale,Alberta,West,Consumer
39916227,Sally Knutson,British Columbia,West,Consumer
40066662,Scott Williamson,Nova Scotia,Atlantic,Small Business
40155039,Rick Duston,Nova Scotia,Atlantic,Corporate
40189087,Ivan Liston,Ontario,Ontario,Consumer
40247213,Jennifer Patt,British Columbia,West,Home Office
40253199,Mick Brown,Alberta,West,Consumer
40300751,Dorris Love,Quebec,Quebec,Corporate
40318451,Neil Knudson,Saskachewan,Prarie,Home Office
40344994,Dennis Bolton,British Columbia,West,Small Business
40351884,Christopher Martinez,British Columbia,West,Home Office
40381618,Cynthia Arntzen,Ontario,Ontario,Home Office
40482968,Chuck Clark,Alberta,West,Corporate
40499981,Bobby Elias,Nova Scotia,Atlantic,Small Business
40500528,Philip Fox,Ontario,Ontario,Home Office
40571381,Don Weiss,Ontario,Ontario,Corporate
40573457,Ben Peterman,Ontario,Ontario,Corporate
40615970,Vivek Grady,Ontario,Ontario,Home Office
40629636,Duane Huffman,Ontario,Ontario,Small Business
40732966,"Tamara Dahlen,",Ontario,Ontario,Corporate
40872584,Elizabeth Moffitt,Quebec,Quebec,Consumer
40876754,Julia West,Prince Edward Island,Atlantic,Consumer
40880095,Shirley Jackson,Nova Scotia,Atlantic,Corporate
40923657,Bruce Stewart,Ontario,Ontario,Corporate
40929835,Eugene Moren,British Columbia,West,Home Office
40982916,Michael Stewart,Quebec,Quebec,Small Business
41053630,Benjamin Patterson,Yukon,Yukon,Corporate
41170795,Brian Thompson,Ontario,Ontario,Home Office
41191887,Alyssa Crouse,Alberta,West,Corporate
41264800,Tanja Norvell,Manitoba,Prarie,Corporate
41308400,Dean Percer,Nova Scotia,Atlantic,Home Office
41561683,Robert Waldorf,Manitoba,Prarie,Home Office
41626962,Carl Jackson,Nunavut,Nunavut,Corporate
41718644,Mick Brown,Yukon,Yukon,Consumer
41823417,Pierre Wener,Ontario,Ontario,Home Office
41926635,Cathy Hwang,Nova Scotia,Atlantic,Home Office
41939918,Alejandro Savely,Ontario,Ontario,Corporate
41989638,Victoria Pisteka,British Columbia,West,Corporate
42168628,Clay Rozendal,Northwest Territories,Northwest Territories,Corporate
42440910,Brad Thomas,Nova Scotia,Atlantic,Corporate
42701778,Dan Campbell,Yukon,Yukon,Corporate
42801539,Alex Grayson,Ontario,Ontario,Consumer
42880061,Denise Leinenbach,Ontario,Ontario,Home Office
42895043,Theresa Swint,Quebec,Quebec,Consumer
42911135,Aaron Smayling,Manitoba,Prarie,Small Business
42923007,Janet Martin,Quebec,Quebec,Corporate
42941089,Don Jones,Northwest Territories,Northwest Territories,Corporate
42985416,Tom Prescott,Alberta,West,Small Business
42995013,Anna Haberlin,Ontario,Ontario,Corporate
43018738,Beth Fritzler,Saskachewan,Prarie,Small Business
43111170,Benjamin Venier,Nova Scotia,Atlantic,Small Business
43122374,John Lucas,Ontario,Ontario,Small Business
43284892,Jay Fine,Nova Scotia,Atlantic,Consumer
43339092,Christine Abelman,New Brunswick,Atlantic,Corporate
43389672,Sarah Brown,Saskachewan,Prarie,Consumer
43506335,Sung Chung,Alberta,West,Home Office
43644616,Doug Jacobs,Quebec,Quebec,Home Office
43761129,Jim Sink,Prince Edward Island,Atlantic,Corporate
43820994,Doug O'Connell,British Columbia,West,Small Business
43859307,Christine Abelman,Alberta,West,Corporate
44235784,Liz Thompson,Manitoba,Prarie,Corporate
44297353,Anthony Garverick,Saskachewan,Prarie,Small Business
44368691,Brian Derr,Manitoba,Prarie,Small Business
44424960,David Bremer,Yukon,Yukon,Corporate
44475905,Deborah Brumfield,Quebec,Quebec,Small Business
44510740,Corinna Mitchell,Ontario,Ontario,Corporate
44637256,Maria Bertelson,Ontario,Ontario,Corporate
44667886,Quincy Jones,Yukon,Yukon,Small Business
44725860,Karen Bern,Saskachewan,Prarie,Corporate
44738936,Mike Pelletier,Northwest Territories,Northwest Territories,Small Business
44768806,Maria Zettner,Manitoba,Prarie,Corporate
44799824,Mark Haberlin,Yukon,Yukon,Small Business
44817590,Odella Nelson,Ontario,Ontario,Small Business
44863503,Grant Thornton,Quebec,Quebec,Corporate
44875137,Mary Zewe,Ontario,Ontario,Corporate
44905147,Dan Reichenbach,Prince Edward Island,Atlantic,Corporate
45040261,Jenna Caffey,Prince Edward Island,Atlantic,Consumer
45065842,Aaron Bergman,Nunavut,Nunavut,Corporate
45162841,Patrick O'Donnell,Ontario,Ontario,Home Office
45168399,Matt Collins,British Columbia,West,Consumer
45209405,Cynthia Voltz,Yukon,Yukon,Corporate
45307458,Meg O'Connel,Ontario,Ontario,Small Business
45311141,Carl Weiss,Alberta,West,Consumer
45316579,Ruben Ausman,Ontario,Ontario,Corporate
45504324,Andrew Gjertsen,Northwest Territories,Northwest Territories,Consumer
45612560,Christopher Conant,Alberta,West,Consumer
45622197,Laurel Elliston,New Brunswick,Atlantic,Home Office
45678228,Sara Luxemburg,Ontario,Ontario,Small Business
45684102,Stefania Perrino,Ontario,Ontario,Corporate
45692573,Nicole Hansen,Northwest Territories,Northwest Territories,Small Business
45703891,Matt Collister,Quebec,Quebec,Home Office
45725722,Dianna Wilson,Nova Scotia,Atlantic,Small Business
45730635,Frank Price,Nunavut,Nunavut,Corporate
45759427,Alex Grayson,Newfoundland,Atlantic,Consumer
45761281,Rick Reed,Quebec,Quebec,Consumer
45783303,Michael Stewart,British Columbia,West,Small Business
45914050,Noel Staavos,Nova Scotia,Atlantic,Home Office
45988213,Karl Brown,Yukon,Yukon,Home Office
45991563,Sylvia Foulston,Nunavut,Nunavut,Corporate
46170980,Sylvia Foulston,Nunavut,Nunavut,Home Office
46184923,Heather Kirkland,Northwest Territories,Northwest Territories,Home Office
46187622,Fred Wasserman,Northwest Territories,Northwest Territories,Home Office
46365602,Yana Sorensen,British Columbia,West,Corporate
46376110,Julia Dunbar,Manitoba,Prarie,Consumer
46389525,Sally Knutson,Nova Scotia,Atlantic,Corporate
46667676,Carol Darley,British Columbia,West,Home Office
46716126,Thomas Thornton,Yukon,Yukon,Consumer
46851405,Corey Roper,Newfoundland,Atlantic,Small Business
46897051,Irene Maddox,Yukon,Yukon,Consumer
46998039,Thomas Brumley,British Columbia,West,Consumer
47074631,Grace Kelly,Ontario,Ontario,Consumer
47216818,Rick Wilson,Ontario,Ontario,Consumer
47232636,Logan Currie,Manitoba,Prarie,Small Business
47237797,Michelle Huthwaite,Quebec,Quebec,Home Office
47273840,Ralph Knight,Northwest Territories,Northwest Territories,Consumer
47278754,Justin Hirsh,Quebec,Quebec,Consumer
47367472,Daniel Byrd,British Columbia,West,Home Office
47416847,Frank Gastineau,Saskachewan,Prarie,Small Business
47450738,Victoria Wilson,Ontario,Ontario,Home Office
47505924,Sara Luxemburg,Yukon,Yukon,Small Business
47596871,Brendan Murry,Quebec,Quebec,Corporate
47611253,Astrea Jones,Ontario,Ontario,Corporate
47672749,Nora Price,Quebec,Quebec,Home Office
47742901,Dave Kipp,British Columbia,West,Consumer
47754470,Aaron Hawkins,Ontario,Ontario,Home Office
47862852,Scot Coram,Ontario,Ontario,Corporate
47872917,Rob Dowd,British Columbia,West,Corporate
47933319,Bobby Trafton,Newfoundland,Atlantic,Small Business
47941506,Matthew Clasen,Ontario,Ontario,Consumer
48076280,Trudy Brown,Saskachewan,Prarie,Small Business
48301253,Hunter Lopez,Newfoundland,Atlantic,Consumer
48318195,Scott Cohen,Ontario,Ontario,Consumer
48333341,Alan Barnes,Nunavut,Nunavut,Corporate
48564444,Matt Abelman,British Columbia,West,Home Office
48663618,Evan Bailliet,Manitoba,Prarie,Corporate
48678937,Stewart Carmichael,British Columbia,West,Corporate
48698759,Allen Golden,Ontario,Ontario,Consumer
48705543,Beth Thompson,Nunavut,Nunavut,Corporate
48760545,Cynthia Arntzen,Ontario,Ontario,Small Business
48810863,Nathan Gelder,Ontario,Ontario,Home Office
48835684,Bobby Elias,Quebec,Quebec,Small Business
48889817,Aaron Smayling,Quebec,Quebec,Small Business
48928701,Noel Staavos,Newfoundland,Atlantic,Home Office
48962730,Jessica Myrick,Ontario,Ontario,Small Business
49065676,Katrina Willman,Ontario,Ontario,Consumer
49105511,Evan Henry,Nova Scotia,Atlantic,Corporate
49129535,Karen Daniels,Ontario,Ontario,Consumer
49229231,Sally Matthias,British Columbia,West,Home Office
49260132,Quincy Jones,Alberta,West,Small Business
49310468,Parhena Norris,British Columbia,West,Home Office
49397035,Rick Hansen,Saskachewan,Prarie,Home Office
49413655,David Smith,Ontario,Ontario,Small Business
49422276,Bradley Nguyen,Quebec,Quebec,Consumer
49488637,Claudia Miner,Northwest Territories,Northwest Territories,Small Business
49508194,Rose O'Brian,Ontario,Ontario,Home Office
49594142,Jeremy Lonsdale,Quebec,Quebec,Corporate
49819071,Victoria Pisteka,Yukon,Yukon,Corporate
49950601,Meg Tillman,Saskachewan,Prarie,Small Business
49978976,Ann Chong,Northwest Territories,Northwest Territories,Corporate
50035826,Nicole Brennan,Alberta,West,Consumer
50111887,Ruben Dartt,Alberta,West,Corporate
50130217,Bobby Odegard,Ontario,Ontario,Corporate
50165765,Deanra Eno,Nova Scotia,Atlantic,Corporate
50169727,Tracy Hopkins,Saskachewan,Prarie,Small Business
50179492,Brad Norvell,Manitoba,Prarie,Corporate
50274012,Eric Barreto,Nova Scotia,Atlantic,Small Business
50320111,Trudy Schmidt,Nova Scotia,Atlantic,Small Business
50327280,Edward Nazzal,Ontario,Ontario,Small Business
50378986,Michelle Lonsdale,Northwest Territories,Northwest Territories,Home Office
50383746,Luke Foster,Nova Scotia,Atlantic,Corporate
50446311,Bill Overfelt,Ontario,Ontario,Corporate
50465044,Evan Henry,Yukon,Yukon,Corporate
50623060,Edward Hooks,Prince Edward Island,Atlantic,Consumer
50645676,Daniel Lacy,British Columbia,West,Small Business
50681325,Dean Percer,Quebec,Quebec,Home Office
50764704,Vicky Freymann,Nova Scotia,Atlantic,Home Office
50857062,Adam Hart,British Columbia,West,Corporate
50882136,Barry French,Northwest Territories,Northwest Territories,Consumer
50888944,Maureen Grace,Manitoba,Prarie,Corporate
50890784,Dave Hallsten,Ontario,Ontario,Corporate
50955308,Tom Stivers,Quebec,Quebec,Corporate
51000782,Duane Noonan,British Columbia,West,Corporate
51018321,Guy Thornton,Manitoba,Prarie,Corporate
51054401,Khloe Miller,British Columbia,West,Corporate
51065809,Larry Tron,Alberta,West,Home Office
51140110,Phillip Breyer,New Brunswick,Atlantic,Corporate
51145168,Fred Wasserman,Ontario,Ontario,Home Office
51228970,Brenda Bowman,Saskachewan,Prarie,Small Business
51305287,Charlotte Melton,Northwest Territories,Northwest Territories,Home Office
51326221,Marc Crier,Manitoba,Prarie,Consumer
51328978,Amy Cox,Ontario,Ontario,Corporate
51397901,Karl Brown,Ontario,Ontario,Home Office
51465599,Benjamin Venier,Ontario,Ontario,Small Business
51472989,Rick Duston,Quebec,Quebec,Corporate
51524374,Giulietta Dortch,Nova Scotia,Atlantic,Corporate
51561429,Muhammed Yedwab,Newfoundland,Atlantic,Consumer
51874025,Eleni McCrary,Nova Scotia,Atlantic,Corporate
51909216,Grant Carroll,Ontario,Ontario,Small Business
51916993,Eleni McCrary,Newfoundland,Atlantic,Corporate
51927660,Julia Barnett,Yukon,Yukon,Corporate
51940252,Guy Armstrong,Manitoba,Prarie,Corporate
51963363,Michelle Lonsdale,Prince Edward Island,Atlantic,Corporate
52110240,Andy Reiter,Nova Scotia,Atlantic,Corporate
52197137,Liz Pelletier,Alberta,West,Corporate
52225170,Thea Hendricks,British Columbia,West,Home Office
52276520,Eric Barreto,British Columbia,West,Small Business
52282157,Barry Franz,Quebec,Quebec,Corporate
52287358,Muhammed Lee,Yukon,Yukon,Corporate
52327242,Emily Grady,Alberta,West,Home Office
52336254,Theresa Swint,Quebec,Quebec,Home Office
52428882,Tracy Poddar,Ontario,Ontario,Corporate
52483004,Katrina Bavinger,Manitoba,Prarie,Consumer
52563015,Theone Pippenger,Nova Scotia,Atlantic,Corporate
52636682,Troy Staebel,Quebec,Quebec,Small Business
52653679,Chuck Sachs,Ontario,Ontario,Consumer
52736224,Mark Haberlin,Quebec,Quebec,Small Business
52863444,Grant Thornton,Yukon,Yukon,Corporate
52866664,Jennifer Patt,Quebec,Quebec,Home Office
52914743,Cari Schnelling,Northwest Territories,Northwest Territories,Small Business
53094905,Maris LaWare,British Columbia,West,Home Office
53132484,Tim Taslimi,British Columbia,West,Corporate
53272704,Mike Kennedy,Manitoba,Prarie,Small Business
53475838,Adrian Hane,Northwest Territories,Northwest Territories,Corporate
53512689,Jeremy Ellison,Ontario,Ontario,Small Business
53537502,Darren Koutras,Nova Scotia,Atlantic,Consumer
53648269,Dana Kaydos,Manitoba,Prarie,Corporate
53726389,Joy Smith,Manitoba,Prarie,Corporate
53790877,Art Miller,British Columbia,West,Corporate
53838315,Troy Blackwell,Manitoba,Prarie,Home Office
53855677,Ross DeVincentis,Quebec,Quebec,Corporate
53897432,Nathan Cano,Manitoba,Prarie,Consumer
53947199,Lori Olson,New Brunswick,Atlantic,Consumer
54085164,Rick Bensley,Manitoba,Prarie,Consumer
54160156,Ralph Knight,Nunavut,Nunavut,Consumer
54172200,Bruce Degenhardt,Yukon,Yukon,Home Office
54177895,Greg Guthrie,Manitoba,Prarie,Small Business
54239905,William Brown,Saskachewan,Prarie,Home Office
54281616,David Flashing,Quebec,Quebec,Home Office
54281706,Juliana Krohn,Yukon,Yukon,Corporate
54537998,Joe Elijah,Manitoba,Prarie,Home Office
54575080,Craig Carroll,Ontario,Ontario,Corporate
54579533,Alex Grayson,Quebec,Quebec,Consumer
54579803,Max Ludwig,Saskachewan,Prarie,Corporate
54628732,Erin Ashbrook,Ontario,Ontario,Consumer
54637428,Cynthia Voltz,Newfoundland,Atlantic,Corporate
54678268,Harry Marie,Ontario,Ontario,Consumer
54861644,Yana Sorensen,Newfoundland,Atlantic,Corporate
54917669,Erica Bern,Manitoba,Prarie,Corporate
54976397,Susan Vittorini,Prince Edward Island,Atlantic,Corporate
55010642,Dave Kipp,Yukon,Yukon,Corporate
55032223,Giulietta Dortch,Yukon,Yukon,Corporate
55087610,Eric Barreto,Quebec,Quebec,Small Business
55098417,Sample Company A,Alberta,West,Home Office
55158361,Michael Kennedy,Quebec,Quebec,Corporate
55283064,Sarah Foster,Ontario,Ontario,Corporate
55332006,Katherine Murray,Ontario,Ontario,Home Office
55417339,Elpida Rittenbach,Nova Scotia,Atlantic,Consumer
55426523,Alan Dominguez,Alberta,West,Corporate
55459419,Michelle Ellison,Ontario,Ontario,Consumer
55460332,Julie Prescott,Ontario,Ontario,Home Office
55462305,Ricardo Block,Yukon,Yukon,Corporate
55544129,Penelope Sewall,Alberta,West,Home Office
55591205,Cindy Chapman,Yukon,Yukon,Consumer
55591849,Sanjit Jacobs,British Columbia,West,Consumer
55611186,Janet Martin,Yukon,Yukon,Corporate
55650115,Jason Fortune,Alberta,West,Corporate
55788434,Bruce Money,Alberta,West,Corporate
55790716,Alan Haines,Quebec,Quebec,Consumer
55792985,David Flashing,Nova Scotia,Atlantic,Consumer
55827442,Allen Rosenblatt,Northwest Territories,Northwest Territories,Small Business
55895790,Justin Knight,British Columbia,West,Corporate
55920460,Neil Knudson,Saskachewan,Prarie,Corporate
56055651,Anna Chung,Yukon,Yukon,Home Office
56068175,Shirley Jackson,Yukon,Yukon,Corporate
56266301,Jim Mitchum,Ontario,Ontario,Consumer
56320053,Kristen Hastings,Ontario,Ontario,Small Business
56352213,Pauline Chand,Ontario,Ontario,Corporate
56394562,Hallie Redmond,Manitoba,Prarie,Home Office
56512681,Dave Kipp,Yukon,Yukon,Consumer
56549626,Michelle Moray,Saskachewan,Prarie,Corporate
56602296,Harry Marie,Manitoba,Prarie,Consumer
56607056,Tracy Hopkins,Yukon,Yukon,Small Business
56674083,Brendan Sweed,Alberta,West,Consumer
56692640,Tonja Turnell,Alberta,West,Consumer
56693633,Justin Hirsh,British Columbia,West,Consumer
56764115,Jim Epp,New Brunswick,Atlantic,Small Business
56808082,Frank Atkinson,Newfoundland,Atlantic,Corporate
56861570,Michael Stewart,Nova Scotia,Atlantic,Small Business
56916595,Eva Jacobs,Saskachewan,Prarie,Home Office
56979805,Carl Ludwig,Northwest Territories,Northwest Territories,Corporate
57117060,Sarah Jordon,British Columbia,West,Consumer
57145231,Emily Phan,Nova Scotia,Atlantic,Consumer
57153957,Jack O'Briant,Nova Scotia,Atlantic,Small Business
57185034,Brad Thomas,Quebec,Quebec,Corporate
57227532,Christy Brittain,Ontario,Ontario,Consumer
57347993,Todd Boyes,Ontario,Ontario,Small Business
57407328,Stuart Calhoun,Ontario,Ontario,Consumer
57411052,Justin Deggeller,New Brunswick,Atlantic,Corporate
57428241,Rick Huthwaite,British Columbia,West,Corporate
57437214,Barry Weirich,Yukon,Yukon,Corporate
57458136,John Dryer,Saskachewan,Prarie,Corporate
57533478,Fred Harton,British Columbia,West,Home Office
57583255,Matt Connell,Ontario,Ontario,Corporate
57657373,Laura Armstrong,Ontario,Ontario,Corporate
57727451,Ed Jacobs,British Columbia,West,Small Business
57813441,Logan Haushalter,Manitoba,Prarie,Corporate
57830169,Shirley Jackson,Quebec,Quebec,Corporate
57930738,Giulietta Weimer,British Columbia,West,Home Office
57944229,Jenna Caffey,Ontario,Ontario,Consumer
57987295,Paul Prost,Saskachewan,Prarie,Corporate
57991979,Clytie Kelty,Alberta,West,Small Business
58046234,Paul Prost,Ontario,Ontario,Corporate
58129492,Philip Brown,Prince Edward Island,Atlantic,Corporate
58178202,Valerie Takahito,Alberta,West,Consumer
58189342,Jonathan Doherty,Saskachewan,Prarie,Corporate
58302349,Pete Takahito,Quebec,Quebec,Corporate
58381259,Carlos Meador,Newfoundland,Atlantic,Corporate
58580475,Brian DeCherney,Alberta,West,Corporate
58681809,Dave Poirier,Ontario,Ontario,Small Business
58724414,Matt Abelman,Manitoba,Prarie,Consumer
58852314,Max Jones,Ontario,Ontario,Home Office
58914971,Katrina Willman,Quebec,Quebec,Consumer
58915465,Mitch Willingham,Saskachewan,Prarie,Corporate
58941026,Michael Paige,Quebec,Quebec,Small Business
58951505,Chris Selesnick,Ontario,Ontario,Home Office
58986820,Mark Cousins,Ontario,Ontario,Home Office
59040054,Giulietta Dortch,Quebec,Quebec,Consumer
59062935,Naresj Patel,Ontario,Ontario,Corporate
59074343,Philisse Overcash,Nova Scotia,Atlantic,Small Business
59235527,Alan Shonely,Quebec,Quebec,Small Business
59254130,Grant Carroll,Northwest Territories,Northwest Territories,Small Business
59257458,Kalyca Meade,Ontario,Ontario,Corporate
59356019,Adrian Barton,Alberta,West,Small Business
59398504,Sara Luxemburg,British Columbia,West,Small Business
59398695,Dave Poirier,Quebec,Quebec,Small Business
59426264,Grant Thornton,British Columbia,West,Corporate
59440797,Nicole Brennan,Yukon,Yukon,Consumer
59450419,Naresj Patel,Ontario,Ontario,Small Business
59478070,Michael Grace,Saskachewan,Prarie,Corporate
59523989,Allen Armold,Yukon,Yukon,Home Office
59645894,Nathan Mautz,New Brunswick,Atlantic,Corporate
59694432,Darren Koutras,Alberta,West,Consumer
59819667,Matt Collister,Ontario,Ontario,Home Office
59862529,Keith Herrera,Quebec,Quebec,Corporate
59879429,Sara Luxemburg,Nova Scotia,Atlantic,Corporate
59879672,Jim Radford,Nunavut,Nunavut,Corporate
59981908,Meg O'Connel,Ontario,Ontario,Corporate
60006070,Lena Hernandez,Nova Scotia,Atlantic,Home Office
60048038,George Zrebassa,Nova Scotia,Atlantic,Small Business
60083352,Justin MacKendrick,Quebec,Quebec,Corporate
60181220,Phillip Flathmann,Manitoba,Prarie,Small Business
60200887,Joy Smith,Prince Edward Island,Atlantic,Corporate
60230536,Heather Jas,British Columbia,West,Corporate
60345992,Barry French,Nunavut,Nunavut,Consumer
60402655,Lindsay Williams,Manitoba,Prarie,Corporate
60559394,Pauline Webber,Alberta,West,Consumer
60636010,Roy Phan,Alberta,West,Corporate
60748072,Daniel Lacy,Alberta,West,Small Business
60748220,Sean Braxton,Manitoba,Prarie,Small Business
60780393,Stefania Perrino,Saskachewan,Prarie,Corporate
60796863,Jill Fjeld,Manitoba,Prarie,Home Office
60814472,Karen Carlisle,British Columbia,West,Corporate
60849801,Erica Hernandez,Ontario,Ontario,Small Business
60937343,Tony Sayre,Alberta,West,Home Office
61047485,Grant Carroll,Nunavut,Nunavut,Small Business
61069874,Katherine Murray,Nova Scotia,Atlantic,Home Office
61094278,Roland Black,Nova Scotia,Atlantic,Small Business
61100400,Daniel Byrd,Alberta,West,Home Office
61248797,Cynthia Arntzen,Saskachewan,Prarie,Home Office
61322431,Brian Thompson,Quebec,Quebec,Home Office
61340538,Barry Weirich,Northwest Territories,Northwest Territories,Corporate
61395005,John Castell,Ontario,Ontario,Consumer
61502376,Emily Phan,British Columbia,West,Consumer
61503030,Mark Cousins,Ontario,Ontario,Corporate
61555104,Jack O'Briant,Saskachewan,Prarie,Small Business
61582442,Liz Thompson,Ontario,Ontario,Corporate
61616872,Fred McMath,Nova Scotia,Atlantic,Small Business
61652309,Matt Abelman,Manitoba,Prarie,Home Office
61746358,Pete Armstrong,Ontario,Ontario,Consumer
61795149,Ann Steele,Alberta,West,Corporate
61800710,Ken Brennan,Ontario,Ontario,Consumer
61807764,Andy Yotov,Alberta,West,Corporate
61874205,Thomas Seio,Northwest Territories,Northwest Territories,Home Office
61907970,Christina Vanderzanden,Ontario,Ontario,Small Business
61997425,Katherine Nockton,Ontario,Ontario,Home Office
62248248,Ricardo Emerson,Nova Scotia,Atlantic,Corporate
62373543,Stefania Perrino,Quebec,Quebec,Corporate
62437020,Aimee Bixby,Ontario,Ontario,Home Office
62607421,Robert Dilbeck,Saskachewan,Prarie,Corporate
62684908,Brad Eason,Nunavut,Nunavut,Small Business
62695095,Ed Braxton,Manitoba,Prarie,Consumer
62867073,Emily Grady,Saskachewan,Prarie,Home Office
62872976,Peter Buhler,Yukon,Yukon,Consumer
62925640,Natalie Webber,Newfoundland,Atlantic,Consumer
62950076,Michael Nguyen,Ontario,Ontario,Small Business
62992734,Rachel Payne,Manitoba,Prarie,Consumer
63128167,Liz Willingham,Ontario,Ontario,Corporate
63204716,Herbert Flentye,Ontario,Ontario,Small Business
63210192,Barbara Fisher,British Columbia,West,Small Business
63230005,Harold Dahlen,Newfoundland,Atlantic,Corporate
63248104,Sue Ann Reed,Alberta,West,Consumer
63292596,Kean Thornton,British Columbia,West,Corporate
63405025,Ed Braxton,Yukon,Yukon,Consumer
63444550,Darren Budd,Yukon,Yukon,Home Office
63476354,Tom Stivers,Quebec,Quebec,Small Business
63543640,John Grady,Nova Scotia,Atlantic,Corporate
63543862,Rick Wilson,Ontario,Ontario,Corporate
63582475,Xylona Price,Ontario,Ontario,Corporate
63590330,Brad Eason,Northwest Territories,Northwest Territories,Small Business
63686255,Tim Brockman,Alberta,West,Consumer
63834266,Christy Brittain,British Columbia,West,Consumer
63896343,Filia McAdams,Ontario,Ontario,Small Business
63992081,Bobby Odegard,Ontario,Ontario,Consumer
64043844,Justin Hirsh,Nova Scotia,Atlantic,Consumer
64147312,Amy Cox,Ontario,Ontario,Small Business
64261965,Lena Hernandez,British Columbia,West,Home Office
64312175,Michelle Ellison,Ontario,Ontario,Small Business
64317679,Hallie Redmond,Ontario,Ontario,Home Office
64349381,Dana Kaydos,British Columbia,West,Corporate
64392832,Laurel Workman,Alberta,West,Home Office
64444841,Becky Pak,Alberta,West,Corporate
64537698,Alan Haines,Quebec,Quebec,Home Office
64626802,Shui Tom,Alberta,West,Consumer
64639386,Chuck Magee,Prince Edward Island,Atlantic,Corporate
64666110,Eric Hoffmann,Manitoba,Prarie,Small Business
64709810,Sanjit Engle,Manitoba,Prarie,Home Office
64766657,Paul Knutson,Ontario,Ontario,Corporate
64790573,Jack Lebron,Prince Edward Island,Atlantic,Corporate
64891803,Amy Cox,Nova Scotia,Atlantic,Small Business
64928711,Saphhira Shifley,Saskachewan,Prarie,Corporate
64934778,Paul Gonzalez,Prince Edward Island,Atlantic,Corporate
64966840,Mark Cousins,Manitoba,Prarie,Corporate
64970238,Kimberly Carter,Quebec,Quebec,Small Business
65013142,Kelly Lampkin,Ontario,Ontario,Home Office
65028410,Joni Blumstein,Ontario,Ontario,Home Office
65058193,Don Miller,Nunavut,Nunavut,Home Office
65158225,Aleksandra Gannaway,Yukon,Yukon,Home Office
65176427,Brian Thompson,Manitoba,Prarie,Home Office
65181272,Rob Haberlin,British Columbia,West,Corporate
65251160,Brad Thomas,Nova Scotia,Atlantic,Home Office
65383349,Christy Brittain,Nova Scotia,Atlantic,Consumer
65395856,Randy Ferguson,Saskachewan,Prarie,Corporate
65429002,David Kendrick,British Columbia,West,Home Office
65592088,Mick Crebagga,Manitoba,Prarie,Home Office
65628978,Art Foster,Ontario,Ontario,Home Office
65676679,Ben Peterman,Quebec,Quebec,Corporate
65757696,Tamara Willingham,British Columbia,West,Corporate
65762504,Erica Smith,Alberta,West,Small Business
65794635,Carol Triggs,Quebec,Quebec,Corporate
65797980,Jack O'Briant,Saskachewan,Prarie,Home Office
65938413,George Bell,Ontario,Ontario,Corporate
65989311,Jack Garza,Nunavut,Nunavut,Corporate
65993654,Anna Andreadi,British Columbia,West,Small Business
66098717,Anthony Johnson,Northwest Territories,Northwest Territories,Small Business
66129254,Carlos Daly,Nunavut,Nunavut,Home Office
66316082,Karen Ferguson,Quebec,Quebec,Corporate
66362746,Anthony O'Donnell,British Columbia,West,Corporate
66378277,Edward Becker,Ontario,Ontario,Home Office
66496454,Paul Knutson,Quebec,Quebec,Corporate
66524971,Eric Barreto,Yukon,Yukon,Small Business
66658318,Cari MacIntyre,Alberta,West,Corporate
66982166,Nathan Mautz,New Brunswick,Atlantic,Home Office
67028724,Bobby Trafton,Quebec,Quebec,Corporate
67135124,Pamela Coakley,Ontario,Ontario,Corporate
67300487,Giulietta Dortch,Yukon,Yukon,Small Business
67304326,Craig Carreira,Saskachewan,Prarie,Corporate
67374454,Logan Haushalter,Prince Edward Island,Atlantic,Corporate
67448304,Cynthia Delaney,Quebec,Quebec,Home Office
67516943,Julia Dunbar,Alberta,West,Consumer
67518302,Paul Van Hugh,British Columbia,West,Consumer
67539279,Adam Hart,Yukon,Yukon,Corporate
67546025,Matt Abelman,Nova Scotia,Atlantic,Small Business
67565029,Neil Ducich,British Columbia,West,Home Office
67569954,Joy Daniels,Manitoba,Prarie,Corporate
67636836,Sally Matthias,Nova Scotia,Atlantic,Home Office
67755932,Joy Bell,Northwest Territories,Northwest Territories,Home Office
67791714,Bill Shonely,Quebec,Quebec,Small Business
67831942,Astrea Jones,Newfoundland,Atlantic,Corporate
67857024,Patrick O'Brill,British Columbia,West,Home Office
67873838,Andy Reiter,Quebec,Quebec,Corporate
67879495,Julia Barnett,Quebec,Quebec,Corporate
67912275,Dorothy Wardle,Northwest Territories,Northwest Territories,Corporate
67946772,Jack O'Briant,Nova Scotia,Atlantic,Consumer
68005331,Eric Barreto,British Columbia,West,Consumer
68157819,Eugene Barchas,Nunavut,Nunavut,Corporate
68205763,Barry Weirich,British Columbia,West,Corporate
68210083,Alan Shonely,Nova Scotia,Atlantic,Small Business
68213457,Mark Packer,Ontario,Ontario,Small Business
68223869,Beth Paige,Nunavut,Nunavut,Consumer
68382142,Nicole Brennan,Quebec,Quebec,Home Office
68418756,Jesus Ocampo,Ontario,Ontario,Small Business
68423234,Ann Chong,Nunavut,Nunavut,Corporate
68444699,Jim Karlsson,Ontario,Ontario,Small Business
68464052,Bill Donatelli,Ontario,Ontario,Corporate
68723117,Sally Knutson,British Columbia,West,Small Business
68894717,Mark Haberlin,British Columbia,West,Small Business
68911769,Corinna Mitchell,Newfoundland,Atlantic,Corporate
68926150,Mark Cousins,British Columbia,West,Corporate
69084540,Michelle Tran,Quebec,Quebec,Consumer
69136105,Hallie Redmond,Manitoba,Prarie,Small Business
69252035,Harold Ryan,Ontario,Ontario,Home Office
69306501,Dianna Vittorini,Yukon,Yukon,Corporate
69372586,Darren Budd,Yukon,Yukon,Consumer
69473872,Liz Pelletier,Saskachewan,Prarie,Corporate
69476484,Mike Kennedy,British Columbia,West,Small Business
69488635,Bart Folk,British Columbia,West,Corporate
69496209,Tony Molinari,Quebec,Quebec,Corporate
69504145,Katrina Willman,New Brunswick,Atlantic,Consumer
69563791,Matthew Grinstein,Alberta,West,Small Business
69566389,Daniel Raglin,Ontario,Ontario,Corporate
69572908,Karen Carlisle,Yukon,Yukon,Home Office
69641516,Eva Jacobs,British Columbia,West,Home Office
69737688,Darren Budd,Quebec,Quebec,Corporate
69958724,Amy Cox,Yukon,Yukon,Corporate
69981415,Luke Schmidt,Saskachewan,Prarie,Home Office
69983258,Giulietta Dortch,Quebec,Quebec,Corporate
70050666,Sung Shariari,Saskachewan,Prarie,Corporate
70121056,Jason Klamczynski,Quebec,Quebec,Home Office
70190430,Erica Smith,Ontario,Ontario,Small Business
70199009,Bradley Drucker,British Columbia,West,Small Business
70286456,Roland Fjeld,Yukon,Yukon,Corporate
70401594,Tracy Poddar,Nova Scotia,Atlantic,Corporate
70402918,Deborah Brumfield,Nova Scotia,Atlantic,Small Business
70563874,Mark Cousins,British Columbia,West,Home Office
70664347,Shui Tom,Alberta,West,Home Office
70665879,Carlos Soltero,Manitoba,Prarie,Consumer
70709692,Roland Black,Manitoba,Prarie,Small Business
70826606,Harold Dahlen,Newfoundland,Atlantic,Consumer
70839917,Bradley Drucker,Nova Scotia,Atlantic,Small Business
70860081,Harold Pawlan,Alberta,West,Small Business
70909580,Stefanie Holloman,Manitoba,Prarie,Small Business
70910022,Roy Phan,Alberta,West,Consumer
70928312,Mitch Gastineau,Alberta,West,Small Business
70937265,Toby Carlisle,Saskachewan,Prarie,Home Office
70969686,Jennifer Braxton,Manitoba,Prarie,Small Business
71078600,Alejandro Savely,British Columbia,West,Corporate
71098769,Pete Takahito,Ontario,Ontario,Corporate
71138125,Aleksandra Gannaway,British Columbia,West,Home Office
71142278,Skye Norling,Northwest Territories,Northwest Territories,Home Office
71235667,Dianna Arnett,Ontario,Ontario,Home Office
71252044,Nathan Mautz,Manitoba,Prarie,Home Office
71256328,Deanra Eno,Ontario,Ontario,Corporate
71376437,Damala Kotsonis,Nova Scotia,Atlantic,Corporate
71417179,Phillina Ober,Alberta,West,Small Business
71428407,Benjamin Venier,Quebec,Quebec,Small Business
71445870,Tony Chapman,British Columbia,West,Consumer
71514953,Nicole Fjeld,Saskachewan,Prarie,Small Business
71600295,Tony Sayre,Quebec,Quebec,Small Business
71604925,Brad Eason,Ontario,Ontario,Small Business
71617670,Quincy Jones,New Brunswick,Atlantic,Home Office
71636340,Kean Thornton,Yukon,Yukon,Corporate
71683306,Tom Prescott,Quebec,Quebec,Small Business
71683979,Steve Carroll,British Columbia,West,Consumer
71736805,Chad Sievert,Nova Scotia,Atlantic,Corporate
71789022,Helen Abelman,Manitoba,Prarie,Home Office
71827888,Cyma Kinney,Alberta,West,Small Business
71841102,Philisse Overcash,British Columbia,West,Small Business
72058336,Roy Skaria,British Columbia,West,Corporate
72112650,Cynthia Delaney,Quebec,Quebec,Corporate
72355770,Sean Wendt,Manitoba,Prarie,Corporate
72387039,Dennis Bolton,Nova Scotia,Atlantic,Small Business
72489079,Denise Monton,Saskachewan,Prarie,Home Office
72667470,Bill Donatelli,Ontario,Ontario,Small Business
72691604,MaryBeth Skach,Saskachewan,Prarie,Home Office
72728792,Becky Martin,Nova Scotia,Atlantic,Home Office
72796983,Yana Sorensen,Yukon,Yukon,Corporate
72854769,Jas O'Carroll,Ontario,Ontario,Home Office
72906222,Tracy Hopkins,British Columbia,West,Small Business
72908273,Khloe Miller,British Columbia,West,Consumer
73053407,Mike Vittorini,British Columbia,West,Small Business
73091440,Bill Shonely,Yukon,Yukon,Small Business
73150949,Chuck Magee,Manitoba,Prarie,Corporate
73163398,Eric Barreto,Newfoundland,Atlantic,Consumer
73221313,Patrick Bzostek,British Columbia,West,Consumer
73316576,Lindsay Shagiari,Ontario,Ontario,Home Office
73337961,Don Miller,Northwest Territories,Northwest Territories,Home Office
73410196,Maureen Gastineau,Quebec,Quebec,Consumer
73429118,Carl Jackson,Northwest Territories,Northwest Territories,Home Office
73495450,Emily Burns,British Columbia,West,Home Office
73634331,Philip Brown,Prince Edward Island,Atlantic,Home Office
73720984,Kristina Nunn,Nova Scotia,Atlantic,Consumer
73763693,Deanra Eno,Quebec,Quebec,Corporate
73798026,Susan Vittorini,Northwest Territories,Northwest Territories,Corporate
73805224,Chloris Kastensmidt,Alberta,West,Consumer
73881886,Christine Sundaresam,Manitoba,Prarie,Small Business
73907286,Denny Joy,Ontario,Ontario,Corporate
73918793,Becky Martin,Ontario,Ontario,Home Office
73939563,Duane Benoit,Ontario,Ontario,Home Office
73966703,Linda Southworth,Manitoba,Prarie,Consumer
74001204,Roy Skaria,Northwest Territories,Northwest Territories,Corporate
74002740,Saphhira Shifley,Saskachewan,Prarie,Consumer
74011642,Eric Barreto,Quebec,Quebec,Consumer
74076626,Ionia McGrath,New Brunswick,Atlantic,Home Office
74126979,Allen Armold,British Columbia,West,Home Office
74145267,Michelle Lonsdale,Northwest Territories,Northwest Territories,Corporate
74374530,Katherine Hughes,New Brunswick,Atlantic,Consumer
74478263,Chuck Sachs,Newfoundland,Atlantic,Consumer
74510177,James Galang,New Brunswick,Atlantic,Consumer
74518551,Helen Andreada,Manitoba,Prarie,Corporate
74561513,Georgia Rosenberg,Alberta,West,Consumer
74639533,Tamara Chand,Ontario,Ontario,Consumer
74751086,Elizabeth Moffitt,British Columbia,West,Consumer
74751607,Carol Darley,British Columbia,West,Small Business
74757853,Ken Dana,Alberta,West,Corporate
74780468,Sung Pak,Alberta,West,Small Business
74945261,Jim Sink,Ontario,Ontario,Corporate
75226845,Maureen Fritzler,Ontario,Ontario,Corporate
75234630,Lisa Hazard,Alberta,West,Home Office
75280011,Dave Hallsten,Quebec,Quebec,Home Office
75286027,Jeremy Pistek,Yukon,Yukon,Corporate
75296554,Deborah Brumfield,Manitoba,Prarie,Corporate
75322156,Anne Pryor,Quebec,Quebec,Consumer
75446618,Dave Poirier,British Columbia,West,Small Business
75540073,Craig Yedwab,Nova Scotia,Atlantic,Corporate
75566934,Muhammed MacIntyre,Northwest Territories,Northwest Territories,Small Business
75726086,Sheri Gordon,Quebec,Quebec,Corporate
75768983,Brian Stugart,Ontario,Ontario,Consumer
75793638,Fred Hopkins,Ontario,Ontario,Home Office
75827252,Hilary Holden,Manitoba,Prarie,Corporate
75843176,Mike Kennedy,Nova Scotia,Atlantic,Corporate
75847676,Chris Cortes,Ontario,Ontario,Consumer
75858772,Craig Leslie,Saskachewan,Prarie,Consumer
76000431,Nicole Brennan,Manitoba,Prarie,Consumer
76055280,Doug Jacobs,Nova Scotia,Atlantic,Home Office
76068895,Denise Leinenbach,Quebec,Quebec,Home Office
76162149,Sandra Glassco,Ontario,Ontario,Home Office
76208299,Lycoris Saunders,Saskachewan,Prarie,Corporate
76281881,Nora Paige,British Columbia,West,Small Business
76319822,Mike Kennedy,Manitoba,Prarie,Corporate
76323470,Cathy Hwang,Quebec,Quebec,Home Office
76333349,Theresa Swint,Manitoba,Prarie,Small Business
76435482,David Flashing,Nova Scotia,Atlantic,Home Office
76457359,Darren Powers,Ontario,Ontario,Corporate
76482154,Bobby Odegard,Alberta,West,Corporate
76497937,Patrick O'Brill,Nova Scotia,Atlantic,Home Office
76519514,Anemone Ratner,Ontario,Ontario,Small Business
76590642,Nora Pelletier,Manitoba,Prarie,Home Office
76651111,Pauline Webber,Saskachewan,Prarie,Consumer
76814747,Arthur Gainer,Manitoba,Prarie,Corporate
76850542,Neola Schneider,Nunavut,Nunavut,Home Office
76978560,Roland Fjeld,British Columbia,West,Corporate
77009680,Rob Beeghly,Saskachewan,Prarie,Consumer
77037253,Bill Tyler,Quebec,Quebec,Consumer
77040900,Beth Paige,Northwest Territories,Northwest Territories,Consumer
77066787,Matt Abelman,Nova Scotia,Atlantic,Consumer
77082747,Julie Kriz,Nova Scotia,Atlantic,Corporate
77096796,Carlos Meador,Quebec,Quebec,Consumer
77123402,Laura Armstrong,Ontario,Ontario,Small Business
77243589,Bill Eplett,Quebec,Quebec,Corporate
77343403,Jennifer Ferguson,Saskachewan,Prarie,Corporate
77418915,Jennifer Braxton,Prince Edward Island,Atlantic,Small Business
77512636,Eric Murdock,Newfoundland,Atlantic,Home Office
77514197,Bill Tyler,Yukon,Yukon,Consumer
77579377,Berenike Kampe,Nova Scotia,Atlantic,Corporate
77652417,Lindsay Castell,Saskachewan,Prarie,Small Business
77821610,Bill Eplett,British Columbia,West,Corporate
77906630,Eric Barreto,Ontario,Ontario,Small Business
77916927,Bill Eplett,Ontario,Ontario,Corporate
77951322,Debra Catini,Nova Scotia,Atlantic,Small Business
78017605,Joni Wasserman,British Columbia,West,Consumer
78116987,Eugene Barchas,Northwest Territories,Northwest Territories,Corporate
78118572,Philip Brown,Ontario,Ontario,Corporate
78224739,Noel Staavos,Quebec,Quebec,Home Office
78253758,Barry Weirich,Nova Scotia,Atlantic,Corporate
78357289,Carl Ludwig,Nunavut,Nunavut,Corporate
78620006,Christine Kargatis,Ontario,Ontario,Small Business
78666432,Giulietta Dortch,Ontario,Ontario,Corporate
78750599,Bradley Talbott,Nova Scotia,Atlantic,Corporate
78769548,Anne Pryor,Quebec,Quebec,Home Office
78858148,Michelle Lonsdale,Nunavut,Nunavut,Home Office
79088641,Seth Vernon,British Columbia,West,Home Office
79197180,Jack O'Briant,Saskachewan,Prarie,Consumer
79221218,Joseph Airdo,Ontario,Ontario,Consumer
79235541,Paul Lucas,Yukon,Yukon,Corporate
79337791,Brad Thomas,Yukon,Yukon,Home Office
79410087,Amy Hunt,Saskachewan,Prarie,Small Business
79423257,Patrick Jones,New Brunswick,Atlantic,Home Office
79430948,Ann Blume,Ontario,Ontario,Corporate
79432579,Joel Eaton,Saskachewan,Prarie,Home Office
79533912,Ken Black,Manitoba,Prarie,Consumer
79648189,Bradley Talbott,Nova Scotia,Atlantic,Small Business
79674261,Ted Trevino,Ontario,Ontario,Corporate
79695933,Muhammed Lee,Newfoundland,Atlantic,Consumer
79708464,Corey Catlett,British Columbia,West,Home Office
79755549,Toby Swindell,Saskachewan,Prarie,Small Business
79773068,Rob Lucas,Yukon,Yukon,Small Business
79845128,Alex Grayson,Nova Scotia,Atlantic,Consumer
79874489,Joni Wasserman,Nova Scotia,Atlantic,Consumer
79954809,Lauren Leatherbury,Alberta,West,Corporate
80187376,Carlos Meador,Quebec,Quebec,Corporate
80321883,Keith Herrera,Newfoundland,Atlantic,Small Business
80357374,David Philippe,Nova Scotia,Atlantic,Consumer
80369893,Jill Stevenson,Manitoba,Prarie,Consumer
80406839,Dan Campbell,British Columbia,West,Corporate
80476389,Muhammed MacIntyre,Nunavut,Nunavut,Small Business
80666018,Patrick Ryan,Manitoba,Prarie,Corporate
80699720,Harold Dahlen,Quebec,Quebec,Corporate
80727603,Amy Hunt,Saskachewan,Prarie,Home Office
80862950,Arthur Gainer,Alberta,West,Consumer
80914914,Anthony Johnson,British Columbia,West,Small Business
81122390,Tony Sayre,Quebec,Quebec,Home Office
81245085,Ann Blume,Nova Scotia,Atlantic,Corporate
81275177,Sean O'Donnell,Ontario,Ontario,Corporate
81380802,Victoria Brennan,Alberta,West,Small Business
81466627,Chuck Sachs,Nova Scotia,Atlantic,Consumer
81625168,Aaron Hawkins,Nova Scotia,Atlantic,Home Office
81638890,Dianna Arnett,Quebec,Quebec,Home Office
81675705,Joseph Airdo,Manitoba,Prarie,Corporate
81677975,Craig Yedwab,Nova Scotia,Atlantic,Consumer
81685115,Harold Dahlen,British Columbia,West,Consumer
81690820,Susan Gilcrest,Saskachewan,Prarie,Home Office
81751203,Bobby Trafton,Nova Scotia,Atlantic,Corporate
81815032,Eudokia Martin,Ontario,Ontario,Home Office
81843446,John Murray,Alberta,West,Small Business
81859317,Claire Good,Alberta,West,Home Office
81882214,Eugene Barchas,Northwest Territories,Northwest Territories,Home Office
81884459,Becky Castell,Northwest Territories,Northwest Territories,Consumer
81910228,Cathy Hwang,Newfoundland,Atlantic,Home Office
81921479,Michael Oakman,Manitoba,Prarie,Small Business
81926227,Christine Sundaresam,Ontario,Ontario,Small Business
81927718,Liz Willingham,Nova Scotia,Atlantic,Home Office
81950874,Steven Cartwright,Manitoba,Prarie,Home Office
81976054,Nathan Mautz,British Columbia,West,Home Office
82151975,Ivan Liston,Nova Scotia,Atlantic,Consumer
82163884,Tanja Norvell,Nova Scotia,Atlantic,Consumer
82208002,Shaun Weien,Manitoba,Prarie,Home Office
82335880,Aleksandra Gannaway,New Brunswick,Atlantic,Corporate
82362036,Eva Jacobs,Ontario,Ontario,Home Office
82445538,Darren Budd,Ontario,Ontario,Home Office
82471832,Katharine Harms,Alberta,West,Consumer
82491541,Troy Staebel,Newfoundland,Atlantic,Small Business
82519801,Natalie Webber,Nova Scotia,Atlantic,Corporate
82540287,Neola Schneider,Northwest Territories,Northwest Territories,Home Office
82568232,Amy Cox,Newfoundland,Atlantic,Small Business
82597127,Sharelle Roach,Alberta,West,Home Office
82716098,Ken Dana,Alberta,West,Small Business
82724306,Muhammed Lee,Nova Scotia,Atlantic,Consumer
82879640,Bobby Elias,Ontario,Ontario,Small Business
82953034,Benjamin Venier,Yukon,Yukon,Small Business
83020097,Art Foster,British Columbia,West,Home Office
83021824,Carol Adams,Quebec,Quebec,Corporate
83023492,Lindsay Castell,Saskachewan,Prarie,Corporate
83042763,Dean Katz,British Columbia,West,Home Office
83053562,Maureen Gastineau,Nova Scotia,Atlantic,Consumer
83294535,Jack Lebron,Northwest Territories,Northwest Territories,Corporate
83297869,Muhammed Lee,British Columbia,West,Corporate
83349544,Elpida Rittenbach,Manitoba,Prarie,Consumer
83349693,Ben Ferrer,Ontario,Ontario,Corporate
83589867,Nicole Brennan,Newfoundland,Atlantic,Consumer
83620837,Scott Cohen,British Columbia,West,Consumer
83693488,Natalie Webber,Manitoba,Prarie,Consumer
83738891,Frank Hawley,Ontario,Ontario,Home Office
83750888,George Ashbrook,Ontario,Ontario,Consumer
83808705,Adam Shillingsburg,Alberta,West,Corporate
83848290,Frank Gastineau,Alberta,West,Small Business
83933572,Jay Fine,British Columbia,West,Consumer
83966780,Edward Hooks,Nunavut,Nunavut,Consumer
84184775,Harold Engle,Manitoba,Prarie,Consumer
84497472,Khloe Miller,Nova Scotia,Atlantic,Home Office
84599405,Joel Jenkins,Ontario,Ontario,Corporate
84624337,Frank Atkinson,Prince Edward Island,Atlantic,Corporate
84641727,Cindy Chapman,Yukon,Yukon,Corporate
84747948,Chuck Sachs,Quebec,Quebec,Consumer
84793691,Brad Thomas,Yukon,Yukon,Corporate
84795584,Carlos Soltero,Northwest Territories,Northwest Territories,Small Business
84895139,Sarah Bern,Nova Scotia,Atlantic,Corporate
84941883,Bobby Trafton,British Columbia,West,Small Business
85106157,Harold Dahlen,Saskachewan,Prarie,Consumer
85111166,Annie Thurman,Alberta,West,Consumer
85156954,Carlos Meador,Ontario,Ontario,Corporate
85163678,Rob Haberlin,Ontario,Ontario,Consumer
85212736,Tim Taslimi,Yukon,Yukon,Corporate
85252360,David Kendrick,Ontario,Ontario,Home Office
85276518,Tom Stivers,Saskachewan,Prarie,Small Business
85401643,Noel Staavos,Ontario,Ontario,Home Office
85418259,Meg Tillman,Manitoba,Prarie,Small Business
85518221,Liz Pelletier,Saskachewan,Prarie,Home Office
85555346,Vivian Mathis,Quebec,Quebec,Home Office
85580048,Harold Dahlen,Alberta,West,Corporate
85598616,Bart Folk,Quebec,Quebec,Corporate
85623474,Michael Oakman,Nova Scotia,Atlantic,Small Business
85700248,Theone Pippenger,British Columbia,West,Corporate
85718014,Beth Thompson,Ontario,Ontario,Corporate
85804202,Larry Tron,Alberta,West,Corporate
85839759,Troy Staebel,Ontario,Ontario,Small Business
85936564,Muhammed Lee,Quebec,Quebec,Consumer
86027092,Jay Fine,Newfoundland,Atlantic,Consumer
86285514,Maria Zettner,Ontario,Ontario,Corporate
86353944,Sylvia Foulston,Nova Scotia,Atlantic,Corporate
86395368,Edward Becker,Ontario,Ontario,Corporate
86396748,Lena Radford,Ontario,Ontario,Small Business
86434424,Christy Brittain,Yukon,Yukon,Consumer
86443655,John Grady,British Columbia,West,Corporate
86487510,John Lee,New Brunswick,Atlantic,Corporate
86531956,Guy Thornton,Ontario,Ontario,Corporate
86590680,Corey Catlett,Newfoundland,Atlantic,Home Office
86678719,Sara Luxemburg,Quebec,Quebec,Small Business
86724665,Matt Hagelstein,Ontario,Ontario,Home Office
86738505,Russell Applegate,Ontario,Ontario,Small Business
86769142,Hallie Redmond,Alberta,West,Small Business
86789397,Natalie Webber,Manitoba,Prarie,Corporate
86802122,Mike Pelletier,Alberta,West,Corporate
86853010,Henry Goldwyn,Prince Edward Island,Atlantic,Small Business
86883556,Shahid Shariari,Nova Scotia,Atlantic,Consumer
86931361,Monica Federle,Northwest Territories,Northwest Territories,Corporate
86967557,Kelly Andreada,Saskachewan,Prarie,Home Office
87034117,Marina Lichtenstein,British Columbia,West,Corporate
87094459,David Kendrick,Nova Scotia,Atlantic,Home Office
87106625,Sam Craven,Saskachewan,Prarie,Home Office
87126998,Bradley Drucker,Yukon,Yukon,Small Business
87328286,Angele Hood,British Columbia,West,Consumer
87335700,Natalie Fritzler,Ontario,Ontario,Home Office
87466123,Scott Cohen,Quebec,Quebec,Consumer
87480359,Sandra Flanagan,Ontario,Ontario,Corporate
87509764,Dorothy Badders,Prince Edward Island,Atlantic,Home Office
87531847,Paul Stevenson,Saskachewan,Prarie,Corporate
87627247,Dave Hallsten,Quebec,Quebec,Corporate
87691641,Bill Stewart,Ontario,Ontario,Corporate
87932728,Shahid Shariari,British Columbia,West,Corporate
88328172,Guy Phonely,Ontario,Ontario,Corporate
88337390,Andrew Roberts,Ontario,Ontario,Small Business
88371652,Ken Heidel,Nova Scotia,Atlantic,Corporate
88389057,Roger Barcio,Alberta,West,Corporate
88445957,Annie Thurman,Ontario,Ontario,Consumer
88555704,Lena Creighton,Ontario,Ontario,Home Office
88591198,Eleni McCrary,Quebec,Quebec,Corporate
88611817,Tanja Norvell,Manitoba,Prarie,Consumer
88686363,Mary O'Rourke,British Columbia,West,Home Office
88719131,Brian Moss,Saskachewan,Prarie,Corporate
88815489,Luke Weiss,British Columbia,West,Corporate
88877641,Eric Murdock,Yukon,Yukon,Home Office
88925672,Adrian Shami,Alberta,West,Consumer
88926329,Marc Harrigan,British Columbia,West,Home Office
89092013,Barry Franz,Nova Scotia,Atlantic,Corporate
89108177,Brenda Bowman,Quebec,Quebec,Home Office
89179979,Becky Martin,Quebec,Quebec,Home Office
89205766,Maya Herman,Saskachewan,Prarie,Corporate
89257969,Sarah Bern,British Columbia,West,Corporate
89287020,Karen Ferguson,Nova Scotia,Atlantic,Home Office
89313737,Jeremy Lonsdale,Alberta,West,Corporate
89379992,Lauren Leatherbury,Alberta,West,Home Office
89540355,Bart Watters,Manitoba,Prarie,Corporate
89600502,Greg Matthias,British Columbia,West,Small Business
89629028,Bobby Trafton,Quebec,Quebec,Small Business
89677213,Kelly Williams,Alberta,West,Corporate
89681717,Clay Ludtke,Quebec,Quebec,Consumer
89722082,Speros Goranitis,Yukon,Yukon,Corporate
89759693,Barry Weirich,Nunavut,Nunavut,Corporate
89767975,Dave Hallsten,Ontario,Ontario,Home Office
89810498,Katherine Nockton,Quebec,Quebec,Home Office
89851873,John Murray,British Columbia,West,Small Business
89960282,Karen Ferguson,Quebec,Quebec,Home Office
90097133,Randy Bradley,Saskachewan,Prarie,Small Business
90155791,Tony Chapman,Nova Scotia,Atlantic,Consumer
90358264,Michael Kennedy,Ontario,Ontario,Corporate
90365410,Arthur Gainer,Quebec,Quebec,Corporate
90386354,Tom Boeckenhauer,Alberta,West,Corporate
90386549,Frank Atkinson,Quebec,Quebec,Corporate
90398325,Alan Schoenberger,Yukon,Yukon,Corporate
90409940,Jason Klamczynski,Saskachewan,Prarie,Small Business
90439294,Peter McVee,Nova Scotia,Atlantic,Small Business
90467666,Mitch Gastineau,Alberta,West,Corporate
90514203,Edward Nazzal,Ontario,Ontario,Home Office
90522445,Evan Henry,Quebec,Quebec,Corporate
90627052,Annie Thurman,Alberta,West,Home Office
90627719,Gary McGarr,Manitoba,Prarie,Home Office
90732122,Dan Campbell,Newfoundland,Atlantic,Small Business
90771128,Gene Hale,Nova Scotia,Atlantic,Consumer
90958961,Joy Smith,British Columbia,West,Consumer
90970454,Anthony Garverick,Yukon,Yukon,Small Business
91042485,Steve Chapman,Manitoba,Prarie,Corporate
91078763,Hunter Lopez,British Columbia,West,Consumer
91159117,Tony Molinari,Yukon,Yukon,Corporate
91212283,Brooke Gillingham,Alberta,West,Small Business
91212453,Max Engle,Quebec,Quebec,Corporate
91220663,Aaron Hawkins,Quebec,Quebec,Home Office
91345374,Bryan Mills,Northwest Territories,Northwest Territories,Small Business
91504189,Randy Bradley,Saskachewan,Prarie,Corporate
91550526,Christina DeMoss,New Brunswick,Atlantic,Home Office
91610897,Barry Franz,Ontario,Ontario,Corporate
91774159,Astrea Jones,Yukon,Yukon,Corporate
91785983,Lela Donovan,British Columbia,West,Corporate
91811409,Ritsa Hightower,Ontario,Ontario,Corporate
91844273,Christine Phan,Ontario,Ontario,Small Business
91884763,Thea Hendricks,Quebec,Quebec,Home Office
91889558,Jeremy Pistek,British Columbia,West,Corporate
91967987,Barry Pond,British Columbia,West,Consumer
91977284,Roy Skaria,Manitoba,Prarie,Corporate
92103421,Deirdre Greer,Quebec,Quebec,Home Office
92171058,Katherine Murray,Quebec,Quebec,Home Office
92238400,Lisa DeCherney,Ontario,Ontario,Consumer
92369283,Trudy Bell,Alberta,West,Consumer
92512595,Christina Vanderzanden,British Columbia,West,Small Business
92552035,David Philippe,Ontario,Ontario,Consumer
92609221,Cari Schnelling,Prince Edward Island,Atlantic,Small Business
92656557,Logan Haushalter,Quebec,Quebec,Corporate
92823303,Chris Cortes,Nova Scotia,Atlantic,Consumer
93109423,Hunter Glantz,Northwest Territories,Northwest Territories,Corporate
93141025,Sonia Sunley,British Columbia,West,Small Business
93179234,Larry Hughes,Ontario,Ontario,Home Office
93242448,Katherine Nockton,Ontario,Ontario,Corporate
93263069,Henry MacAllister,Ontario,Ontario,Small Business
93290663,Gene McClure,Manitoba,Prarie,Consumer
93331830,Richard Eichhorn,Saskachewan,Prarie,Consumer
93406185,Shirley Jackson,British Columbia,West,Corporate
93429106,Julia West,Northwest Territories,Northwest Territories,Small Business
93460140,Maureen Gastineau,British Columbia,West,Consumer
93471011,Allen Armold,New Brunswick,Atlantic,Home Office
93474875,Russell Applegate,Manitoba,Prarie,Home Office
93475684,Anthony Witt,Saskachewan,Prarie,Corporate
93537500,Michelle Tran,Quebec,Quebec,Corporate
93607330,Chad McGuire,Quebec,Quebec,Small Business
93612953,Bill Shonely,British Columbia,West,Small Business
93660979,Roger Demir,Alberta,West,Consumer
93675598,Karl Brown,Quebec,Quebec,Corporate
93685062,Joni Wasserman,Quebec,Quebec,Consumer
93726727,Nat Gilpin,Ontario,Ontario,Consumer
93732944,Greg Maxwell,British Columbia,West,Home Office
93758371,Maribeth Dona,British Columbia,West,Home Office
93780882,Ionia McGrath,Saskachewan,Prarie,Small Business
93796619,Duane Noonan,Yukon,Yukon,Corporate
93857244,Helen Wasserman,Alberta,West,Home Office
93861666,Peter McVee,Quebec,Quebec,Small Business
94206076,Anthony Witt,Ontario,Ontario,Corporate
94228765,Lycoris Saunders,Ontario,Ontario,Corporate
94347685,Jeremy Lonsdale,Saskachewan,Prarie,Corporate
94359543,Toby Knight,Manitoba,Prarie,Consumer
94522709,Aleksandra Gannaway,Saskachewan,Prarie,Home Office
94530777,Erin Smith,Ontario,Ontario,Home Office
94607246,Pete Kriz,British Columbia,West,Corporate
94666608,Lauren Leatherbury,British Columbia,West,Home Office
94730893,Monica Federle,Nunavut,Nunavut,Corporate
94752834,Karl Brown,Newfoundland,Atlantic,Home Office
94803589,Vicky Freymann,British Columbia,West,Home Office
94808461,Robert Marley,Ontario,Ontario,Corporate
94820281,Joy Bell,Nunavut,Nunavut,Home Office
94848024,Jason Klamczynski,Quebec,Quebec,Small Business
94892175,Corey Lock,British Columbia,West,Home Office
94998229,Brian Dahlen,Saskachewan,Prarie,Small Business
95177343,John Castell,British Columbia,West,Small Business
95284420,Cathy Armstrong,British Columbia,West,Consumer
95323982,Janet Martin,Nova Scotia,Atlantic,Corporate
95361283,Cathy Hwang,Ontario,Ontario,Home Office
95436894,Peter Fuller,Saskachewan,Prarie,Consumer
95501313,Berenike Kampe,British Columbia,West,Corporate
95577022,Carol Triggs,Quebec,Quebec,Home Office
95652866,Alex Russell,Alberta,West,Home Office
95681602,Karl Brown,Newfoundland,Atlantic,Corporate
95816282,Christopher Schild,Prince Edward Island,Atlantic,Corporate
95834317,Clay Rozendal,Nunavut,Nunavut,Corporate
95928627,Sarah Foster,British Columbia,West,Corporate
95937020,Thomas Thornton,British Columbia,West,Consumer
96048266,Harold Dahlen,Alberta,West,Consumer
96063089,Rick Wilson,Saskachewan,Prarie,Consumer
96116604,Jason Gross,Ontario,Ontario,Small Business
96127896,Michelle Ellison,Ontario,Ontario,Home Office
96145776,John Huston,Saskachewan,Prarie,Consumer
96218342,Dan Campbell,Quebec,Quebec,Small Business
96219608,Roland Black,British Columbia,West,Small Business
96261360,Natalie Webber,Nova Scotia,Atlantic,Consumer
96264962,Brian Moss,British Columbia,West,Corporate
96281489,Hallie Redmond,Alberta,West,Home Office
96299089,Eric Barreto,Yukon,Yukon,Consumer
96313090,Brian Stugart,Quebec,Quebec,Consumer
96327900,Jocasta Rupert,New Brunswick,Atlantic,Consumer
96376660,Tom Zandusky,Manitoba,Prarie,Home Office
96387888,Roy Skaria,Ontario,Ontario,Corporate
96392681,Jane Waco,Ontario,Ontario,Corporate
96403643,Chris McAfee,British Columbia,West,Consumer
96413817,Monica Federle,British Columbia,West,Corporate
96418490,Jim Sink,Manitoba,Prarie,Corporate
96421847,Harold Pawlan,Ontario,Ontario,Small Business
96448861,Liz Willingham,Quebec,Quebec,Home Office
96580875,Mitch Webber,Quebec,Quebec,Corporate
96589436,Shaun Weien,Nova Scotia,Atlantic,Home Office
96589719,Quincy Jones,Alberta,West,Corporate
96628821,Resi Polking,Alberta,West,Small Business
96643883,Barry Franz,Newfoundland,Atlantic,Corporate
96713610,Dorris Love,Quebec,Quebec,Home Office
96945026,Debra Catini,Ontario,Ontario,Small Business
97004664,Chuck Clark,British Columbia,West,Corporate
97049232,Vivek Sundaresam,Quebec,Quebec,Home Office
97070934,Mike Caudle,Ontario,Ontario,Corporate
97099813,Sally Matthias,Nova Scotia,Atlantic,Corporate
97151439,David Wiener,Nova Scotia,Atlantic,Consumer
97155515,Roy French,Prince Edward Island,Atlantic,Consumer
97203720,Cassandra Brandow,Alberta,West,Home Office
97244956,Doug Bickford,Prince Edward Island,Atlantic,Corporate
97257760,Alejandro Ballentine,Alberta,West,Small Business
97344739,Rob Haberlin,British Columbia,West,Consumer
97394565,Maria Bertelson,Ontario,Ontario,Home Office
97428330,Harold Engle,Prince Edward Island,Atlantic,Home Office
97437542,Scott Williamson,British Columbia,West,Small Business
97449295,Jim Karlsson,Alberta,West,Small Business
97484951,Nicole Brennan,Alberta,West,Home Office
97492463,Nat Carroll,Ontario,Ontario,Home Office
97525521,David Flashing,Newfoundland,Atlantic,Home Office
97588200,Deanra Eno,New Brunswick,Atlantic,Corporate
97606910,Daniel Lacy,Quebec,Quebec,Small Business
97666712,Giulietta Weimer,Nova Scotia,Atlantic,Corporate
97685640,Sara Luxemburg,Yukon,Yukon,Corporate
97790785,Ralph Arnett,Quebec,Quebec,Consumer
97800678,Ashley Jarboe,Saskachewan,Prarie,Small Business
97850819,Caroline Jumper,Quebec,Quebec,Corporate
97894366,Bart Pistole,Quebec,Quebec,Home Office
97921616,Gene McClure,Quebec,Quebec,Home Office
97936435,Marc Crier,Manitoba,Prarie,Corporate
97965401,Mick Crebagga,Manitoba,Prarie,Corporate
98068071,Susan MacKendrick,Manitoba,Prarie,Corporate
98104164,Rick Wilson,Alberta,West,Consumer
98169666,Neil Ducich,Nova Scotia,Atlantic,Home Office
98185921,Greg Hansen,Saskachewan,Prarie,Home Office
98224666,Aimee Bixby,New Brunswick,Atlantic,Home Office
98258765,Bobby Trafton,British Columbia,West,Corporate
98310844,Deborah Brumfield,Yukon,Yukon,Small Business
98340679,Cathy Prescott,Ontario,Ontario,Corporate
98456564,George Zrebassa,Nova Scotia,Atlantic,Home Office
98541198,Paul MacIntyre,Ontario,Ontario,Corporate
98550002,Erica Hackney,Ontario,Ontario,Small Business
98550273,Harold Dahlen,Saskachewan,Prarie,Corporate
98758480,Sally Hughsby,Ontario,Ontario,Consumer
98758958,Michael Granlund,British Columbia,West,Home Office
98760164,Nathan Cano,British Columbia,West,Consumer
98766204,Nicole Brennan,British Columbia,West,Home Office
98791614,Andy Reiter,Ontario,Ontario,Corporate
98822841,Sheri Gordon,Manitoba,Prarie,Corporate
99006294,Alyssa Crouse,Alberta,West,Home Office
99034135,Eleni McCrary,Nova Scotia,Atlantic,Home Office
99048732,Speros Goranitis,British Columbia,West,Corporate
99084990,Roy French,Ontario,Ontario,Consumer
99162955,Anthony Jacobs,Alberta,West,Home Office
99168275,Theone Pippenger,Manitoba,Prarie,Corporate
99251719,Toby Carlisle,Quebec,Quebec,Home Office
99328710,Eileen Kiefer,Ontario,Ontario,Consumer
99377938,Ann Blume,Nova Scotia,Atlantic,Small Business
99434135,Cindy Stewart,Yukon,Yukon,Corporate
99518139,Tamara Willingham,Yukon,Yukon,Corporate
99519941,Rob Williams,Yukon,Yukon,Home Office
99554235,Giulietta Baptist,British Columbia,West,Home Office
99563074,Benjamin Venier,British Columbia,West,Small Business
99590471,Nathan Cano,Nova Scotia,Atlantic,Consumer
99605711,Arthur Gainer,Manitoba,Prarie,Consumer
99662735,Eric Barreto,Newfoundland,Atlantic,Small Business
99713016,Dorothy Badders,Nunavut,Nunavut,Home Office
99851365,Aaron Hawkins,Yukon,Yukon,Home Office
100010565,Helen Andreada,British Columbia,West,Corporate
100022088,Dean Percer,Quebec,Quebec,Consumer
100045626,Tom Ashbrook,Yukon,Yukon,Home Office
100099945,Ed Ludwig,Ontario,Ontario,Consumer
100100202,Brad Norvell,Nova Scotia,Atlantic,Corporate
100125926,Ben Wallace,Quebec,Quebec,Home Office
100130172,Todd Sumrall,Ontario,Ontario,Consumer
100219185,Chad Cunningham,Northwest Territories,Northwest Territories,Small Business
100387769,Bobby Odegard,Alberta,West,Consumer
100390992,Dianna Wilson,Quebec,Quebec,Small Business
100464058,Jennifer Patt,Nova Scotia,Atlantic,Home Office
100481316,Nona Balk,Saskachewan,Prarie,Corporate
100500169,Joe Kamberova,Ontario,Ontario,Small Business
100527781,Bryan Mills,Northwest Territories,Northwest Territories,Corporate
100582712,Scot Wooten,Manitoba,Prarie,Corporate
100684577,Maria Zettner,Alberta,West,Corporate
100725173,Ralph Kennedy,Nova Scotia,Atlantic,Corporate
100729818,Jenna Caffey,Alberta,West,Consumer
100787002,Liz Willingham,Quebec,Quebec,Corporate
100815423,Stewart Visinsky,Quebec,Quebec,Corporate
101078507,Neil French,Saskachewan,Prarie,Corporate
101147911,Frank Olsen,Alberta,West,Small Business
101188741,Irene Maddox,British Columbia,West,Consumer
101231204,Kimberly Carter,British Columbia,West,Home Office
101248528,Carlos Meador,Yukon,Yukon,Corporate
101365911,Neil Knudson,British Columbia,West,Home Office
101407390,Paul Lucas,Quebec,Quebec,Corporate
101440448,Karen Carlisle,Nova Scotia,Atlantic,Corporate
101448325,Jennifer Patt,Newfoundland,Atlantic,Home Office
101656918,Craig Carroll,Alberta,West,Corporate
101710424,Mark Packer,Nova Scotia,Atlantic,Small Business
101777049,Darrin Van Huff,Saskachewan,Prarie,Home Office
101792006,William Brown,Saskachewan,Prarie,Corporate
101822304,Susan Vittorini,Ontario,Ontario,Home Office
101893757,Ross Baird,Manitoba,Prarie,Corporate
102008024,Frank Merwin,Alberta,West,Consumer
102020359,Tony Sayre,New Brunswick,Atlantic,Home Office
102041571,Eric Barreto,Nova Scotia,Atlantic,Consumer
102100618,Carlos Daly,Northwest Territories,Northwest Territories,Home Office
102101268,Valerie Takahito,Manitoba,Prarie,Consumer
102118415,Barry Gonzalez,Quebec,Quebec,Small Business
102153138,Andrew Roberts,Alberta,West,Small Business
102252318,Kean Nguyen,Ontario,Ontario,Corporate
102283498,Alan Shonely,Ontario,Ontario,Small Business
102405473,Eric Murdock,British Columbia,West,Home Office
102688731,Justin Deggeller,Saskachewan,Prarie,Corporate
102737308,Irene Maddox,Manitoba,Prarie,Consumer
102822795,Bobby Elias,Yukon,Yukon,Small Business
102857204,Sally Knutson,British Columbia,West,Corporate
102946420,Michelle Huthwaite,Ontario,Ontario,Home Office
102974960,Sara Luxemburg,Nova Scotia,Atlantic,Small Business
103043219,Eleni McCrary,Ontario,Ontario,Corporate
103048242,Erin Creighton,Ontario,Ontario,Corporate
103104706,Sonia Cooley,Alberta,West,Corporate
103116846,Grant Carroll,Northwest Territories,Northwest Territories,Corporate
103153738,Russell Applegate,Manitoba,Prarie,Small Business
103235308,Sylvia Foulston,Northwest Territories,Northwest Territories,Corporate
103284166,Cari Schnelling,Northwest Territories,Northwest Territories,Home Office
103383612,Maria Bertelson,Manitoba,Prarie,Home Office
103492523,Mary Zewe,Manitoba,Prarie,Corporate
103723976,Annie Cyprus,Nunavut,Nunavut,Home Office
103724988,Brenda Bowman,Quebec,Quebec,Small Business
103767580,Andrew Gjertsen,Prince Edward Island,Atlantic,Consumer
103956879,Rachel Payne,Manitoba,Prarie,Home Office
103996019,Lindsay Castell,Alberta,West,Small Business
104142658,Arthur Prichep,Ontario,Ontario,Small Business
104239922,Lynn Smith,New Brunswick,Atlantic,Corporate
104393625,Duane Huffman,Ontario,Ontario,Consumer
104482978,Luke Foster,Yukon,Yukon,Corporate
104494645,Neil Knudson,British Columbia,West,Corporate
104503994,Laurel Beltran,Saskachewan,Prarie,Consumer
104516246,Olvera Toch,Ontario,Ontario,Home Office
104516903,Sylvia Foulston,Nova Scotia,Atlantic,Consumer
104577129,Mark Haberlin,Nova Scotia,Atlantic,Small Business
104598944,Paul MacIntyre,Nova Scotia,Atlantic,Corporate
104752832,Jasper Cacioppo,Quebec,Quebec,Home Office
104853129,Janet Molinari,Ontario,Ontario,Corporate
104907203,Laurel Elliston,Quebec,Quebec,Corporate
104919109,Joseph Airdo,Ontario,Ontario,Corporate
104955257,Maria Etezadi,Alberta,West,Home Office
105296499,Deborah Brumfield,Quebec,Quebec,Corporate
105800553,Brian Stugart,Nova Scotia,Atlantic,Consumer
105870693,Greg Guthrie,Prince Edward Island,Atlantic,Corporate
105982998,Jessica Myrick,Alberta,West,Small Business
106291700,Pete Kriz,Yukon,Yukon,Corporate
106390011,Marc Harrigan,Nova Scotia,Atlantic,Home Office
106488141,Andy Gerbode,Saskachewan,Prarie,Consumer
106662918,Speros Goranitis,Quebec,Quebec,Corporate
107067931,Sarah Brown,Quebec,Quebec,Consumer
107249296,Helen Wasserman,Quebec,Quebec,Corporate
107335664,Nathan Mautz,British Columbia,West,Corporate
107356343,Muhammed Lee,British Columbia,West,Consumer
107508523,Jill Fjeld,Yukon,Yukon,Home Office
107541916,Ivan Gibson,Ontario,Ontario,Corporate
107565533,Liz MacKendrick,New Brunswick,Atlantic,Corporate
107838267,Sibella Parks,Alberta,West,Small Business
108626146,Pamela Stobb,Quebec,Quebec,Consumer
109421866,John Grady,Ontario,Ontario,Corporate
109724217,Bradley Drucker,Quebec,Quebec,Small Business
