enrl_id,enrl_date,stu_id,course_id,cohort_id,status
700001,2024-09-09,5607,203,307,active
700002,2024-06-18,5608,202,305,active
700003,2025-04-07,5609,222,312,active
700004,2024-04-11,5610,202,304,active
700005,2025-05-23,5611,208,313,active
700006,2025-06-18,5612,208,314,cancelled
700007,2024-01-24,5613,211,302,active
700008,2024-12-08,5602,217,310,active
700009,2025-09-19,5603,223,316,active
700010,2024-10-18,5604,203,308,active
700011,2025-07-05,5605,218,314,active
700012,2024-12-13,5606,220,310,active
700013,2025-05-25,5601,224,313,active
700014,2025-08-25,5602,209,316,active
700015,2025-01-11,5603,207,310,active
700016,2024-12-26,5604,205,310,active
700017,2024-09-10,5605,208,307,active
700018,2025-03-22,5606,221,312,active
700019,2024-07-31,5601,206,306,active
700020,2025-03-09,5602,202,312,active
700021,2025-01-17,5603,217,311,active
700022,2025-05-28,5604,216,314,active
700023,2023-12-17,5605,215,301,active
700024,2025-09-23,5606,216,316,active
700025,2024-10-06,5601,206,308,active
700026,2024-10-03,5405,219,308,active
700027,2024-04-30,5283,213,304,active
700028,2024-08-03,5361,224,306,active
700029,2024-08-07,5445,221,307,active
700030,2024-04-19,5503,213,304,cancelled
700031,2025-02-25,5217,213,311,active
700032,2024-01-15,5359,203,302,active
700033,2024-04-19,5103,203,304,cancelled
700034,2024-06-20,5368,208,305,active
700035,2024-05-08,5452,208,304,active
700036,2025-07-21,5305,212,315,active
700037,2025-04-06,5405,220,312,active
700038,2024-01-06,5503,205,301,active
700039,2024-06-03,5457,210,305,active
700040,2024-02-10,5346,219,302,active
700041,2025-06-08,5113,204,314,active
700042,2024-09-29,5484,213,308,active
700043,2025-08-11,5216,210,315,active
700044,2024-12-16,5536,219,310,cancelled
700045,2024-02-13,5370,224,302,active
700046,2024-11-18,5351,218,309,active
700047,2024-07-04,5106,214,306,active
700048,2024-12-03,5197,201,309,active
700049,2024-08-01,5552,201,306,active
700050,2024-05-13,5579,203,305,active
700051,2024-01-28,5530,213,302,active
700052,2024-06-14,5440,216,305,active
700053,2024-07-17,5009,222,306,active
700054,2025-04-11,5569,203,312,active
700055,2024-05-01,5112,219,304,active
700056,2024-07-23,5002,213,306,active
700057,2024-06-25,5379,212,306,active
700058,2024-05-24,5426,216,305,active
700059,2025-06-21,5272,223,314,active
700060,2025-09-06,5312,216,316,active
700061,2024-12-07,5214,210,309,active
700062,2025-04-03,5146,204,312,active
700063,2024-04-13,5190,221,304,active
700064,2024-09-12,5276,203,307,active
700065,2024-04-20,5434,209,304,active
700066,2025-08-16,5483,205,315,active
700067,2024-11-15,5297,202,309,active
700068,2025-04-08,5143,217,312,active
700069,2023-11-29,5532,208,301,active
700070,2024-04-24,5016,206,304,active
700071,2024-02-16,5041,224,303,active
700072,2025-09-01,5010,209,316,active
700073,2024-01-29,5177,206,302,cancelled
700074,2025-02-24,5435,210,311,active
700075,2024-11-06,5103,210,309,active
700076,2024-08-30,5470,202,307,active
700077,2024-12-03,5577,214,309,active
700078,2024-12-12,5058,215,310,active
700079,2025-03-17,5461,220,312,active
700080,2024-04-19,5314,212,304,active
700081,2025-03-29,5371,224,312,active
700082,2025-07-07,5433,212,315,active
700083,2024-12-12,5505,201,310,active
700084,2024-01-08,5268,218,302,active
700085,2025-05-08,5485,208,313,active
700086,2025-08-25,5324,204,316,active
700087,2024-05-03,5568,218,304,active
700088,2025-02-27,5518,222,311,active
700089,2023-11-24,5499,224,301,active
700090,2025-04-07,5228,213,312,active
700091,2024-11-04,5037,205,309,active
700092,2025-07-20,5592,210,315,active
700093,2025-09-03,5342,220,316,cancelled
700094,2025-06-27,5076,203,314,active
700095,2024-09-11,5393,208,307,active
700096,2024-02-11,5285,208,302,active
700097,2024-11-02,5031,209,309,cancelled
700098,2025-06-14,5597,219,314,active
700099,2025-02-22,5218,220,311,active
700100,2024-10-02,5309,222,308,active
700101,2023-12-05,5563,216,301,active
700102,2024-10-12,5484,204,308,active
700103,2024-06-07,5118,204,305,active
700104,2025-03-08,5468,222,312,active
700105,2024-07-17,5370,204,306,active
700106,2024-01-31,5150,209,302,active
700107,2025-04-19,5194,213,313,active
700108,2024-02-11,5469,204,302,active
700109,2024-11-18,5489,210,309,active
700110,2025-02-18,5004,207,311,active
700111,2025-06-09,5428,202,314,active
700112,2024-02-06,5096,220,302,active
700113,2023-12-08,5588,222,301,active
700114,2024-11-11,5179,221,309,active
700115,2024-02-06,5460,221,302,active
700116,2024-02-14,5337,224,302,active
700117,2024-01-15,5032,218,302,active
700118,2024-02-09,5338,214,302,active
700119,2025-06-29,5176,223,314,active
700120,2024-10-07,5489,202,308,active
700121,2025-09-18,5441,215,316,active
700122,2024-09-17,5549,209,308,active
700123,2023-12-17,5249,212,301,active
700124,2025-09-17,5025,216,316,active
700125,2025-09-01,5452,204,316,active
700126,2023-12-16,5462,213,301,cancelled
700127,2024-04-19,5469,214,304,active
700128,2024-11-21,5184,223,309,active
700129,2025-01-19,5186,223,310,cancelled
700130,2024-05-11,5108,208,305,active
700131,2025-05-21,5198,205,313,active
700132,2024-05-26,5021,215,305,active
700133,2024-10-13,5396,203,308,active
700134,2024-10-10,5067,221,308,active
700135,2024-08-10,5390,211,307,active
700136,2025-08-25,5408,222,316,active
700137,2024-03-08,5242,210,303,active
700138,2024-08-06,5017,203,307,active
700139,2025-03-11,5422,207,312,active
700140,2024-09-07,5292,221,307,active
700141,2024-10-15,5547,204,308,active
700142,2025-07-16,5311,212,315,cancelled
700143,2023-12-03,5213,209,301,active
700144,2024-11-03,5017,217,309,active
700145,2025-01-20,5098,216,311,active
700146,2024-10-24,5557,219,308,active
700147,2025-05-20,5034,217,313,active
700148,2025-07-21,5223,215,315,active
700149,2025-04-14,5487,202,313,active
700150,2025-09-28,5515,201,316,active
700151,2024-09-05,5244,208,307,active
700152,2025-02-23,5542,203,311,active
700153,2024-08-05,5056,202,307,active
700154,2024-04-06,5571,209,304,active
700155,2024-05-23,5428,207,305,active
700156,2025-09-15,5567,211,316,active
700157,2024-10-11,5460,208,308,active
700158,2024-08-20,5585,203,307,active
700159,2024-04-23,5287,210,304,active
700160,2024-01-16,5149,209,302,active
700161,2024-02-16,5224,219,302,active
700162,2025-05-26,5482,209,314,active
700163,2024-07-08,5223,221,306,active
700164,2025-05-22,5333,206,313,active
700165,2025-02-26,5040,224,311,active
700166,2025-01-18,5377,224,311,active
700167,2024-12-12,5071,205,310,active
700168,2024-08-20,5558,210,307,cancelled
700169,2025-07-09,5136,211,315,active
700170,2025-03-03,5061,219,312,active
700171,2024-11-30,5503,224,309,active
700172,2024-11-08,5481,221,309,active
700173,2024-05-31,5123,201,305,active
700174,2024-07-28,5258,204,306,active
700175,2025-02-05,5584,203,311,active
700176,2025-01-21,5355,211,311,active
700177,2024-04-24,5472,222,304,active
700178,2024-11-01,5521,209,309,active
700179,2024-02-15,5506,217,302,active
700180,2024-06-23,5038,217,306,active
700181,2025-05-10,5258,211,313,active
700182,2024-09-24,5422,204,308,active
700183,2024-03-20,5540,213,303,active
700184,2025-04-18,5029,210,313,active
700185,2024-01-03,5573,212,301,active
700186,2025-04-25,5388,203,313,active
700187,2025-04-08,5298,208,312,active
700188,2024-10-15,5516,217,308,active
700189,2025-03-05,5269,220,312,active
700190,2025-07-26,5402,209,315,active
700191,2024-03-17,5460,222,303,active
700192,2024-12-15,5153,205,310,active
700193,2023-12-09,5528,203,301,active
700194,2025-06-25,5225,217,314,active
700195,2024-06-15,5585,205,305,active
700196,2024-04-20,5054,204,304,active
700197,2024-05-11,5456,203,305,active
700198,2024-07-15,5180,203,306,active
700199,2025-07-03,5303,212,314,active
700200,2024-04-06,5501,224,304,active
700201,2024-02-02,5163,216,302,active
700202,2024-01-13,5450,217,302,active
700203,2024-09-22,5032,217,308,active
700204,2024-08-29,5304,210,307,active
700205,2025-03-28,5011,215,312,active
700206,2024-11-04,5522,205,309,active
700207,2024-11-05,5582,223,309,active
700208,2024-11-15,5419,222,309,active
700209,2025-01-29,5160,208,311,active
700210,2024-03-21,5238,221,303,active
700211,2024-01-21,5504,222,302,active
700212,2025-07-29,5413,220,315,active
700213,2025-05-21,5585,218,313,active
700214,2025-05-14,5579,204,313,active
700215,2024-06-23,5454,207,305,active
700216,2024-10-20,5142,206,308,active
700217,2025-09-06,5104,205,316,active
700218,2024-12-19,5512,203,310,active
700219,2024-10-25,5291,219,308,active
700220,2024-05-06,5049,221,304,active
700221,2025-08-09,5165,222,315,active
700222,2024-08-24,5257,222,307,active
700223,2024-09-28,5265,215,308,active
700224,2025-04-27,5113,215,313,active
700225,2024-02-07,5463,205,302,active
700226,2025-01-30,5510,202,311,active
700227,2025-08-21,5040,223,316,active
700228,2024-06-23,5510,211,305,cancelled
700229,2024-06-09,5501,204,305,active
700230,2025-03-05,5296,213,312,active
700231,2025-08-15,5139,224,315,active
700232,2024-02-23,5571,217,303,active
700233,2025-07-29,5595,203,315,active
700234,2024-11-15,5300,218,309,active
700235,2024-04-03,5202,213,304,active
700236,2024-10-02,5137,207,308,active
700237,2025-07-27,5004,211,315,active
700238,2024-02-02,5043,201,302,active
700239,2024-04-05,5463,210,304,active
700240,2024-04-28,5245,208,304,active
700241,2025-03-23,5074,204,312,active
700242,2024-10-29,5521,216,309,active
700243,2025-02-20,5119,206,311,active
700244,2025-05-27,5208,201,314,active
700245,2024-10-09,5118,216,308,active
700246,2025-09-03,5494,215,316,active
700247,2025-04-01,5053,201,312,active
700248,2024-08-11,5543,221,307,active
700249,2025-04-24,5360,212,313,active
700250,2025-04-18,5460,212,313,active
700251,2024-04-12,5020,201,304,active
700252,2025-08-28,5172,208,316,active
700253,2024-10-11,5062,209,308,active
700254,2024-12-13,5387,215,310,active
700255,2025-06-07,5380,204,314,active
700256,2024-12-24,5586,208,310,active
700257,2025-08-29,5401,205,316,active
700258,2024-05-19,5006,222,305,active
700259,2025-08-07,5005,206,315,active
700260,2025-04-09,5044,207,312,active
700261,2024-02-07,5244,207,302,active
700262,2024-01-14,5490,210,302,active
700263,2024-03-11,5405,207,303,active
700264,2024-12-22,5250,202,310,active
700265,2024-06-29,5496,223,306,active
700266,2024-04-27,5396,218,304,active
700267,2025-09-11,5400,222,316,active
700268,2024-05-09,5021,218,304,active
700269,2024-05-11,5528,221,304,active
700270,2025-08-05,5427,201,315,active
700271,2024-03-18,5354,204,303,active
700272,2024-11-11,5294,214,309,active
700273,2024-01-30,5599,218,302,active
700274,2025-03-08,5002,207,312,active
700275,2024-08-21,5185,203,307,active
700276,2025-04-23,5536,216,313,active
700277,2025-07-07,5483,210,315,active
700278,2025-02-14,5442,224,311,active
700279,2025-06-14,5080,216,314,active
700280,2024-01-21,5295,214,302,active
700281,2025-08-11,5105,223,315,active
700282,2024-08-13,5534,209,307,active
700283,2024-07-08,5159,203,306,active
700284,2024-10-09,5412,221,308,active
700285,2025-07-06,5543,202,315,active
700286,2024-06-06,5297,207,305,active
700287,2025-01-07,5258,221,310,active
700288,2025-01-18,5192,212,310,active
700289,2024-03-06,5009,224,303,active
700290,2025-03-16,5485,219,312,active
700291,2024-10-26,5256,218,308,active
700292,2025-09-01,5279,204,316,cancelled
700293,2025-02-27,5351,204,311,active
700294,2024-11-18,5298,210,309,active
700295,2024-08-17,5220,204,307,active
700296,2024-02-25,5064,205,303,active
700297,2024-03-23,5566,205,303,active
700298,2025-08-21,5207,209,316,active
700299,2024-02-11,5440,211,302,active
700300,2025-03-24,5512,223,312,active
700301,2025-04-29,5597,214,313,active
700302,2024-06-12,5125,203,305,active
700303,2024-03-15,5246,218,303,active
700304,2024-06-23,5441,204,306,cancelled
700305,2025-08-07,5553,202,315,active
700306,2024-08-31,5421,203,307,active
700307,2025-03-22,5096,201,312,active
700308,2024-08-01,5141,209,306,active
700309,2024-04-08,5035,210,304,active
700310,2024-11-10,5369,203,309,active
700311,2025-07-30,5436,222,315,active
700312,2025-07-13,5388,215,315,active
700313,2024-03-11,5053,210,303,cancelled
700314,2025-01-17,5059,206,310,active
700315,2024-02-17,5427,202,302,active
700316,2024-10-26,5212,218,308,active
700317,2025-08-07,5576,201,315,active
700318,2025-09-18,5065,202,316,active
700319,2025-07-17,5238,213,315,active
700320,2024-05-18,5282,209,305,active
700321,2023-12-30,5023,204,301,active
700322,2024-11-25,5246,205,309,active
700323,2025-08-04,5382,215,315,active
700324,2025-08-24,5078,211,316,active
700325,2024-11-16,5107,203,309,active
700326,2024-02-22,5047,223,303,active
700327,2024-05-01,5449,206,304,cancelled
700328,2024-03-22,5453,208,303,active
700329,2025-06-13,5487,219,314,active
700330,2025-03-28,5595,201,312,active
700331,2024-12-07,5410,204,310,active
700332,2025-02-11,5518,205,311,cancelled
700333,2025-07-19,5553,205,315,active
700334,2025-01-17,5231,212,310,active
700335,2024-08-04,5261,219,306,active
700336,2025-09-21,5196,208,316,active
700337,2025-09-07,5271,221,316,active
700338,2024-09-30,5150,204,308,active
700339,2024-10-26,5542,201,308,active
700340,2023-12-01,5451,204,301,active
700341,2023-12-31,5291,203,301,active
700342,2024-09-23,5206,206,308,active
700343,2024-01-10,5548,210,302,active
700344,2025-09-05,5149,222,316,active
700345,2025-04-20,5130,210,313,active
700346,2024-06-15,5443,213,305,active
700347,2024-11-03,5493,223,309,active
700348,2024-06-09,5532,203,305,active
700349,2024-01-10,5575,216,302,active
700350,2024-06-14,5301,217,305,active
700351,2024-11-08,5245,222,309,cancelled
700352,2024-05-16,5448,222,305,active
700353,2024-08-03,5466,213,306,active
700354,2024-08-14,5270,207,307,active
700355,2025-05-16,5198,222,313,active
700356,2024-12-24,5155,220,310,active
700357,2024-08-05,5473,211,307,active
700358,2024-04-06,5509,203,304,active
700359,2024-10-11,5351,203,308,active
700360,2025-02-19,5349,204,311,active
700361,2024-01-31,5077,204,302,active
700362,2024-01-08,5531,215,302,active
700363,2025-04-12,5103,208,312,active
700364,2025-09-28,5489,206,316,active
700365,2025-02-01,5053,219,311,active
700366,2025-07-05,5257,214,314,active
700367,2025-03-19,5166,219,312,active
700368,2025-05-05,5040,206,313,active
700369,2025-04-13,5145,217,313,active
700370,2024-10-07,5133,205,308,active
700371,2024-06-26,5498,204,306,active
700372,2024-06-14,5322,205,305,active
700373,2024-10-07,5321,220,308,active
700374,2025-01-05,5289,224,310,active
700375,2024-11-17,5026,208,309,active
700376,2023-12-10,5120,214,301,active
700377,2024-03-17,5344,215,303,active
700378,2025-05-20,5228,211,313,active
700379,2024-07-17,5015,220,306,active
700380,2024-05-10,5250,205,305,active
700381,2024-05-29,5378,216,305,active
700382,2025-07-06,5173,218,315,active
700383,2024-03-18,5138,224,303,active
700384,2024-12-01,5016,202,309,active
700385,2025-06-12,5506,201,314,active
700386,2025-05-26,5239,205,314,active
700387,2025-01-30,5424,208,311,active
700388,2024-05-05,5504,204,304,active
700389,2025-09-26,5392,221,316,active
700390,2025-05-05,5175,216,313,active
700391,2025-01-18,5064,204,311,active
700392,2024-02-04,5164,222,302,active
700393,2025-09-09,5554,202,316,active
700394,2025-03-17,5092,211,312,active
700395,2025-06-15,5597,218,314,cancelled
700396,2024-02-27,5442,222,303,active
700397,2024-12-21,5240,221,310,active
700398,2024-09-11,5490,213,307,active
700399,2025-01-09,5052,220,310,active
700400,2024-01-13,5385,213,302,active
700401,2024-10-20,5482,210,308,active
700402,2025-05-01,5156,213,313,active
700403,2025-08-21,5236,217,316,active
700404,2025-07-31,5352,221,315,active
700405,2024-03-16,5062,220,303,active
700406,2025-01-03,5045,211,310,active
700407,2024-12-07,5385,206,310,active
700408,2025-04-05,5192,222,312,active
700409,2024-02-06,5517,224,302,active
700410,2025-04-17,5471,217,313,active
700411,2024-03-30,5268,205,304,active
700412,2024-01-28,5468,210,302,active
700413,2025-06-13,5445,224,314,active
700414,2024-08-07,5061,209,307,active
700415,2025-05-30,5241,201,314,active
700416,2024-05-24,5513,207,305,active
700417,2024-01-06,5434,206,301,active
700418,2025-08-08,5069,212,315,active
700419,2023-12-26,5296,210,301,active
700420,2024-07-27,5392,204,306,active
700421,2024-03-22,5004,224,303,active
700422,2025-04-11,5104,222,312,active
700423,2025-07-04,5235,220,314,cancelled
700424,2024-01-18,5363,204,302,active
700425,2025-02-20,5127,224,311,active
700426,2025-08-12,5103,201,315,active
700427,2025-08-25,5437,210,316,active
700428,2025-03-27,5117,212,312,active
700429,2025-06-04,5305,223,314,active
700430,2025-03-29,5299,215,312,active
700431,2025-05-04,5299,203,313,active
700432,2025-04-19,5457,222,313,active
700433,2024-05-09,5162,221,304,active
700434,2025-01-12,5178,204,310,active
700435,2024-01-05,5346,213,302,active
700436,2025-02-18,5008,207,311,cancelled
700437,2024-12-18,5241,213,310,active
700438,2024-03-26,5349,207,303,active
700439,2024-09-08,5135,210,307,active
700440,2023-12-13,5024,208,301,active
700441,2024-11-11,5032,216,309,active
700442,2024-02-02,5307,202,302,active
700443,2024-05-14,5090,212,305,active
700444,2024-12-08,5083,201,310,active
700445,2024-05-19,5179,203,305,active
700446,2025-02-12,5397,215,311,active
700447,2024-01-06,5040,218,301,active
700448,2025-01-04,5386,217,310,active
700449,2025-07-06,5276,206,315,active
700450,2024-02-20,5555,219,303,cancelled
700451,2023-12-17,5580,209,301,active
700452,2025-04-03,5033,224,312,active
700453,2025-08-31,5554,224,316,active
700454,2025-05-10,5140,210,313,cancelled
700455,2024-06-23,5176,205,306,active
700456,2025-06-07,5266,208,314,active
700457,2025-01-25,5162,201,311,active
700458,2025-07-06,5556,213,315,active
700459,2025-08-22,5359,207,316,active
700460,2024-05-19,5367,211,305,active
700461,2025-05-18,5388,209,313,active
700462,2025-07-23,5006,218,315,active
700463,2024-08-16,5277,208,307,active
700464,2024-06-02,5447,207,305,active
700465,2024-04-29,5494,209,304,active
700466,2024-02-26,5400,201,303,active
700467,2024-03-23,5435,223,303,active
700468,2024-11-08,5448,218,309,active
700469,2025-07-02,5562,220,314,active
700470,2023-12-18,5348,222,301,active
700471,2024-09-07,5153,221,307,active
700472,2024-12-01,5181,216,309,cancelled
700473,2024-08-02,5232,224,306,active
700474,2023-12-06,5477,208,301,active
700475,2025-03-24,5258,204,312,active
700476,2025-02-11,5394,211,311,active
700477,2025-06-09,5299,201,314,active
700478,2024-05-29,5321,205,305,active
700479,2025-02-19,5196,214,311,active
700480,2025-02-07,5435,215,311,active
700481,2024-04-11,5513,202,304,active
700482,2024-06-26,5313,206,306,active
700483,2025-08-31,5014,222,316,active
700484,2025-08-28,5166,221,316,active
700485,2025-01-29,5335,224,311,active
700486,2025-09-13,5353,217,316,active
700487,2025-05-20,5343,202,313,active
700488,2025-03-24,5150,205,312,active
700489,2024-08-24,5545,203,307,active
700490,2025-07-06,5490,216,314,active
700491,2025-02-15,5164,215,311,active
700492,2024-04-01,5204,204,304,active
700493,2024-08-16,5524,221,307,active
700494,2024-09-09,5032,223,307,active
700495,2025-08-06,5231,224,315,active
700496,2023-12-13,5204,218,301,active
700497,2025-01-11,5311,211,310,active
700498,2024-04-22,5592,205,304,active
700499,2024-03-08,5211,224,303,active
700500,2024-06-13,5278,211,305,active
700501,2024-12-07,5486,223,309,active
700502,2024-05-26,5547,203,305,active
700503,2024-01-28,5513,216,302,active
700504,2025-03-13,5062,207,312,active
700505,2025-03-16,5429,205,312,active
700506,2024-03-14,5182,219,303,active
700507,2025-08-04,5435,214,315,active
700508,2024-06-06,5275,211,305,active
700509,2025-02-13,5422,217,311,active
700510,2024-09-15,5229,202,307,active
700511,2025-03-05,5389,211,312,cancelled
700512,2024-04-19,5097,206,304,active
700513,2025-07-01,5256,210,314,active
700514,2024-05-16,5527,217,305,active
700515,2024-08-09,5335,213,307,active
700516,2024-12-07,5179,219,309,active
700517,2025-05-10,5331,207,313,active
700518,2025-09-04,5405,202,316,active
700519,2024-03-31,5482,214,304,active
700520,2024-07-04,5331,222,306,active
700521,2025-06-28,5413,201,314,active
700522,2024-04-22,5405,210,304,active
700523,2025-08-02,5461,201,315,active
700524,2025-07-06,5464,205,314,active
700525,2025-04-26,5273,209,313,active
700526,2024-11-08,5542,216,309,active
700527,2025-09-09,5519,222,316,active
700528,2024-05-30,5428,205,305,active
700529,2024-01-19,5429,222,302,active
700530,2025-02-16,5207,224,311,active
700531,2025-02-28,5225,211,311,active
700532,2024-11-22,5397,203,309,active
700533,2025-01-02,5274,223,310,cancelled
700534,2024-03-12,5494,224,303,active
700535,2025-04-27,5332,212,313,active
700536,2025-01-23,5270,213,311,active
700537,2025-04-16,5319,218,313,active
700538,2025-04-03,5324,219,312,active
700539,2024-06-22,5485,219,305,active
700540,2024-11-29,5499,222,309,active
700541,2024-10-16,5510,213,308,active
700542,2024-05-26,5385,215,305,active
700543,2024-03-29,5149,205,303,active
700544,2024-04-23,5060,220,304,active
700545,2024-07-12,5482,218,306,active
700546,2025-05-09,5227,216,313,active
700547,2025-02-09,5027,219,311,active
700548,2025-08-16,5425,209,315,active
700549,2024-08-03,5420,221,306,active
700550,2024-10-23,5352,203,308,active
700551,2024-09-29,5493,222,308,active
700552,2024-06-29,5537,220,306,active
700553,2024-02-25,5429,214,303,active
700554,2024-03-13,5500,204,303,active
700555,2025-03-07,5092,213,312,active
700556,2025-03-12,5559,210,312,active
700557,2024-03-31,5056,211,303,active
700558,2024-02-13,5022,219,302,active
700559,2025-05-31,5458,219,314,active
700560,2025-09-25,5405,207,316,active
700561,2024-01-17,5569,218,302,active
700562,2023-12-21,5579,220,301,active
700563,2025-05-23,5417,223,314,active
700564,2024-12-08,5307,209,309,active
700565,2024-01-06,5094,224,302,active
700566,2024-11-15,5501,202,309,active
700567,2024-04-19,5356,211,304,active
700568,2024-08-03,5392,209,306,active
700569,2024-08-24,5199,209,307,active
700570,2024-09-11,5592,212,307,active
700571,2025-04-26,5513,219,313,active
700572,2025-05-29,5407,206,314,active
700573,2024-10-27,5535,209,309,active
700574,2025-05-24,5259,223,314,active
700575,2024-07-21,5521,205,306,active
700576,2024-10-29,5234,213,309,active
700577,2024-10-13,5173,224,308,active
700578,2023-12-10,5212,224,301,active
700579,2025-04-21,5028,213,313,active
700580,2025-01-03,5080,208,310,active
700581,2025-04-21,5057,216,313,active
700582,2024-04-20,5421,215,304,active
700583,2023-12-09,5005,224,301,active
700584,2025-04-11,5394,224,313,active
700585,2024-10-14,5250,202,308,active
700586,2024-09-25,5394,216,308,active
700587,2025-06-24,5141,203,314,cancelled
700588,2024-12-06,5293,210,309,active
700589,2024-03-11,5551,214,303,active
700590,2024-05-16,5372,218,305,active
700591,2024-05-15,5076,216,305,active
700592,2024-03-18,5600,206,303,active
700593,2024-02-02,5237,215,302,active
700594,2025-03-13,5348,206,312,active
700595,2024-02-12,5316,206,302,cancelled
700596,2025-02-03,5245,221,311,active
700597,2024-03-23,5240,208,303,active
700598,2023-12-31,5282,201,301,active
700599,2024-12-19,5433,201,310,active
700600,2023-11-28,5422,220,301,active
700601,2025-08-28,5551,211,316,active
700602,2025-01-25,5049,206,311,active
700603,2024-02-27,5390,213,303,active
700604,2024-02-03,5136,215,302,active
700605,2024-05-11,5593,205,305,active
700606,2024-04-15,5396,206,304,cancelled
700607,2024-12-08,5533,212,310,active
700608,2025-02-23,5015,201,311,active
700609,2025-04-21,5545,221,313,active
700610,2024-07-08,5556,214,306,active
700611,2025-05-05,5278,217,313,active
700612,2024-12-07,5329,210,310,active
700613,2024-02-03,5406,218,302,active
700614,2025-07-18,5210,201,315,active
700615,2025-02-12,5356,204,311,active
700616,2024-02-24,5210,223,303,active
700617,2025-07-04,5179,213,314,active
700618,2024-10-27,5468,206,309,active
700619,2025-07-30,5388,223,315,active
700620,2023-12-30,5530,208,301,active
700621,2024-03-30,5461,213,304,active
700622,2024-06-13,5074,220,305,active
700623,2024-12-29,5260,222,310,active
700624,2024-08-10,5430,203,307,active
700625,2025-07-28,5305,208,315,active
700626,2024-11-18,5258,218,309,active
700627,2025-09-11,5272,223,316,cancelled
700628,2025-06-15,5411,211,314,active
700629,2025-04-23,5412,211,313,active
700630,2025-09-08,5535,222,316,cancelled
700631,2024-05-16,5369,212,305,active
700632,2024-04-27,5378,207,304,active
700633,2024-07-11,5402,214,306,active
700634,2025-01-17,5191,214,311,active
700635,2024-05-11,5246,207,305,active
700636,2025-08-26,5369,216,316,active
700637,2024-07-11,5544,208,306,active
700638,2024-08-06,5484,219,307,active
700639,2023-11-27,5579,221,301,active
700640,2024-05-10,5512,217,305,active
700641,2024-07-12,5313,212,306,active
700642,2024-05-11,5155,215,304,cancelled
700643,2024-07-18,5418,218,306,active
700644,2025-07-13,5300,223,315,active
700645,2024-12-23,5483,207,310,active
700646,2025-08-04,5245,216,315,active
700647,2024-01-19,5531,208,302,active
700648,2024-10-15,5104,206,308,active
700649,2025-07-06,5160,205,315,active
700650,2024-11-25,5037,215,309,active
700651,2024-02-16,5072,206,303,active
700652,2024-04-23,5196,204,304,active
700653,2025-06-28,5451,205,314,active
700654,2023-12-20,5513,211,301,active
700655,2024-06-01,5592,207,305,active
700656,2025-05-31,5085,218,314,active
700657,2025-07-09,5211,217,315,active
700658,2024-04-01,5589,207,304,active
700659,2024-10-02,5511,207,308,active
700660,2024-08-25,5184,217,307,active
700661,2024-03-01,5431,207,303,active
700662,2024-01-29,5081,217,302,active
700663,2024-10-26,5564,203,309,active
700664,2025-07-07,5562,218,315,active
700665,2025-05-05,5022,210,313,active
700666,2024-02-08,5208,219,302,active
700667,2024-06-01,5240,218,305,active
700668,2024-08-18,5295,216,307,active
700669,2024-01-20,5409,220,302,active
700670,2025-07-12,5415,209,315,active
700671,2024-03-27,5247,220,303,active
700672,2024-07-18,5104,209,306,active
700673,2024-04-23,5415,205,304,active
700674,2025-04-06,5531,204,312,active
700675,2024-08-11,5126,207,307,active
700676,2024-09-03,5370,211,307,active
700677,2024-09-29,5384,204,308,active
700678,2024-01-23,5107,207,302,active
700679,2024-09-22,5540,205,308,cancelled
700680,2024-04-10,5541,210,304,active
700681,2025-04-30,5199,212,313,active
700682,2025-04-08,5007,222,312,active
700683,2024-04-20,5416,218,304,active
700684,2024-09-18,5024,209,308,active
700685,2024-07-30,5399,217,306,cancelled
700686,2025-09-09,5305,201,316,active
700687,2025-08-28,5595,203,316,active
700688,2024-07-30,5013,206,306,active
700689,2024-05-31,5561,223,305,active
700690,2024-10-23,5155,210,308,active
700691,2024-09-03,5293,212,307,active
700692,2025-09-19,5304,202,316,active
700693,2025-01-18,5521,214,311,active
700694,2024-06-17,5219,207,305,active
700695,2024-05-11,5533,201,305,active
700696,2024-10-20,5510,222,308,cancelled
700697,2024-08-12,5344,210,307,active
700698,2024-12-19,5136,213,310,active
700699,2023-12-20,5289,201,301,active
700700,2024-09-30,5046,217,308,active
700701,2024-01-16,5474,216,302,active
700702,2024-10-01,5333,202,308,active
700703,2025-02-28,5056,211,312,active
700704,2025-07-05,5031,215,315,active
700705,2024-02-04,5575,205,302,cancelled
700706,2024-06-22,5042,204,306,active
700707,2023-12-18,5435,223,301,active
700708,2025-01-24,5446,223,311,active
700709,2024-07-16,5541,207,306,active
700710,2024-12-02,5274,220,309,active
700711,2024-08-09,5459,202,307,active
700712,2025-04-01,5502,209,312,active
700713,2025-05-14,5117,219,313,active
700714,2025-03-03,5405,208,312,active
700715,2024-11-12,5125,201,309,active
700716,2024-09-27,5184,213,308,active
700717,2024-11-04,5109,216,309,active
700718,2024-11-07,5028,223,309,active
700719,2024-02-21,5417,220,303,active
700720,2025-07-10,5288,219,315,active
700721,2024-04-30,5184,217,304,active
700722,2024-02-03,5532,212,302,active
700723,2025-06-12,5393,219,314,active
700724,2025-07-18,5015,204,315,active
700725,2025-05-23,5407,222,313,active
700726,2024-09-22,5377,212,308,active
700727,2024-09-04,5510,207,307,active
700728,2024-06-24,5504,219,306,active
700729,2024-09-20,5319,210,308,active
700730,2024-07-20,5271,217,306,active
700731,2024-07-29,5188,206,306,active
700732,2024-05-05,5291,202,304,active
700733,2024-11-25,5181,219,309,active
700734,2023-12-02,5304,205,301,active
700735,2024-01-02,5577,219,301,active
700736,2024-03-14,5562,202,303,active
700737,2024-05-06,5597,202,304,active
700738,2025-02-10,5168,202,311,active
700739,2024-02-05,5564,220,302,active
700740,2025-04-16,5449,216,313,active
700741,2025-03-14,5087,209,312,active
700742,2025-01-10,5040,209,310,cancelled
700743,2025-09-28,5171,224,316,active
700744,2025-05-05,5085,214,313,active
700745,2024-12-12,5018,206,310,active
700746,2025-05-07,5498,208,313,active
700747,2024-03-19,5291,214,303,active
700748,2024-02-14,5594,221,302,active
700749,2024-08-16,5017,215,307,active
700750,2024-02-02,5352,211,302,active
700751,2025-09-10,5503,214,316,active
700752,2023-12-19,5093,203,301,active
700753,2025-07-27,5512,210,315,active
700754,2025-03-20,5360,208,312,active
700755,2025-01-31,5206,207,311,active
700756,2025-06-01,5556,218,314,cancelled
700757,2025-03-18,5580,203,312,active
700758,2024-09-26,5352,216,308,active
700759,2025-08-09,5386,221,315,active
700760,2024-07-04,5327,206,306,active
700761,2024-10-26,5268,210,308,active
700762,2024-10-23,5500,204,308,active
700763,2024-07-04,5230,210,306,active
700764,2024-10-18,5319,212,308,cancelled
700765,2024-04-23,5430,215,304,active
700766,2024-04-15,5227,205,304,active
700767,2024-03-16,5407,210,303,active
700768,2024-12-10,5429,213,310,active
700769,2025-04-12,5597,220,312,active
700770,2024-02-05,5375,214,302,active
700771,2025-06-09,5550,207,314,active
700772,2024-08-14,5290,207,307,active
700773,2024-03-15,5223,222,303,active
700774,2024-09-25,5002,222,308,active
700775,2025-09-04,5225,217,316,active
700776,2024-03-30,5241,205,303,active
700777,2025-04-13,5203,220,313,active
700778,2025-08-02,5553,211,315,active
700779,2024-01-07,5018,214,302,active
700780,2024-07-19,5544,206,306,active
700781,2024-01-01,5546,222,301,active
700782,2024-02-18,5320,205,302,active
700783,2024-03-10,5548,202,303,active
700784,2024-07-15,5421,215,306,active
700785,2024-01-26,5512,208,302,active
700786,2024-03-24,5001,203,303,active
700787,2025-03-31,5567,214,312,active
700788,2024-03-29,5318,208,304,active
700789,2024-06-25,5339,201,306,active
700790,2024-01-15,5308,211,302,active
700791,2024-02-05,5033,216,302,active
700792,2024-01-17,5292,215,302,active
700793,2024-05-09,5575,222,304,active
700794,2024-09-06,5052,204,307,active
700795,2025-01-01,5274,216,310,active
700796,2025-08-09,5106,205,315,active
700797,2025-04-13,5524,211,313,active
700798,2025-07-20,5129,220,315,active
700799,2023-12-19,5019,213,301,active
700800,2025-07-06,5242,220,315,active
700801,2025-04-10,5423,218,312,active
700802,2025-04-19,5486,224,313,active
700803,2025-01-21,5347,221,311,active
700804,2024-08-30,5341,218,307,active
700805,2025-06-11,5507,212,314,active
700806,2025-01-05,5050,218,310,active
700807,2024-05-25,5244,210,305,active
700808,2024-05-24,5105,215,305,active
700809,2024-10-09,5256,212,308,active
700810,2025-07-05,5313,201,314,active
700811,2024-03-10,5330,203,303,active
700812,2025-06-29,5463,203,314,active
700813,2024-11-07,5190,220,309,active
700814,2025-09-10,5379,208,316,active
700815,2025-05-06,5374,215,313,active
700816,2025-03-23,5503,216,312,active
700817,2024-10-28,5417,223,309,active
700818,2023-11-26,5266,208,301,active
700819,2024-05-23,5197,217,305,active
700820,2024-06-22,5362,213,305,active
700821,2024-12-08,5252,223,310,active
700822,2024-03-31,5249,218,304,active
700823,2024-03-15,5491,218,303,active
700824,2025-01-23,5127,218,311,active
700825,2024-06-08,5210,208,305,cancelled
700826,2025-06-15,5361,206,314,active
700827,2024-01-21,5536,224,302,active
700828,2024-03-22,5026,211,303,active
700829,2024-02-24,5331,212,303,active
700830,2024-10-31,5424,216,309,active
700831,2024-06-18,5038,208,305,active
700832,2024-01-06,5464,219,302,active
700833,2024-02-22,5423,210,303,active
700834,2024-07-19,5195,217,306,active
700835,2024-02-17,5345,216,302,active
700836,2024-03-20,5029,216,303,active
700837,2024-10-14,5362,219,308,active
700838,2024-02-23,5196,224,303,active
700839,2024-02-17,5330,221,303,active
700840,2024-05-28,5425,222,305,active
700841,2024-03-01,5577,222,303,active
700842,2025-08-11,5317,214,315,active
700843,2024-11-29,5368,218,309,active
700844,2025-02-02,5254,208,311,active
700845,2025-05-25,5507,224,314,active
700846,2024-06-06,5592,213,305,active
700847,2024-04-22,5137,209,304,active
700848,2024-10-22,5376,218,308,active
700849,2025-04-29,5195,213,313,active
700850,2025-01-11,5094,209,310,active
700851,2025-03-25,5458,224,312,active
700852,2024-05-07,5178,220,304,active
700853,2025-05-24,5183,219,314,active
700854,2024-01-15,5198,203,302,active
700855,2025-02-12,5425,214,311,active
700856,2024-09-13,5169,224,308,active
700857,2025-04-12,5279,210,313,active
700858,2025-01-15,5393,202,310,active
700859,2024-08-01,5414,224,306,active
700860,2025-07-12,5405,203,315,active
700861,2024-09-08,5049,218,307,active
700862,2024-03-02,5091,213,303,active
700863,2025-06-16,5407,221,314,active
700864,2025-07-03,5472,213,314,active
700865,2024-05-26,5305,220,305,active
700866,2025-02-05,5193,210,311,active
700867,2025-03-06,5516,208,312,active
700868,2024-04-24,5189,217,304,active
700869,2024-03-31,5213,205,304,active
700870,2024-01-25,5169,208,302,active
700871,2024-02-18,5059,205,303,active
700872,2025-05-06,5218,208,313,active
700873,2024-09-28,5485,205,308,active
700874,2024-08-25,5036,223,307,active
700875,2025-07-24,5066,218,315,active
700876,2023-11-28,5120,218,301,active
700877,2023-12-11,5565,201,301,active
700878,2025-05-17,5457,222,313,active
700879,2024-07-01,5217,208,306,active
700880,2024-05-16,5223,217,305,active
700881,2024-05-20,5059,209,305,cancelled
700882,2024-08-03,5594,207,306,active
700883,2024-07-21,5301,203,306,active
700884,2024-10-27,5261,216,309,active
700885,2024-11-28,5141,209,309,active
700886,2024-04-29,5360,222,304,active
700887,2024-02-29,5147,224,303,active
700888,2025-08-02,5103,209,315,active
700889,2024-09-13,5210,202,308,active
700890,2025-09-15,5432,224,316,active
700891,2024-01-14,5134,216,302,active
700892,2024-06-22,5534,205,306,active
700893,2025-09-20,5120,204,316,active
700894,2024-09-23,5309,204,308,active
700895,2024-02-04,5473,203,302,active
700896,2025-05-21,5423,217,313,active
700897,2025-06-14,5592,202,314,active
700898,2024-04-22,5081,224,304,active
700899,2025-08-14,5008,206,315,active
700900,2024-12-02,5506,203,309,active
700901,2024-01-21,5228,207,302,active
700902,2023-12-10,5226,204,301,active
700903,2023-11-25,5486,220,301,active
700904,2025-03-02,5368,218,311,active
700905,2025-06-01,5287,224,314,active
700906,2025-06-05,5125,211,314,active
700907,2024-11-02,5380,209,309,active
700908,2025-08-15,5135,203,316,active
700909,2024-10-14,5025,218,308,active
700910,2024-03-24,5051,215,303,active
700911,2024-04-14,5568,211,304,active
700912,2024-12-06,5263,224,310,active
700913,2023-12-13,5151,204,301,active
700914,2024-11-13,5254,220,309,active
700915,2024-04-23,5033,216,304,active
700916,2024-02-29,5032,220,303,active
700917,2024-02-27,5319,221,303,active
700918,2024-05-19,5200,215,305,active
700919,2024-02-15,5078,201,302,active
700920,2024-03-19,5096,209,303,active
700921,2025-09-26,5346,207,316,active
700922,2025-03-20,5363,220,312,active
700923,2025-05-13,5377,208,313,active
700924,2025-05-12,5155,214,313,active
700925,2025-08-03,5547,210,315,active
700926,2024-03-13,5122,221,303,active
700927,2025-01-27,5142,222,311,active
700928,2025-08-21,5387,204,316,active
700929,2025-06-21,5303,221,314,active
700930,2025-05-28,5365,202,314,active
700931,2024-06-21,5293,217,305,active
700932,2024-11-25,5229,201,309,active
700933,2024-09-16,5468,216,308,cancelled
700934,2024-08-03,5513,212,307,active
700935,2025-02-05,5359,210,311,active
700936,2023-11-29,5334,209,301,active
700937,2025-07-05,5486,213,314,cancelled
700938,2025-04-29,5382,203,313,active
700939,2024-05-12,5220,220,305,active
700940,2023-12-28,5477,201,301,active
700941,2025-05-20,5519,221,313,active
700942,2024-04-12,5594,206,304,active
700943,2024-07-17,5527,210,306,cancelled
700944,2025-03-01,5091,212,312,active
700945,2023-12-29,5172,212,301,active
700946,2024-01-03,5312,219,301,active
700947,2024-11-23,5388,204,309,active
700948,2024-12-24,5338,208,310,active
700949,2023-12-14,5180,208,301,active
700950,2025-01-28,5556,203,311,active
700951,2024-12-16,5588,213,310,active
700952,2024-11-19,5039,224,309,active
700953,2024-04-02,5184,222,304,active
700954,2024-07-26,5404,220,306,active
700955,2024-10-29,5204,209,309,active
700956,2025-09-19,5340,205,316,active
700957,2024-01-28,5278,216,302,active
700958,2025-03-20,5094,203,312,active
700959,2024-08-02,5508,220,307,active
700960,2024-09-22,5143,203,308,active
700961,2024-12-15,5339,209,310,active
700962,2024-03-30,5289,209,304,cancelled
700963,2025-07-06,5576,204,315,active
700964,2024-06-13,5341,201,305,active
700965,2024-11-05,5522,201,309,active
700966,2024-03-31,5240,222,304,active
700967,2025-06-21,5484,206,314,active
700968,2025-03-02,5542,224,311,active
700969,2024-08-03,5426,222,307,cancelled
700970,2024-10-25,5525,214,309,active
700971,2024-12-17,5444,209,310,active
700972,2025-04-28,5416,215,313,active
700973,2024-01-25,5218,213,302,active
700974,2024-01-28,5432,204,302,active
700975,2025-05-08,5501,216,313,active
700976,2025-05-20,5589,211,313,active
700977,2024-11-19,5505,221,309,active
700978,2025-01-16,5267,211,310,active
700979,2025-09-21,5039,224,316,active
700980,2024-01-07,5572,217,302,active
700981,2024-04-01,5520,209,304,active
700982,2025-06-06,5539,208,314,active
700983,2025-02-18,5203,202,311,active
700984,2024-02-02,5026,222,302,active
700985,2025-03-07,5457,211,312,active
700986,2024-09-14,5041,222,308,active
700987,2024-04-10,5442,224,304,active
700988,2024-06-17,5450,212,305,active
700989,2025-01-22,5327,222,311,active
700990,2024-07-07,5107,215,306,active
700991,2024-01-12,5181,219,302,active
700992,2024-10-27,5344,221,308,active
700993,2024-06-04,5304,218,305,active
700994,2024-11-07,5340,223,309,active
700995,2024-02-21,5527,201,303,active
700996,2024-03-23,5348,216,303,active
700997,2025-09-09,5210,210,316,active
700998,2025-07-31,5267,216,315,active
700999,2025-03-11,5379,213,312,active
701000,2024-03-06,5405,212,303,active
701001,2025-07-29,5387,203,315,active
701002,2024-02-25,5434,208,303,active
701003,2024-05-13,5375,213,305,active
701004,2024-05-19,5276,210,305,active
701005,2024-03-29,5463,214,304,active
701006,2024-04-28,5579,205,304,active
701007,2025-06-26,5138,221,314,active
701008,2024-09-22,5158,201,308,active
701009,2025-08-17,5048,221,315,active
701010,2024-01-11,5230,208,302,cancelled
701011,2024-12-06,5401,215,309,active
701012,2024-12-17,5434,224,310,active
701013,2025-05-23,5227,224,313,active
701014,2025-03-26,5113,203,312,active
701015,2024-05-12,5073,224,305,active
701016,2025-04-13,5597,219,313,active
701017,2024-05-26,5461,213,305,active
701018,2025-02-19,5105,205,311,cancelled
701019,2024-01-07,5056,213,301,active
701020,2024-07-13,5018,215,306,active
701021,2025-02-10,5402,217,311,active
701022,2024-10-10,5436,204,308,active
701023,2024-07-04,5254,218,306,active
701024,2025-02-20,5209,218,311,active
701025,2025-04-16,5431,209,313,cancelled
701026,2024-09-28,5559,211,308,active
701027,2025-04-19,5254,203,313,active
701028,2024-05-26,5248,213,305,active
701029,2024-02-25,5155,205,303,active
701030,2024-03-01,5501,220,303,active
701031,2025-08-04,5035,212,315,active
701032,2025-07-31,5475,216,315,active
701033,2024-02-15,5351,210,302,active
701034,2024-06-04,5034,212,305,active
701035,2025-06-21,5452,220,314,active
701036,2025-09-15,5342,211,316,active
701037,2024-09-29,5296,224,308,active
701038,2024-10-03,5348,209,308,active
701039,2025-03-17,5015,208,312,active
701040,2025-07-06,5341,208,314,active
701041,2023-12-25,5385,213,301,active
701042,2024-12-21,5377,214,310,active
701043,2024-03-20,5487,224,303,active
701044,2024-09-24,5171,214,308,active
701045,2024-08-12,5551,220,307,active
701046,2025-02-28,5589,213,312,active
701047,2024-06-27,5356,210,306,active
701048,2024-07-12,5243,222,306,active
701049,2025-02-26,5280,219,311,active
701050,2024-03-15,5411,220,303,cancelled
701051,2025-03-24,5019,206,312,active
701052,2024-02-16,5448,213,302,active
701053,2024-12-31,5585,202,310,active
701054,2024-10-01,5487,224,308,active
701055,2025-05-06,5574,207,313,cancelled
701056,2024-08-12,5485,215,307,active
701057,2024-07-18,5597,222,306,active
701058,2025-02-11,5068,207,311,active
701059,2024-07-18,5267,217,306,active
701060,2025-03-11,5146,221,312,active
701061,2023-12-14,5171,209,301,active
701062,2024-01-07,5218,217,301,active
701063,2024-02-08,5170,216,302,active
701064,2024-08-04,5509,220,307,active
701065,2024-08-26,5176,213,307,active
701066,2024-09-30,5594,220,308,active
701067,2024-12-08,5459,211,310,active
701068,2024-11-21,5591,224,309,active
701069,2025-04-03,5385,209,312,active
701070,2025-04-11,5130,210,313,active
701071,2025-07-10,5294,217,315,active
701072,2024-05-04,5159,222,304,active
701073,2024-05-10,5051,208,304,active
701074,2025-02-28,5073,216,311,active
701075,2025-09-10,5438,209,316,active
701076,2025-07-25,5204,215,315,active
701077,2025-07-12,5285,209,315,active
701078,2024-04-13,5539,217,304,active
701079,2025-05-24,5569,221,313,active
701080,2024-08-07,5056,211,307,active
701081,2024-07-04,5535,212,306,active
701082,2024-08-25,5535,210,307,active
701083,2025-07-29,5197,210,315,active
701084,2024-09-25,5442,205,308,active
701085,2024-01-16,5277,215,302,active
701086,2024-10-01,5540,216,308,active
701087,2025-06-03,5398,214,314,active
701088,2024-04-19,5558,214,304,active
701089,2024-01-24,5200,223,302,active
701090,2024-07-02,5283,208,306,active
701091,2024-03-24,5011,203,303,active
701092,2025-03-08,5448,204,312,active
701093,2025-03-19,5222,209,312,active
701094,2024-03-02,5010,223,303,active
701095,2024-05-18,5204,207,305,active
701096,2024-01-19,5523,215,302,active
701097,2024-11-24,5585,209,309,active
701098,2025-04-13,5331,223,313,active
701099,2024-04-02,5565,221,304,active
701100,2024-05-10,5339,214,305,active
701101,2025-04-10,5157,203,312,active
701102,2024-04-02,5200,224,304,active
701103,2025-06-11,5177,206,314,active
701104,2024-07-07,5595,204,306,active
701105,2024-07-14,5512,210,306,active
701106,2024-12-04,5138,210,309,active
701107,2024-04-14,5134,221,304,active
701108,2024-02-28,5403,222,303,active
701109,2025-06-18,5200,206,314,active
701110,2025-01-19,5320,221,311,active
701111,2025-07-06,5384,212,315,active
701112,2025-05-25,5271,201,314,active
701113,2024-12-17,5589,214,310,active
701114,2024-09-26,5552,223,308,active
701115,2025-05-07,5181,207,313,active
701116,2024-07-16,5064,219,306,active
701117,2024-12-25,5265,220,310,active
701118,2025-04-16,5308,211,313,active
701119,2025-04-04,5402,211,312,active
701120,2024-02-15,5393,203,302,active
701121,2025-05-19,5011,223,313,active
701122,2024-09-05,5519,220,307,active
701123,2024-10-19,5258,208,308,active
701124,2024-08-30,5510,205,307,active
701125,2025-06-10,5191,220,314,active
701126,2023-12-19,5086,203,301,active
701127,2024-05-05,5261,209,304,active
701128,2024-09-29,5306,219,308,active
701129,2025-04-19,5069,203,313,active
701130,2025-04-08,5505,221,312,active
701131,2025-03-07,5277,204,312,active
701132,2024-07-18,5014,217,306,active
701133,2024-05-05,5171,212,304,active
701134,2024-04-13,5593,210,304,active
701135,2025-02-16,5583,209,311,active
701136,2024-11-12,5118,207,309,active
701137,2023-12-14,5019,211,301,active
701138,2024-06-27,5039,223,306,active
701139,2024-09-17,5504,205,308,active
701140,2025-06-30,5491,207,314,active
701141,2025-01-21,5257,201,311,active
701142,2024-02-03,5565,221,302,active
701143,2025-06-29,5489,206,314,active
701144,2025-05-28,5161,206,314,active
701145,2024-01-25,5053,220,302,active
701146,2024-03-07,5034,214,303,active
701147,2024-01-11,5188,212,302,active
701148,2025-02-22,5592,217,311,active
701149,2025-03-28,5215,224,312,active
701150,2025-04-07,5326,206,312,active
701151,2024-12-28,5045,213,310,active
701152,2024-05-19,5338,204,305,active
701153,2024-10-17,5304,217,308,active
701154,2024-02-23,5495,217,303,active
701155,2024-08-16,5181,222,307,active
701156,2024-10-30,5393,205,309,active
701157,2024-09-08,5296,202,307,active
701158,2024-04-21,5133,206,304,cancelled
701159,2024-10-04,5416,201,308,active
701160,2025-06-08,5556,214,314,active
701161,2024-10-07,5211,212,308,active
701162,2025-01-10,5138,218,310,active
701163,2025-02-14,5516,223,311,active
701164,2024-08-02,5204,212,306,active
701165,2024-10-07,5213,201,308,active
701166,2024-10-05,5416,212,308,active
701167,2025-07-17,5492,201,315,active
701168,2024-12-11,5037,221,310,active
701169,2024-10-01,5468,220,308,active
701170,2025-07-04,5036,201,314,active
701171,2025-01-12,5321,222,310,active
701172,2025-08-17,5474,223,315,active
701173,2025-04-11,5504,203,312,active
701174,2025-05-11,5453,211,313,active
701175,2024-08-03,5296,201,307,active
701176,2023-12-26,5579,222,301,active
701177,2024-12-08,5405,207,309,active
701178,2025-04-13,5229,221,312,active
701179,2025-04-20,5105,206,313,active
701180,2024-03-13,5087,219,303,active
701181,2024-11-13,5227,207,309,active
701182,2025-07-18,5051,223,315,active
701183,2024-09-17,5206,217,308,active
701184,2025-07-14,5009,206,315,active
701185,2025-05-29,5001,219,314,active
701186,2024-04-02,5482,214,304,active
701187,2025-04-16,5451,201,313,active
701188,2025-07-18,5463,207,315,active
701189,2024-09-05,5019,210,307,active
701190,2024-06-04,5253,202,305,active
701191,2025-09-27,5294,217,316,active
701192,2024-06-15,5504,202,305,active
701193,2023-12-20,5068,221,301,active
701194,2025-01-25,5047,210,311,active
701195,2025-06-03,5432,216,314,active
701196,2025-02-20,5397,208,311,active
701197,2024-05-14,5461,217,305,cancelled
701198,2024-06-25,5411,220,306,active
701199,2024-09-18,5555,215,308,active
701200,2025-05-26,5215,208,314,cancelled
701201,2024-03-15,5593,222,303,active
701202,2025-06-27,5127,211,314,active
701203,2025-04-15,5464,222,313,active
701204,2025-07-05,5279,204,314,active
701205,2025-01-01,5108,203,310,active
701206,2024-01-07,5457,221,301,active
701207,2025-01-27,5364,221,311,active
701208,2024-12-21,5005,220,310,active
701209,2024-01-10,5583,218,302,active
701210,2025-05-01,5073,224,313,active
701211,2024-06-04,5252,219,305,active
701212,2025-09-11,5193,217,316,active
701213,2024-04-23,5223,217,304,active
701214,2025-01-20,5521,220,311,active
701215,2024-11-02,5317,201,309,active
701216,2024-08-31,5545,220,307,active
701217,2025-06-28,5567,210,314,active
701218,2024-12-08,5588,219,310,active
701219,2024-05-11,5215,214,305,active
701220,2024-06-22,5370,223,306,active
701221,2025-04-17,5543,211,313,active
701222,2025-03-08,5540,215,312,active
701223,2024-10-19,5492,224,308,active
701224,2024-04-27,5599,206,304,active
701225,2024-09-06,5299,217,307,active
701226,2023-12-25,5225,209,301,active
701227,2024-03-03,5083,205,303,active
701228,2023-12-20,5514,208,301,active
701229,2024-08-29,5448,215,307,active
701230,2025-08-27,5151,212,316,active
701231,2024-07-05,5554,224,306,active
701232,2024-06-18,5104,204,305,active
701233,2024-04-28,5399,212,304,active
701234,2024-12-25,5048,201,310,active
701235,2024-11-01,5171,201,309,active
701236,2024-02-02,5306,221,302,active
701237,2025-08-26,5055,212,316,active
701238,2025-07-10,5248,218,315,active
701239,2023-12-25,5297,213,301,active
701240,2024-06-07,5281,206,305,active
701241,2025-08-14,5443,212,315,active
701242,2024-01-28,5290,213,302,active
701243,2024-02-17,5196,203,302,active
701244,2025-07-12,5562,223,315,active
701245,2025-05-16,5474,215,313,active
701246,2024-10-29,5553,212,309,active
701247,2024-11-07,5591,219,309,active
701248,2024-08-03,5138,216,306,active
701249,2024-11-02,5274,213,309,active
701250,2023-12-17,5408,214,301,active
701251,2024-02-17,5345,203,302,active
701252,2025-08-22,5316,207,316,active
701253,2024-01-21,5570,223,302,active
701254,2025-03-20,5156,210,312,active
701255,2025-06-13,5283,218,314,active
701256,2024-08-12,5359,201,307,active
701257,2024-10-13,5043,209,308,active
701258,2024-08-29,5550,218,307,active
701259,2025-07-10,5525,214,315,active
701260,2025-06-17,5022,202,314,active
701261,2025-03-01,5222,205,311,active
701262,2024-07-28,5153,203,306,active
701263,2024-07-03,5095,205,306,active
701264,2025-09-26,5397,220,316,active
701265,2024-06-29,5070,212,306,active
701266,2025-01-22,5219,224,311,active
701267,2024-01-17,5066,218,302,active
701268,2025-01-11,5242,208,310,active
701269,2024-12-14,5249,207,310,active
701270,2025-09-07,5091,222,316,active
701271,2025-07-14,5549,223,315,active
701272,2024-03-12,5489,202,303,active
701273,2024-08-08,5225,222,307,cancelled
701274,2024-02-27,5339,210,303,active
701275,2024-02-21,5340,208,303,active
701276,2025-08-13,5420,209,315,active
701277,2025-07-04,5535,209,314,active
701278,2025-08-31,5037,213,316,active
701279,2024-04-02,5148,206,304,cancelled
701280,2024-11-12,5506,220,309,active
701281,2024-09-01,5558,221,307,active
701282,2025-02-23,5345,221,311,active
701283,2025-04-10,5107,204,312,active
701284,2025-08-25,5310,210,316,active
701285,2025-06-15,5517,224,314,active
701286,2025-09-21,5109,202,316,active
701287,2025-04-17,5466,223,313,active
701288,2025-07-15,5340,202,315,active
701289,2024-06-08,5464,201,305,active
701290,2025-07-26,5231,203,315,active
701291,2024-03-31,5390,205,304,active
701292,2024-10-01,5082,215,308,active
701293,2025-07-28,5471,222,315,active
701294,2024-03-21,5228,208,303,active
701295,2023-12-19,5503,222,301,active
701296,2024-06-29,5558,222,306,active
701297,2023-12-13,5067,219,301,active
701298,2025-09-11,5151,214,316,active
701299,2025-04-14,5151,218,313,active
701300,2024-08-23,5244,215,307,active
701301,2024-04-05,5361,213,304,active
701302,2024-01-07,5379,208,302,active
701303,2024-08-29,5405,201,307,active
701304,2024-06-19,5341,204,305,active
701305,2025-03-16,5489,215,312,active
701306,2025-08-26,5068,212,316,active
701307,2024-02-23,5143,216,303,active
701308,2025-07-28,5121,206,315,active
701309,2025-07-06,5221,211,315,active
701310,2025-05-25,5264,205,313,active
701311,2023-12-09,5441,208,301,active
701312,2025-09-18,5297,204,316,active
701313,2024-06-27,5404,212,306,active
701314,2024-01-19,5198,221,302,active
701315,2024-01-14,5151,202,302,active
701316,2025-07-13,5379,203,315,active
701317,2025-07-24,5015,201,315,cancelled
701318,2023-12-10,5555,215,301,active
701319,2024-06-02,5142,201,305,active
701320,2023-11-28,5570,201,301,active
701321,2024-07-31,5528,209,306,active
701322,2024-11-24,5015,223,309,active
701323,2024-08-03,5467,222,307,active
701324,2024-09-12,5426,212,307,active
701325,2024-12-30,5566,222,310,active
701326,2024-01-09,5086,204,302,active
701327,2025-01-11,5339,211,310,active
701328,2024-02-19,5396,207,303,active
701329,2024-01-13,5536,217,302,active
701330,2025-07-21,5070,210,315,active
701331,2025-05-23,5056,222,313,active
701332,2025-03-28,5410,208,312,active
701333,2025-05-30,5175,204,314,active
701334,2024-03-06,5324,212,303,active
701335,2025-07-04,5589,208,314,active
701336,2025-05-11,5565,222,313,active
701337,2024-02-01,5052,205,302,active
701338,2025-07-11,5268,222,315,active
701339,2025-01-03,5274,209,310,active
701340,2024-05-23,5129,214,305,active
701341,2024-03-28,5130,224,303,active
701342,2025-05-26,5436,223,314,active
701343,2024-07-12,5268,219,306,active
701344,2025-02-20,5478,212,311,active
701345,2024-12-22,5431,216,310,active
701346,2025-06-04,5326,216,314,active
701347,2025-07-29,5374,207,315,active
701348,2023-12-16,5581,208,301,active
701349,2024-12-07,5574,215,310,active
701350,2025-01-29,5312,214,311,active
701351,2025-09-25,5126,212,316,active
701352,2025-04-23,5588,211,313,active
701353,2025-07-24,5346,224,315,active
701354,2024-07-15,5480,221,306,active
701355,2025-03-17,5386,204,312,active
701356,2025-03-01,5369,207,312,active
701357,2025-01-18,5564,210,310,active
701358,2024-11-22,5212,201,309,active
701359,2024-03-24,5264,201,303,cancelled
701360,2024-08-11,5409,207,307,active
701361,2024-03-25,5577,203,303,active
701362,2025-04-01,5319,217,312,active
701363,2024-02-05,5042,219,302,active
701364,2025-01-28,5371,222,311,active
701365,2025-03-13,5112,205,312,active
701366,2024-01-12,5186,204,302,active
701367,2025-05-16,5458,201,313,active
701368,2025-08-13,5404,209,315,active
701369,2023-11-25,5027,221,301,active
701370,2024-03-31,5230,211,304,active
701371,2024-03-03,5269,224,303,active
701372,2024-08-11,5124,206,307,active
701373,2025-09-14,5075,224,316,active
701374,2025-04-20,5161,222,313,active
701375,2023-12-20,5464,209,301,active
701376,2024-04-21,5499,207,304,active
701377,2024-02-11,5566,203,302,active
701378,2023-11-30,5346,216,301,active
701379,2024-10-09,5185,213,308,active
701380,2024-11-15,5080,220,309,active
701381,2025-02-09,5536,203,311,active
701382,2025-01-12,5247,204,310,active
701383,2025-02-17,5259,203,311,active
701384,2025-05-19,5175,219,313,active
701385,2025-08-04,5188,205,315,active
701386,2024-06-30,5270,219,306,active
701387,2025-04-11,5003,206,313,active
701388,2024-07-31,5374,223,306,active
701389,2023-12-16,5316,207,301,active
701390,2024-07-15,5126,222,306,active
701391,2024-12-18,5392,223,310,active
701392,2024-08-02,5529,213,307,active
701393,2025-06-03,5526,208,314,active
701394,2024-05-11,5039,217,304,active
701395,2023-12-09,5137,223,301,active
701396,2024-05-05,5551,224,304,active
701397,2024-08-03,5463,206,306,active
701398,2025-06-23,5163,218,314,active
701399,2024-01-27,5474,202,302,active
701400,2023-12-05,5294,221,301,active
701401,2025-08-18,5279,201,316,active
701402,2025-06-03,5083,221,314,active
701403,2024-08-17,5259,204,307,active
701404,2024-06-22,5584,210,305,active
701405,2025-03-19,5550,212,312,active
701406,2025-08-11,5503,207,315,active
701407,2023-12-29,5434,206,301,cancelled
701408,2025-01-09,5266,211,310,active
701409,2024-06-03,5489,223,305,active
701410,2025-07-04,5545,209,314,cancelled
701411,2024-04-17,5465,215,304,active
701412,2023-11-26,5449,209,301,cancelled
701413,2024-01-04,5019,206,301,active
701414,2025-04-08,5152,205,312,active
701415,2025-03-09,5535,205,312,active
701416,2024-10-10,5146,204,308,active
701417,2023-12-07,5476,220,301,active
701418,2023-12-10,5566,206,301,active
701419,2025-03-06,5454,207,312,cancelled
701420,2025-09-09,5580,222,316,active
701421,2025-05-18,5564,223,313,active
701422,2025-04-14,5221,223,313,active
701423,2024-02-16,5013,212,302,active
701424,2024-08-29,5309,201,307,active
701425,2025-04-01,5119,205,312,active
701426,2024-06-08,5186,201,305,cancelled
701427,2025-04-17,5572,205,313,active
701428,2025-06-28,5052,224,314,active
701429,2024-02-23,5323,203,303,cancelled
701430,2025-05-06,5210,220,313,active
701431,2024-03-02,5468,222,303,active
701432,2025-04-04,5121,209,312,active
701433,2024-06-04,5004,221,305,active
701434,2024-02-03,5291,203,302,active
701435,2024-05-14,5326,214,305,active
701436,2024-11-01,5374,221,309,active
701437,2024-03-30,5516,213,303,active
701438,2024-10-10,5504,202,308,active
701439,2024-07-21,5525,213,306,cancelled
701440,2024-08-15,5059,220,307,active
701441,2024-08-06,5571,205,307,active
701442,2025-06-29,5192,204,314,active
701443,2025-09-13,5415,212,316,active
701444,2025-08-04,5376,214,315,active
701445,2025-06-28,5481,208,314,active
701446,2025-03-30,5199,222,312,active
701447,2024-07-26,5222,207,306,active
701448,2024-09-09,5117,209,307,active
701449,2024-07-05,5436,210,306,active
701450,2024-01-21,5137,216,302,active
701451,2025-07-19,5221,211,315,active
701452,2025-09-06,5454,204,316,active
701453,2025-07-15,5520,223,315,active
701454,2025-04-29,5026,224,313,active
701455,2024-02-09,5437,209,302,active
701456,2025-07-29,5171,221,315,cancelled
701457,2025-07-27,5537,223,315,active
701458,2025-02-17,5242,207,311,active
701459,2025-08-11,5004,204,315,cancelled
701460,2025-01-31,5234,201,311,active
701461,2023-12-04,5037,223,301,active
701462,2024-12-01,5557,223,309,active
701463,2025-06-06,5461,222,314,active
701464,2025-07-26,5472,201,315,active
701465,2025-02-11,5003,206,311,active
701466,2025-08-13,5328,219,315,active
701467,2025-06-03,5403,217,314,active
701468,2023-11-27,5257,212,301,active
701469,2024-11-28,5081,213,309,active
701470,2024-01-31,5049,206,302,active
701471,2024-03-10,5298,215,303,active
701472,2024-10-28,5084,201,309,active
701473,2024-05-06,5220,203,304,active
701474,2024-09-06,5577,223,307,active
701475,2025-05-13,5217,217,313,active
701476,2024-04-29,5208,214,304,active
701477,2025-07-20,5011,210,315,active
701478,2024-12-06,5361,203,309,cancelled
701479,2025-03-15,5035,214,312,active
701480,2024-12-13,5405,211,310,active
701481,2024-01-30,5414,219,302,active
701482,2025-04-10,5453,214,312,active
701483,2025-01-17,5338,222,310,active
701484,2024-10-12,5445,220,308,active
701485,2024-03-15,5108,224,303,active
701486,2025-08-18,5478,215,316,active
701487,2024-01-06,5542,218,302,active
701488,2025-06-16,5520,203,314,active
701489,2025-02-24,5364,211,311,active
701490,2025-06-11,5390,223,314,active
701491,2024-11-01,5058,205,309,active
701492,2024-11-06,5509,217,309,active
701493,2025-06-22,5495,210,314,active
701494,2024-01-18,5220,205,302,active
701495,2024-07-24,5473,201,306,active
701496,2025-08-21,5077,223,316,active
701497,2024-07-09,5291,224,306,active
701498,2024-06-01,5315,218,305,active
701499,2025-03-07,5049,204,312,active
701500,2024-03-16,5581,215,303,active
701501,2025-07-30,5487,222,315,active
701502,2025-04-17,5298,207,313,active
701503,2024-02-01,5397,215,302,active
701504,2025-07-14,5253,211,315,active
701505,2024-11-25,5166,218,309,active
701506,2024-07-28,5097,214,306,active
701507,2024-03-20,5170,220,303,active
701508,2025-06-14,5331,206,314,active
701509,2025-06-12,5087,223,314,active
701510,2023-12-30,5063,206,301,active
701511,2024-11-28,5001,224,309,cancelled
701512,2024-12-12,5388,201,310,active
701513,2024-02-08,5487,215,302,active
701514,2024-04-28,5289,206,304,active
701515,2024-03-29,5003,220,303,active
701516,2025-08-19,5017,202,316,active
701517,2024-03-14,5363,222,303,active
701518,2024-09-30,5163,223,308,active
701519,2024-08-29,5492,221,307,active
701520,2024-08-22,5403,202,307,active
701521,2023-12-27,5597,201,301,active
701522,2024-08-20,5493,224,307,active
701523,2024-08-03,5413,202,307,active
701524,2024-12-23,5420,224,310,active
701525,2024-09-11,5170,221,307,active
701526,2025-03-06,5231,208,312,active
701527,2025-09-07,5498,204,316,active
701528,2024-05-03,5114,212,304,active
701529,2025-09-24,5542,224,316,active
701530,2025-05-01,5404,215,313,cancelled
701531,2024-12-02,5453,201,309,active
701532,2025-05-04,5587,202,313,active
701533,2025-07-15,5049,211,315,active
701534,2024-02-26,5547,218,303,active
701535,2025-06-02,5437,221,314,active
701536,2024-04-12,5079,221,304,active
701537,2024-12-27,5376,224,310,active
701538,2024-10-02,5599,213,308,active
701539,2024-09-11,5218,222,307,active
701540,2024-09-07,5219,201,307,active
701541,2024-10-01,5576,222,308,active
701542,2025-05-07,5462,204,313,active
701543,2024-01-13,5112,219,302,active
701544,2025-09-23,5325,208,316,active
701545,2025-05-24,5414,204,314,active
701546,2023-12-27,5188,205,301,active
701547,2025-06-09,5031,217,314,active
701548,2025-04-30,5435,224,313,active
701549,2024-09-04,5318,224,307,active
701550,2024-10-06,5342,216,308,active
701551,2025-01-07,5144,205,310,active
701552,2023-11-25,5011,210,301,active
701553,2024-03-05,5324,221,303,active
701554,2025-02-27,5003,220,311,cancelled
701555,2024-07-25,5101,209,306,active
701556,2024-04-02,5329,204,304,active
701557,2023-12-28,5334,218,301,active
701558,2025-04-18,5307,202,313,active
701559,2025-09-18,5284,222,316,active
701560,2023-12-22,5246,208,301,active
701561,2024-05-15,5259,201,305,cancelled
701562,2025-09-17,5439,215,316,active
701563,2024-03-11,5151,208,303,active
701564,2024-12-14,5423,209,310,active
701565,2024-07-16,5480,220,306,active
701566,2025-09-15,5149,222,316,active
701567,2025-03-15,5015,206,312,active
701568,2025-09-05,5238,202,316,active
701569,2025-09-28,5581,203,316,active
701570,2023-12-26,5349,204,301,active
701571,2024-08-10,5285,206,307,active
701572,2024-11-05,5180,210,309,active
701573,2024-05-30,5420,223,305,active
701574,2024-09-27,5168,201,308,active
701575,2024-09-29,5318,218,308,active
701576,2024-07-11,5218,208,306,active
701577,2025-08-21,5582,209,316,active
701578,2025-08-23,5358,210,316,active
701579,2025-02-20,5026,202,311,cancelled
701580,2024-02-24,5034,214,303,active
701581,2024-06-22,5529,206,306,active
701582,2025-08-21,5067,209,316,active
701583,2024-05-23,5515,217,305,cancelled
701584,2025-09-20,5071,202,316,active
701585,2025-05-25,5243,218,313,active
701586,2025-07-03,5454,214,314,active
701587,2024-09-20,5568,210,308,active
701588,2024-07-03,5597,222,306,active
701589,2025-08-31,5258,205,316,active
701590,2025-01-23,5574,210,311,active
701591,2024-05-22,5045,203,305,active
701592,2024-12-04,5409,211,309,active
701593,2024-10-25,5178,223,309,active
701594,2024-08-28,5167,223,307,active
701595,2023-12-15,5108,210,301,active
701596,2024-02-15,5314,211,302,active
701597,2024-08-29,5198,217,307,active
701598,2024-05-30,5220,216,305,active
701599,2024-11-27,5304,204,309,active
701600,2024-02-07,5494,202,302,active
701601,2025-04-30,5174,203,313,active
701602,2024-07-28,5054,210,306,active
701603,2024-12-30,5469,213,310,active
701604,2025-05-21,5202,216,313,active
701605,2025-03-21,5178,215,312,active
701606,2025-08-24,5353,201,316,cancelled
701607,2025-06-18,5441,224,314,active
701608,2024-03-25,5598,203,303,active
701609,2025-09-23,5201,218,316,active
701610,2024-02-13,5127,202,302,active
701611,2025-07-06,5433,222,315,active
701612,2024-03-29,5187,214,304,active
701613,2025-01-30,5481,214,311,active
701614,2025-08-24,5196,204,316,active
701615,2024-01-10,5339,214,302,active
701616,2024-07-04,5325,204,306,active
701617,2024-06-08,5135,222,305,active
701618,2024-01-17,5409,209,302,active
701619,2024-11-28,5308,220,309,active
701620,2023-12-05,5017,224,301,active
701621,2025-05-21,5278,211,313,active
701622,2024-12-07,5422,208,309,active
701623,2025-04-15,5554,210,313,active
701624,2024-06-20,5275,206,305,active
701625,2024-04-06,5291,218,304,cancelled
701626,2025-04-26,5242,224,313,active
701627,2024-10-07,5562,214,308,active
701628,2025-01-07,5516,214,310,active
701629,2025-09-18,5396,204,316,active
701630,2024-03-10,5410,224,303,active
701631,2024-10-11,5555,205,308,active
701632,2024-03-26,5225,207,303,active
701633,2025-07-03,5554,211,314,active
701634,2025-05-15,5069,221,313,active
701635,2024-03-04,5212,218,303,active
701636,2025-02-06,5236,206,311,active
701637,2024-03-25,5201,202,303,active
701638,2024-09-01,5296,222,307,active
701639,2025-08-12,5363,202,315,active
701640,2025-07-02,5007,205,314,active
701641,2024-02-04,5307,202,302,active
701642,2024-02-17,5344,206,303,active
701643,2025-05-11,5530,206,313,active
701644,2025-08-03,5489,211,315,active
701645,2025-07-03,5116,221,314,active
701646,2024-08-07,5267,222,307,active
701647,2025-06-04,5342,220,314,active
701648,2024-07-07,5392,220,306,active
701649,2025-09-11,5315,219,316,active
701650,2025-01-21,5536,202,311,active
701651,2024-05-16,5402,220,305,active
701652,2024-10-22,5420,218,308,cancelled
701653,2024-01-25,5541,223,302,active
701654,2025-07-25,5250,223,315,active
701655,2024-10-03,5472,221,308,active
701656,2024-09-11,5099,214,307,active
701657,2025-08-23,5557,202,316,active
701658,2023-12-27,5173,221,301,active
701659,2025-07-26,5221,217,315,active
701660,2024-07-04,5149,224,306,active
701661,2024-06-20,5349,222,305,active
701662,2024-08-18,5371,216,307,active
701663,2025-09-26,5538,212,316,active
701664,2024-07-10,5084,202,306,active
701665,2025-08-20,5265,208,316,active
701666,2025-07-30,5551,221,315,active
701667,2024-09-30,5280,207,308,active
701668,2025-07-21,5580,224,315,active
701669,2024-04-02,5447,218,304,active
701670,2025-08-23,5234,210,316,active
701671,2024-02-18,5479,220,302,active
701672,2025-04-18,5295,222,313,active
701673,2025-04-16,5260,213,313,active
701674,2025-05-31,5496,221,314,active
701675,2024-05-18,5246,215,305,active
701676,2025-01-14,5203,219,310,active
701677,2024-04-12,5098,213,304,active
701678,2024-02-05,5445,210,302,active
701679,2024-10-28,5119,212,309,active
701680,2025-03-06,5381,211,312,active
701681,2025-09-11,5520,221,316,active
701682,2023-11-26,5297,222,301,active
701683,2024-05-31,5231,202,305,active
701684,2025-06-26,5418,212,314,active
701685,2024-07-09,5338,216,306,active
701686,2024-08-14,5001,215,307,active
701687,2024-03-18,5332,201,303,active
701688,2025-02-21,5556,217,311,active
701689,2025-01-20,5494,213,311,active
701690,2024-12-21,5319,203,310,active
701691,2024-02-26,5343,207,303,cancelled
701692,2025-01-29,5098,204,311,active
701693,2024-01-02,5015,224,301,active
701694,2025-01-10,5393,202,310,active
701695,2024-09-26,5151,209,308,active
701696,2025-02-26,5459,217,311,cancelled
701697,2024-10-31,5053,210,309,active
701698,2025-09-20,5325,208,316,active
701699,2024-05-01,5385,211,304,active
701700,2024-06-22,5391,219,306,active
701701,2023-12-04,5582,215,301,active
701702,2025-07-06,5539,218,314,active
701703,2024-10-16,5111,220,308,active
701704,2025-09-28,5203,203,316,active
701705,2024-02-22,5559,203,303,active
701706,2025-01-17,5413,205,311,active
701707,2023-12-05,5467,206,301,active
701708,2025-07-04,5291,220,314,active
701709,2024-04-22,5396,204,304,active
701710,2025-04-02,5060,214,312,active
701711,2025-03-27,5102,203,312,active
701712,2024-01-07,5330,223,302,active
701713,2025-01-28,5560,217,311,active
701714,2025-02-28,5009,219,311,active
701715,2024-08-07,5006,220,307,active
701716,2025-02-03,5396,216,311,active
701717,2024-12-30,5116,208,310,active
701718,2024-11-13,5523,220,309,active
701719,2025-06-12,5081,207,314,active
701720,2024-03-18,5330,203,303,active
701721,2023-12-29,5594,218,301,active
701722,2025-03-14,5304,203,312,active
701723,2024-03-04,5198,223,303,active
701724,2023-12-03,5302,203,301,active
701725,2025-05-04,5230,217,313,active
701726,2024-10-27,5315,210,309,active
701727,2024-09-09,5555,201,307,active
701728,2025-06-12,5595,214,314,active
701729,2025-06-13,5331,208,314,active
701730,2025-04-21,5214,212,313,cancelled
701731,2024-11-15,5068,213,309,active
701732,2025-07-16,5196,208,315,active
701733,2024-03-23,5066,206,303,active
701734,2024-06-15,5599,219,305,active
701735,2024-12-03,5297,214,309,active
701736,2024-01-29,5408,203,302,active
701737,2024-07-10,5495,212,306,active
701738,2025-08-06,5139,205,315,active
701739,2024-07-15,5592,222,306,active
701740,2024-11-15,5300,208,309,active
701741,2025-04-18,5067,220,313,active
701742,2025-05-23,5045,220,313,active
701743,2023-12-07,5111,208,301,active
701744,2025-04-02,5494,217,312,active
701745,2024-08-14,5137,215,307,active
701746,2025-03-15,5131,210,312,active
701747,2025-03-04,5365,219,312,active
701748,2023-11-27,5431,202,301,active
701749,2024-01-20,5070,222,302,active
701750,2025-08-21,5418,214,316,active
701751,2024-04-06,5569,212,304,active
701752,2025-04-07,5557,206,312,active
701753,2023-12-22,5285,218,301,active
701754,2025-08-23,5081,216,316,active
701755,2024-12-27,5315,214,310,active
701756,2024-09-20,5007,205,308,cancelled
701757,2023-11-26,5557,210,301,active
701758,2025-03-29,5370,216,312,active
701759,2024-08-19,5573,217,307,active
701760,2024-07-06,5584,209,306,active
701761,2024-12-03,5060,207,309,active
701762,2025-07-23,5061,213,315,active
701763,2024-10-01,5545,202,308,active
701764,2024-09-10,5556,210,307,active
701765,2025-02-25,5478,207,311,active
701766,2025-07-20,5057,206,315,active
701767,2025-01-26,5453,211,311,cancelled
701768,2024-01-19,5034,204,302,active
701769,2025-07-26,5046,220,315,active
701770,2023-12-26,5409,220,301,active
701771,2025-05-23,5484,218,314,active
701772,2025-03-17,5432,210,312,active
701773,2024-03-30,5513,208,304,cancelled
701774,2025-03-23,5422,210,312,active
701775,2025-04-28,5462,209,313,active
701776,2024-09-08,5516,211,307,active
701777,2024-08-23,5582,216,307,active
701778,2024-07-26,5196,213,306,active
701779,2025-02-25,5558,216,311,active
701780,2024-12-07,5551,204,310,active
701781,2024-01-27,5495,223,302,active
701782,2024-12-28,5159,222,310,active
701783,2024-02-24,5518,207,303,active
701784,2024-03-06,5456,219,303,active
701785,2025-07-26,5366,215,315,active
701786,2024-09-07,5534,202,307,active
701787,2025-01-22,5032,218,311,active
701788,2024-08-09,5600,215,307,active
701789,2024-11-10,5296,219,309,active
701790,2023-12-01,5071,214,301,active
701791,2024-02-08,5311,223,302,active
701792,2024-04-22,5402,208,304,active
701793,2025-08-04,5250,215,315,active
701794,2025-09-28,5021,213,316,active
701795,2023-12-17,5077,214,301,active
701796,2024-10-27,5122,215,308,active
701797,2025-05-25,5550,213,313,active
701798,2025-05-29,5319,211,314,active
701799,2025-03-19,5315,208,312,active
701800,2025-02-09,5015,223,311,active
701801,2024-06-27,5147,220,306,active
701802,2024-03-30,5093,214,304,active
701803,2024-03-30,5575,212,303,active
701804,2025-04-04,5447,213,312,active
701805,2025-07-17,5269,206,315,active
701806,2025-01-14,5425,204,310,active
701807,2024-03-29,5274,204,303,active
701808,2024-02-18,5494,207,303,active
701809,2025-03-26,5172,204,312,cancelled
701810,2023-12-26,5564,216,301,active
701811,2025-04-02,5137,219,312,active
701812,2025-02-01,5453,203,311,active
701813,2024-09-14,5189,201,307,active
701814,2023-12-25,5221,214,301,active
701815,2025-01-31,5118,216,311,active
701816,2025-04-26,5151,217,313,active
701817,2025-07-28,5543,201,315,active
701818,2025-04-17,5450,223,313,active
701819,2024-11-19,5500,210,309,active
701820,2024-10-07,5532,209,308,active
701821,2024-11-05,5501,209,309,active
701822,2023-12-06,5375,211,301,active
701823,2024-02-03,5398,211,302,active
701824,2024-06-07,5216,203,305,active
701825,2024-08-11,5132,218,307,active
701826,2025-03-30,5290,212,312,active
701827,2025-04-17,5573,222,313,active
701828,2025-07-18,5317,221,315,active
701829,2024-01-18,5284,211,302,active
701830,2024-02-17,5182,215,302,active
701831,2024-11-08,5029,223,309,active
701832,2025-09-02,5324,218,316,active
701833,2025-04-28,5544,204,313,active
701834,2025-01-19,5173,208,310,active
701835,2025-02-23,5476,221,311,active
701836,2024-04-03,5221,201,304,active
701837,2024-12-25,5188,217,310,active
701838,2024-06-23,5066,223,305,active
701839,2024-03-10,5303,222,303,active
701840,2024-03-21,5558,211,303,active
701841,2024-11-05,5311,206,309,active
701842,2025-08-03,5506,202,315,cancelled
701843,2024-01-29,5112,217,302,active
701844,2024-01-18,5076,209,302,active
701845,2025-08-26,5370,210,316,active
701846,2024-06-02,5363,204,305,active
701847,2025-07-17,5042,210,315,active
701848,2025-07-17,5247,204,315,active
701849,2025-03-25,5207,203,312,active
701850,2024-09-25,5580,220,308,active
701851,2024-04-19,5417,210,304,cancelled
701852,2025-09-02,5480,213,316,active
701853,2024-01-16,5237,211,302,active
701854,2025-03-29,5290,219,312,active
701855,2024-02-18,5046,218,303,active
701856,2024-06-17,5130,210,305,active
701857,2025-01-26,5435,223,311,cancelled
701858,2025-07-13,5078,218,315,active
701859,2024-08-29,5515,222,307,active
701860,2024-08-24,5489,206,307,active
701861,2024-10-13,5405,218,308,active
701862,2024-05-10,5071,216,304,active
701863,2024-01-14,5303,214,302,active
701864,2024-08-03,5291,206,307,cancelled
701865,2024-07-03,5539,219,306,active
701866,2025-04-28,5072,213,313,active
701867,2024-04-10,5405,203,304,active
701868,2024-12-10,5593,223,310,active
701869,2024-02-26,5541,205,303,active
701870,2024-01-09,5391,202,302,active
701871,2025-02-22,5527,206,311,active
701872,2023-12-10,5392,208,301,active
701873,2025-02-06,5034,224,311,active
701874,2025-04-25,5418,221,313,active
701875,2024-05-29,5450,221,305,active
701876,2024-07-09,5296,221,306,active
701877,2025-02-03,5548,213,311,active
701878,2025-09-17,5453,209,316,active
701879,2024-05-23,5174,210,305,active
701880,2024-05-12,5067,219,305,active
701881,2024-08-06,5044,205,307,active
701882,2024-05-22,5486,223,305,active
701883,2024-05-06,5224,212,304,active
701884,2024-07-22,5575,222,306,active
701885,2024-12-07,5213,213,309,active
701886,2024-01-07,5257,207,301,active
701887,2024-08-27,5556,206,307,active
701888,2025-05-02,5378,204,313,active
701889,2024-09-14,5551,213,307,active
701890,2025-02-17,5594,214,311,active
701891,2025-03-24,5256,207,312,active
701892,2024-07-26,5413,224,306,active
701893,2024-11-19,5305,211,309,active
701894,2024-01-07,5365,211,302,active
701895,2024-10-06,5336,208,308,active
701896,2025-04-11,5217,212,312,active
701897,2024-07-25,5067,202,306,active
701898,2024-12-25,5463,217,310,active
701899,2024-10-26,5265,210,308,active
701900,2024-05-23,5415,211,305,active
701901,2024-05-12,5246,224,305,active
701902,2025-06-19,5227,205,314,active
701903,2025-07-16,5318,224,315,active
701904,2025-03-01,5345,220,311,cancelled
701905,2025-08-22,5498,219,316,active
701906,2025-09-08,5393,217,316,active
701907,2024-03-30,5574,202,303,active
701908,2025-02-21,5478,221,311,active
701909,2025-07-03,5118,209,314,active
701910,2025-05-21,5049,220,313,active
701911,2025-08-13,5377,207,315,active
701912,2025-05-23,5199,207,314,cancelled
701913,2024-06-28,5168,219,306,active
701914,2024-04-20,5570,216,304,active
701915,2025-07-02,5235,203,314,active
701916,2025-04-28,5046,201,313,active
701917,2025-09-21,5309,214,316,active
701918,2025-01-02,5131,224,310,active
701919,2023-12-28,5092,214,301,active
701920,2024-02-05,5250,213,302,active
701921,2025-09-04,5310,202,316,cancelled
701922,2025-01-16,5149,209,310,active
701923,2024-04-24,5194,203,304,active
701924,2025-01-15,5316,217,310,active
701925,2024-04-16,5462,215,304,active
701926,2024-09-15,5436,211,308,active
701927,2024-08-13,5333,207,307,active
701928,2024-11-10,5516,223,309,active
701929,2024-07-12,5555,210,306,active
701930,2024-04-22,5352,211,304,active
701931,2024-09-15,5120,217,307,active
701932,2025-08-15,5073,215,316,active
701933,2025-06-19,5278,219,314,active
701934,2025-01-01,5400,201,310,active
701935,2025-07-13,5167,224,315,active
701936,2024-08-26,5066,213,307,active
701937,2025-07-04,5508,202,315,active
701938,2024-09-30,5488,222,308,active
701939,2024-06-15,5014,222,305,active
701940,2024-05-18,5221,221,305,active
701941,2025-07-24,5153,201,315,active
701942,2024-10-05,5560,206,308,cancelled
701943,2025-09-10,5246,216,316,active
701944,2025-08-24,5337,208,316,active
701945,2023-12-25,5153,204,301,active
701946,2024-11-18,5363,216,309,active
701947,2024-05-11,5546,222,305,active
701948,2024-02-03,5571,214,302,active
701949,2024-01-21,5534,223,302,active
701950,2024-12-22,5356,205,310,active
701951,2025-07-05,5562,223,314,active
701952,2025-08-25,5225,203,316,active
701953,2025-04-22,5373,207,313,active
701954,2025-08-03,5307,217,315,active
701955,2024-06-03,5181,206,305,active
701956,2024-11-13,5366,205,309,active
701957,2024-07-09,5071,215,306,active
701958,2024-02-18,5111,211,303,active
701959,2025-04-27,5209,224,313,active
701960,2023-12-05,5011,220,301,active
701961,2024-08-04,5543,215,306,active
701962,2024-10-04,5557,221,308,active
701963,2025-07-02,5129,217,314,active
701964,2024-10-19,5415,216,308,active
701965,2024-12-31,5117,208,310,active
701966,2024-02-07,5042,204,302,active
701967,2025-04-27,5453,219,313,cancelled
701968,2024-02-11,5112,205,302,active
701969,2024-12-28,5407,211,310,active
701970,2024-04-30,5277,223,304,active
701971,2025-01-01,5505,205,310,active
701972,2025-08-03,5241,202,315,active
701973,2024-06-23,5399,210,305,active
701974,2024-09-21,5279,216,308,active
701975,2025-04-20,5259,213,313,active
701976,2024-09-14,5216,215,308,active
701977,2024-06-24,5226,224,306,active
701978,2025-02-18,5330,206,311,active
701979,2025-02-14,5186,216,311,active
701980,2024-03-05,5364,211,303,active
701981,2024-04-01,5023,204,304,active
701982,2025-07-04,5054,221,315,active
701983,2024-05-01,5017,213,304,active
701984,2024-08-02,5417,209,307,active
701985,2025-07-01,5055,205,314,active
701986,2025-01-14,5063,221,310,cancelled
701987,2025-06-30,5470,207,314,active
701988,2024-08-02,5048,212,307,active
701989,2024-08-24,5494,209,307,active
701990,2024-07-07,5555,206,306,cancelled
701991,2024-12-02,5398,224,309,active
701992,2024-03-29,5228,216,304,active
701993,2023-12-20,5433,205,301,active
701994,2024-02-11,5583,218,302,active
701995,2024-08-14,5170,214,307,active
701996,2024-12-01,5531,213,309,active
701997,2025-04-11,5433,223,312,active
701998,2024-02-21,5185,215,303,active
701999,2024-06-03,5226,215,305,active
702000,2025-08-07,5148,213,315,active
702001,2024-02-13,5579,213,302,active
702002,2024-06-20,5097,218,305,active
702003,2025-02-22,5182,213,311,active
702004,2025-04-12,5255,203,313,active
702005,2023-12-23,5450,223,301,active
702006,2024-01-15,5060,222,302,active
702007,2024-11-26,5107,210,309,active
702008,2023-12-09,5375,204,301,active
702009,2024-08-30,5479,212,307,active
702010,2025-08-13,5503,211,315,active
702011,2025-02-08,5218,202,311,active
702012,2024-11-20,5290,203,309,active
702013,2025-03-31,5070,222,312,active
702014,2025-09-06,5310,215,316,active
702015,2025-01-28,5133,211,311,active
702016,2024-12-06,5520,205,310,active
702017,2024-06-08,5379,213,305,active
702018,2024-05-19,5355,205,305,active
702019,2024-02-09,5033,220,302,cancelled
702020,2024-10-01,5057,214,308,active
702021,2024-05-01,5318,201,304,active
702022,2024-03-06,5179,205,303,active
702023,2025-01-19,5574,222,311,active
702024,2024-11-08,5212,223,309,active
702025,2023-12-11,5424,222,301,active
702026,2024-03-10,5346,211,303,active
702027,2025-01-14,5469,217,310,active
702028,2024-01-07,5348,216,302,active
702029,2025-08-16,5148,204,315,active
702030,2025-04-01,5517,212,312,active
702031,2024-07-30,5237,212,306,active
702032,2025-03-02,5035,208,312,active
702033,2024-02-19,5571,220,303,active
702034,2025-02-17,5118,217,311,active
702035,2023-11-27,5330,221,301,active
702036,2024-12-19,5123,218,310,active
702037,2025-01-25,5195,211,311,active
702038,2025-05-26,5075,218,314,cancelled
702039,2025-02-03,5395,209,311,active
702040,2025-05-04,5127,217,313,active
702041,2025-01-13,5156,214,310,active
702042,2024-03-22,5329,205,303,active
702043,2024-07-10,5038,203,306,active
702044,2024-08-21,5094,203,307,active
702045,2025-08-30,5158,202,316,active
702046,2025-08-25,5456,221,316,active
702047,2024-01-25,5423,203,302,active
702048,2024-03-01,5294,223,303,active
702049,2024-02-01,5539,223,302,active
702050,2024-02-06,5023,206,302,active
702051,2024-01-27,5348,205,302,active
702052,2024-06-09,5080,202,305,active
702053,2024-07-06,5389,206,306,active
702054,2024-06-29,5030,206,306,active
702055,2025-03-31,5074,209,312,active
702056,2024-05-07,5256,204,304,active
702057,2024-07-22,5374,202,306,active
702058,2024-10-20,5556,204,308,active
702059,2025-06-18,5565,217,314,active
702060,2025-01-07,5300,211,310,active
702061,2025-05-27,5150,212,314,active
702062,2023-12-18,5436,202,301,active
702063,2024-08-02,5485,224,307,active
702064,2024-05-02,5160,206,304,active
702065,2025-07-14,5060,217,315,active
702066,2024-09-11,5502,216,307,active
702067,2025-01-28,5223,219,311,active
702068,2024-06-30,5454,215,306,active
702069,2024-06-02,5124,204,305,active
702070,2025-04-12,5527,221,312,active
702071,2024-06-10,5088,215,305,active
702072,2025-03-23,5156,213,312,active
702073,2024-09-04,5032,224,307,active
702074,2024-04-23,5084,217,304,active
702075,2025-08-16,5274,223,316,cancelled
702076,2024-06-08,5321,215,305,cancelled
702077,2024-07-17,5393,201,306,active
702078,2025-09-10,5549,207,316,active
702079,2025-08-22,5031,224,316,active
702080,2025-04-28,5561,204,313,active
702081,2025-09-10,5109,210,316,active
702082,2024-12-23,5507,220,310,active
702083,2025-08-02,5516,220,315,active
702084,2024-09-14,5158,216,307,cancelled
702085,2025-01-19,5496,206,311,cancelled
702086,2025-04-23,5344,223,313,active
702087,2024-06-04,5479,206,305,active
702088,2025-02-24,5513,206,311,active
702089,2025-08-10,5452,222,315,active
702090,2024-12-03,5296,212,309,active
702091,2025-02-13,5533,218,311,active
702092,2024-08-02,5332,204,306,active
702093,2024-04-01,5594,203,304,active
702094,2025-07-03,5191,208,314,active
702095,2024-06-19,5266,214,305,active
702096,2025-05-15,5547,217,313,active
702097,2025-03-30,5538,213,312,active
702098,2024-07-14,5199,215,306,active
702099,2025-07-17,5261,222,315,active
702100,2025-07-28,5559,208,315,active
702101,2024-09-26,5027,211,308,active
702102,2025-07-03,5281,206,314,active
702103,2025-03-29,5523,206,312,active
702104,2025-09-14,5480,207,316,active
702105,2024-07-10,5479,205,306,active
702106,2024-11-22,5163,217,309,active
702107,2024-11-18,5362,223,309,active
702108,2025-05-30,5135,223,314,cancelled
702109,2024-08-06,5486,220,307,active
702110,2025-01-15,5207,219,310,active
702111,2025-02-13,5408,215,311,active
702112,2025-06-13,5131,219,314,cancelled
702113,2024-06-22,5488,210,306,active
702114,2024-02-15,5423,215,302,active
702115,2025-03-30,5125,207,312,active
702116,2025-09-13,5035,201,316,active
702117,2024-03-31,5220,205,304,active
702118,2024-10-06,5102,207,308,active
702119,2024-08-07,5264,206,307,active
702120,2024-07-28,5060,205,306,active
702121,2024-11-24,5412,223,309,active
702122,2024-06-28,5252,220,306,active
702123,2025-08-11,5090,208,315,active
702124,2024-10-25,5203,222,309,active
702125,2024-09-12,5269,218,307,active
702126,2024-12-08,5580,204,310,active
702127,2024-09-23,5476,222,308,active
702128,2025-03-01,5493,218,311,active
702129,2024-03-03,5007,224,303,active
702130,2024-10-27,5050,201,308,active
702131,2024-11-16,5010,210,309,active
702132,2024-06-10,5094,216,305,active
702133,2025-07-01,5549,204,314,cancelled
702134,2025-08-30,5554,211,316,active
702135,2025-09-12,5489,211,316,active
702136,2025-08-26,5471,206,316,active
702137,2024-11-19,5565,201,309,active
702138,2023-12-22,5501,213,301,active
702139,2024-08-18,5275,210,307,active
702140,2024-07-15,5347,224,306,active
702141,2025-03-23,5100,218,312,active
702142,2025-04-20,5248,210,313,active
702143,2025-02-09,5475,204,311,active
702144,2024-07-22,5574,221,306,active
702145,2025-05-11,5546,208,313,active
702146,2024-10-10,5317,219,308,active
702147,2025-05-11,5527,210,313,active
702148,2025-04-08,5026,206,312,active
702149,2024-02-09,5540,210,302,active
702150,2024-06-15,5055,221,305,active
702151,2025-02-22,5534,203,311,active
702152,2024-11-28,5228,216,309,active
702153,2024-12-02,5044,202,309,active
702154,2024-12-30,5142,211,310,active
702155,2025-08-29,5497,211,316,active
702156,2024-02-05,5142,221,302,active
702157,2023-12-02,5082,210,301,active
702158,2023-12-05,5588,211,301,active
702159,2025-03-12,5020,211,312,active
702160,2024-11-28,5050,212,309,active
702161,2024-05-16,5327,221,305,cancelled
702162,2024-01-03,5444,219,301,active
702163,2024-12-05,5063,204,309,active
702164,2024-01-29,5550,205,302,active
702165,2025-07-02,5250,209,314,active
702166,2024-03-29,5589,223,304,active
702167,2023-12-10,5350,201,301,active
702168,2025-08-06,5036,202,315,active
702169,2024-07-18,5441,212,306,active
702170,2024-10-20,5144,216,308,active
702171,2024-08-22,5039,222,307,active
702172,2023-12-13,5040,216,301,active
702173,2024-10-31,5490,203,309,active
702174,2025-06-02,5102,223,314,active
702175,2024-01-16,5092,221,302,active
702176,2024-10-27,5511,218,308,active
702177,2024-12-22,5376,215,310,active
702178,2025-05-12,5061,210,313,active
702179,2024-01-07,5129,217,302,active
702180,2024-07-09,5598,206,306,active
702181,2023-12-02,5105,217,301,active
702182,2024-11-16,5139,202,309,active
702183,2025-08-15,5543,221,315,active
702184,2024-05-25,5384,221,305,cancelled
702185,2024-05-02,5503,207,304,active
702186,2024-11-30,5331,217,309,active
702187,2024-12-26,5573,204,310,active
702188,2025-01-01,5506,205,310,active
702189,2025-09-05,5058,204,316,active
702190,2025-06-11,5223,203,314,active
702191,2023-12-22,5240,209,301,active
702192,2025-01-13,5159,216,310,active
702193,2025-01-18,5515,214,311,active
702194,2025-01-01,5055,223,310,active
702195,2025-02-20,5376,203,311,active
702196,2025-02-13,5353,215,311,active
702197,2025-06-30,5150,205,314,active
702198,2024-05-21,5370,205,305,active
702199,2024-07-21,5115,218,306,active
702200,2024-05-06,5071,209,304,active
702201,2025-05-01,5166,214,313,active
702202,2025-02-15,5414,224,311,cancelled
702203,2024-09-08,5560,223,307,active
702204,2024-07-12,5042,216,306,cancelled
702205,2024-03-30,5564,210,304,active
702206,2025-03-30,5249,214,312,active
702207,2024-06-09,5326,202,305,active
702208,2025-02-08,5176,204,311,active
702209,2025-06-20,5030,220,314,active
702210,2024-04-07,5108,222,304,active
702211,2024-05-14,5133,215,305,active
702212,2024-04-27,5109,201,304,active
702213,2024-12-15,5361,204,310,active
702214,2025-07-03,5382,218,314,cancelled
702215,2024-05-10,5317,208,304,active
702216,2025-01-24,5321,220,311,active
702217,2024-09-07,5501,223,307,active
702218,2025-08-17,5343,204,316,active
702219,2025-08-13,5509,214,315,active
702220,2024-10-29,5428,224,309,active
702221,2025-06-09,5047,223,314,active
702222,2024-02-13,5501,220,302,active
702223,2024-07-22,5579,201,306,active
702224,2025-09-16,5593,224,316,active
702225,2024-02-23,5265,209,303,active
702226,2025-02-04,5266,220,311,active
702227,2024-02-10,5479,204,302,active
702228,2024-01-23,5600,205,302,active
702229,2024-01-03,5328,215,301,active
702230,2024-12-06,5254,210,310,active
702231,2025-04-11,5350,224,312,active
702232,2024-02-12,5488,210,302,active
702233,2025-06-20,5183,216,314,active
702234,2025-08-06,5427,217,315,active
702235,2024-03-15,5574,220,303,active
702236,2024-02-05,5592,216,302,active
702237,2024-08-12,5029,222,307,active
702238,2024-01-29,5094,219,302,active
702239,2024-10-05,5054,206,308,active
702240,2024-01-06,5432,205,301,active
702241,2025-05-02,5268,224,313,active
702242,2025-04-25,5013,204,313,active
702243,2024-12-03,5284,215,309,active
702244,2025-04-14,5041,213,313,active
702245,2025-02-08,5140,206,311,active
702246,2024-05-31,5597,209,305,active
702247,2024-04-17,5053,212,304,active
702248,2025-09-20,5590,205,316,active
702249,2025-09-19,5398,216,316,active
702250,2025-08-14,5305,216,315,active
702251,2024-02-29,5487,208,303,cancelled
702252,2025-07-01,5135,206,314,active
702253,2025-04-09,5304,214,312,active
702254,2024-02-25,5412,206,303,active
702255,2024-05-10,5080,212,305,active
702256,2024-10-27,5423,220,309,active
702257,2024-11-15,5233,212,309,cancelled
702258,2024-04-22,5418,204,304,active
702259,2025-05-08,5415,224,313,active
702260,2025-05-11,5276,215,313,active
702261,2025-08-20,5208,212,316,active
702262,2023-12-14,5291,221,301,active
702263,2025-03-22,5223,217,312,active
702264,2024-01-24,5569,224,302,active
702265,2025-06-20,5384,223,314,active
702266,2024-02-06,5433,202,302,active
702267,2025-04-13,5479,222,313,active
702268,2024-09-15,5117,201,307,active
702269,2024-05-02,5582,217,304,active
702270,2024-12-22,5188,210,310,active
702271,2024-08-09,5487,202,307,active
702272,2024-08-01,5100,222,306,active
702273,2025-06-16,5067,206,314,active
702274,2025-06-26,5149,210,314,active
702275,2024-04-02,5153,208,304,active
702276,2024-06-22,5445,209,306,active
702277,2024-08-12,5578,214,307,active
702278,2025-05-25,5188,219,313,active
702279,2024-03-24,5596,217,303,active
702280,2023-11-24,5584,206,301,active
702281,2024-12-15,5367,220,310,active
702282,2024-08-02,5579,204,307,active
702283,2024-08-27,5319,205,307,active
702284,2024-09-06,5346,211,307,active
702285,2024-12-21,5103,211,310,cancelled
702286,2024-08-03,5560,216,306,active
702287,2025-08-17,5192,215,316,active
702288,2024-10-21,5485,210,308,active
702289,2025-05-14,5375,206,313,active
702290,2024-05-10,5022,216,305,active
702291,2024-04-16,5477,224,304,active
702292,2024-12-28,5503,221,310,active
702293,2025-06-26,5002,223,314,active
702294,2024-01-20,5135,221,302,active
702295,2025-03-23,5458,224,312,cancelled
702296,2025-03-24,5365,202,312,active
702297,2025-07-15,5018,206,315,active
702298,2025-04-13,5550,221,313,active
702299,2024-02-07,5518,217,302,active
702300,2024-01-09,5235,219,302,cancelled
702301,2025-06-02,5168,218,314,active
702302,2024-02-17,5175,206,302,active
702303,2024-04-26,5378,216,304,active
702304,2024-10-26,5078,204,309,active
702305,2025-03-03,5533,216,312,active
702306,2024-05-08,5023,208,304,active
702307,2025-09-27,5461,204,316,active
702308,2024-10-25,5071,212,308,active
702309,2024-04-28,5426,213,304,active
702310,2025-03-30,5557,201,312,active
702311,2024-12-07,5321,203,309,active
702312,2025-05-08,5568,206,313,active
702313,2025-08-02,5174,203,315,active
702314,2025-08-21,5030,201,316,active
702315,2025-04-02,5292,211,312,active
702316,2024-07-12,5331,220,306,active
702317,2024-10-14,5388,208,308,active
702318,2025-03-22,5032,204,312,active
702319,2024-01-25,5409,209,302,active
702320,2024-09-25,5366,210,308,active
702321,2024-02-18,5180,212,303,cancelled
702322,2025-01-13,5061,215,310,active
702323,2024-05-22,5098,221,305,active
702324,2024-02-06,5317,203,302,active
702325,2025-05-12,5522,207,313,cancelled
702326,2024-06-26,5101,206,306,active
702327,2024-03-27,5199,202,303,active
702328,2024-07-24,5058,220,306,active
702329,2024-07-08,5289,210,306,active
702330,2024-02-06,5087,206,302,active
702331,2024-10-29,5149,208,309,active
702332,2025-04-13,5338,219,313,cancelled
702333,2025-07-21,5274,202,315,active
702334,2025-08-01,5071,211,315,active
702335,2024-09-15,5481,213,308,active
702336,2025-08-15,5423,218,315,active
702337,2025-05-25,5585,216,313,active
702338,2024-04-06,5132,219,304,active
702339,2023-12-02,5057,213,301,active
702340,2025-05-24,5162,216,314,active
702341,2025-06-12,5387,216,314,active
702342,2025-02-05,5559,211,311,active
702343,2025-08-14,5377,212,315,active
702344,2025-03-10,5001,212,312,active
702345,2023-12-01,5515,217,301,active
702346,2025-04-24,5014,219,313,active
702347,2025-01-17,5268,215,311,active
702348,2024-03-01,5239,217,303,active
702349,2024-11-12,5268,220,309,active
702350,2025-05-07,5317,210,313,active
702351,2024-12-24,5582,221,310,active
702352,2025-09-01,5253,203,316,active
702353,2024-05-16,5297,221,305,active
702354,2024-04-30,5132,221,304,active
702355,2025-01-09,5324,221,310,active
702356,2025-09-07,5347,211,316,active
702357,2025-01-22,5076,215,311,active
702358,2025-06-12,5364,201,314,active
702359,2025-01-18,5595,207,311,active
702360,2025-08-27,5597,224,316,active
702361,2024-06-24,5430,210,306,active
702362,2025-04-30,5428,201,313,active
702363,2024-09-14,5205,205,307,active
702364,2024-05-09,5098,209,304,active
702365,2024-11-28,5328,210,309,active
702366,2023-11-30,5009,214,301,active
702367,2024-12-07,5055,216,310,active
702368,2023-12-11,5136,222,301,active
702369,2024-08-30,5442,222,307,active
702370,2025-05-23,5452,211,314,active
702371,2024-12-08,5156,208,309,active
702372,2024-03-16,5161,208,303,active
702373,2025-05-18,5214,210,313,active
702374,2024-12-27,5481,205,310,active
702375,2025-04-13,5592,212,313,active
702376,2025-01-26,5090,222,311,active
702377,2023-12-18,5519,203,301,active
702378,2023-12-19,5055,206,301,active
702379,2025-07-01,5478,215,314,active
702380,2024-09-15,5569,211,307,active
702381,2025-03-05,5059,222,312,active
702382,2024-06-02,5218,201,305,active
702383,2025-02-28,5553,219,312,active
702384,2025-01-11,5210,221,310,active
702385,2025-07-26,5374,204,315,active
702386,2025-05-02,5034,224,313,active
702387,2024-06-13,5283,224,305,active
702388,2025-05-22,5300,223,313,active
702389,2024-04-12,5033,206,304,active
702390,2025-04-26,5180,206,313,active
702391,2024-06-11,5217,223,305,active
702392,2024-06-25,5055,208,306,active
702393,2025-08-27,5301,220,316,active
702394,2024-02-17,5503,223,303,active
702395,2025-06-08,5395,210,314,active
702396,2025-06-13,5462,201,314,active
702397,2025-06-10,5577,210,314,active
702398,2025-07-14,5550,219,315,active
702399,2025-06-08,5118,206,314,active
702400,2024-06-25,5301,203,306,active
