stu_id,stu_name,emp_type_id,title,birthday,home_address,postal_code,city_id,phone_num,email,active_flg
5001,Ursula Quintero,1,Dr,1986-10-05,970 Jansen St,K4H 5W3,,555-4328,student5001@example.edu,1
5002,Elena Ferreira,2,Mx,1994-08-06,340 Lindqvist St,N2A 2Y8,8,555-6883,student5002@example.edu,1
5003,Kenji Kowalski,2,Ms,1988-06-18,523 Bianchi St,V5B 7Y7,19,555-7629,student5003@example.edu,1
5004,Liam Ferreira,1,Mr,1976-02-27,852 Ahmadi St,P8E 0R5,9,555-5357,student5004@example.edu,1
5005,Lucia Gallagher,1,Mx,1977-01-02,118 Lindqvist St,L2B 9Y5,12,555-6210,student5005@example.edu,1
5006,Kenji Tanaka,1,Ms,1996-08-01,559 Petrov St,N7A 5X3,28,555-5010,student5006@example.edu,1
5007,Jonas Okonkwo,2,Dr,1983-04-10,679 Yilmaz St,V8J 4R7,26,555-2752,student5007@example.edu,1
5008,Amara Ferreira,1,Mr,2004-08-22,676 Yilmaz St,N2J 0T3,12,555-8669,student5008@example.edu,1
5009,Greta Ahmadi,2,Ms,1980-01-10,735 Rossi St,V9E 6X5,30,555-7211,student5009@example.edu,1
5010,Ines Nakamura,1,Mr,2001-03-31,744 Gallagher St,P2H 4W6,30,555-1444,student5010@example.edu,1
5011,Jonas Haddad,1,Ms,1978-06-10,571 Eriksen St,K4B 9W9,5,555-9344,student5011@example.edu,1
5012,Lucia Rossi,1,Mx,1986-08-04,915 Bianchi St,K7J 1Z1,29,555-8719,student5012@example.edu,1
5013,Viktor Nakamura,1,Ms,1984-07-04,276 Gallagher St,N8C 7Z3,2,555-6822,student5013@example.edu,1
5014,Sofia Costa,2,Mr,1976-01-04,718 Choi St,N0J 3Z9,6,555-2338,student5014@example.edu,1
5015,Nadia Delgado,3,Mr,1986-04-20,454 Okonkwo St,N7B 8X4,24,555-7050,student5015@example.edu,1
5016,Greta Haddad,1,Mr,1978-03-08,485 Lindqvist St,V9A 0Y8,22,555-7218,student5016@example.edu,1
5017,Elena Quintero,2,Ms,1982-06-10,831 Zielinski St,N9E 3X6,4,555-5324,student5017@example.edu,1
5018,Mateo Yilmaz,1,Dr,2001-09-29,943 Nakamura St,M9H 6T7,13,555-9134,student5018@example.edu,1
5019,Priya Yilmaz,3,Mr,1975-05-02,30 Bianchi St,L3J 3X0,18,555-5799,student5019@example.edu,1
5020,Zara Haddad,3,Mx,1999-07-25,835 Kowalski St,K1C 2Y7,10,555-5841,student5020@example.edu,1
5021,Nadia Okonkwo,2,Dr,2001-08-05,335 Delgado St,K9E 8Y7,12,555-7190,student5021@example.edu,1
5022,Devon Zielinski,3,Mr,1986-10-26,487 Choi St,L1C 8T0,7,555-7523,student5022@example.edu,1
5023,Farid Lindqvist,2,Ms,2000-11-16,691 Costa St,L2B 3R3,26,555-3551,student5023@example.edu,1
5024,Bruno Kowalski,1,Mr,2003-02-28,678 Rossi St,P7C 4Z9,11,555-4982,student5024@example.edu,1
5025,Hiro Zielinski,1,Mr,1987-09-05,851 Haddad St,N9C 0Z5,8,555-3058,student5025@example.edu,1
5026,Devon Varga,1,Mr,1987-12-25,468 Gallagher St,V2E 9Z1,11,555-7327,student5026@example.edu,1
5027,Dmitri Kowalski,3,Ms,1995-12-28,365 Ferreira St,K1C 7Y2,3,555-6886,student5027@example.edu,1
5028,Felix Haddad,1,Mx,1984-05-23,568 Petrov St,M7A 0T4,5,555-5332,student5028@example.edu,1
5029,Noor Zielinski,3,Ms,2002-11-04,79 Ueda St,V1A 0X9,9,555-8460,student5029@example.edu,1
5030,Gabriela Kowalski,3,Mr,1999-09-14,260 Ferreira St,V2A 9Z9,24,555-7836,student5030@example.edu,1
5031,Ursula Ueda,1,Ms,1993-06-17,169 Nakamura St,V4B 4Z6,22,555-6759,student5031@example.edu,1
5032,Bruno Choi,1,Ms,1985-02-17,890 Okonkwo St,P8B 4T1,20,555-7789,student5032@example.edu,1
5033,Kaia Bergstrom,1,Mx,1975-07-28,774 Bergstrom St,K5E 2Y4,7,555-6916,student5033@example.edu,1
5034,Ines Jansen,3,Mr,1983-04-07,148 Tanaka St,L5A 9T4,15,555-6079,student5034@example.edu,1
5035,Greta Bergstrom,1,Dr,1985-02-01,423 Varga St,M0A 8W2,13,555-8627,student5035@example.edu,1
5036,Jasper Achebe,1,Dr,1977-12-06,80 Gallagher St,L8A 9Y3,5,555-6211,student5036@example.edu,1
5037,Kaia Eriksen,1,Mr,2002-08-14,53 Ueda St,V8H 2X1,1,555-5497,student5037@example.edu,1
5038,Wren Silva,1,Mr,1996-04-22,463 Tanaka St,N1C 2Y7,22,555-6004,student5038@example.edu,1
5039,Hassan Jansen,1,Mr,1988-10-29,635 Yilmaz St,P8E 9T9,9,555-7468,student5039@example.edu,1
5040,Dmitri Delgado,1,Mx,1985-09-05,700 Costa St,P5B 0X4,20,555-2739,student5040@example.edu,1
5041,Wren Bianchi,3,Mx,1991-01-20,473 Moreau St,P2C 0T4,28,555-3160,student5041@example.edu,1
5042,Hiro Nakamura,1,Ms,1983-04-23,418 Delgado St,M9A 3T2,23,555-4313,student5042@example.edu,1
5043,Dmitri Moreau,1,Mr,1977-02-02,625 Achebe St,M4J 5W3,11,555-1515,student5043@example.edu,1
5044,Kaia Jansen,3,Ms,1994-04-28,19 Choi St,P9A 6Y2,24,555-6588,student5044@example.edu,1
5045,Yusuf Delgado,2,Mr,1983-05-17,828 Haddad St,K7C 9R1,24,555-6737,student5045@example.edu,1
5046,Nadia Dubois,2,Ms,1998-05-23,984 Ibrahim St,N5E 2Y7,5,555-5502,student5046@example.edu,1
5047,Jonas Xu,1,Mr,1997-10-02,883 Zielinski St,L3B 6X4,13,555-3308,student5047@example.edu,1
5048,Kenji Whitfield,1,Ms,1983-12-08,108 Kowalski St,L1E 4Z8,18,555-1743,student5048@example.edu,1
5049,Jasper Jansen,1,Mr,1987-02-14,187 Varga St,L8B 7Y5,10,555-1638,student5049@example.edu,1
5050,Mateo Petrov,2,Mr,1986-08-27,463 Ahmadi St,P7B 9Y9,29,555-2131,student5050@example.edu,1
5051,Celine Okonkwo,1,Dr,1998-06-14,866 Rossi St,K0B 1Z6,29,555-1031,student5051@example.edu,1
5052,Wren Gallagher,2,Ms,1985-03-20,520 Petrov St,N9C 0T8,8,555-2473,student5052@example.edu,1
5053,Mateo Lindqvist,1,Mx,2002-02-27,217 Haddad St,V9J 8Y0,17,555-2369,student5053@example.edu,1
5054,Gabriela Varga,1,Dr,1992-11-07,580 Choi St,N8C 1X2,16,555-3378,student5054@example.edu,1
5055,Ines Varga,1,Ms,1977-02-26,869 Whitfield St,P6J 1R3,25,555-1863,student5055@example.edu,1
5056,Elena Kowalski,3,Mr,1976-07-15,709 Quintero St,M7B 1R6,21,555-8393,student5056@example.edu,1
5057,Hiro Bianchi,1,Mr,1981-02-25,565 Quintero St,V5A 7T0,12,555-4658,student5057@example.edu,1
5058,Priya Moreau,1,Ms,1983-10-17,823 Moreau St,V5B 8W9,4,555-7316,student5058@example.edu,1
5059,Nadia Gallagher,1,Dr,1998-04-19,673 Eriksen St,V2C 5Z0,6,555-8534,student5059@example.edu,1
5060,Ursula Whitfield,3,Ms,1988-10-09,181 Choi St,K9E 6Z1,6,555-2573,student5060@example.edu,1
5061,Rafael Petrov,2,Ms,1983-05-04,972 Rossi St,N1A 2Y7,16,555-9123,student5061@example.edu,1
5062,Devon Nakamura,1,Ms,1987-12-30,549 Gallagher St,M7A 3X4,16,555-9652,student5062@example.edu,1
5063,Viktor Ueda,2,Mr,1983-09-27,783 Ahmadi St,N6H 6Y0,20,555-2640,student5063@example.edu,1
5064,Adaeze Yilmaz,3,Mr,1982-02-12,498 Achebe St,L6A 0X1,29,555-8410,student5064@example.edu,1
5065,Sofia Delgado,1,Ms,1992-03-01,38 Whitfield St,M7A 3T8,25,555-5957,student5065@example.edu,1
5066,Sofia Moreau,1,Dr,1999-10-09,143 Gallagher St,N7E 9Z6,14,555-5479,student5066@example.edu,1
5067,Quinn Ueda,1,Ms,1992-06-05,400 Yilmaz St,P7H 1Z5,5,555-3445,student5067@example.edu,1
5068,Adaeze Kowalski,1,Mx,2003-12-06,288 Okonkwo St,L3A 2W5,11,555-4538,student5068@example.edu,1
5069,Wren Xu,1,Dr,2002-06-08,471 Tanaka St,M6B 6Y0,23,555-5606,student5069@example.edu,1
5070,Priya Ueda,2,Mr,1991-05-25,457 Ahmadi St,N2H 1X1,3,555-5405,student5070@example.edu,1
5071,Noor Costa,1,Ms,1975-06-17,926 Ueda St,M7C 7W8,24,555-7278,student5071@example.edu,1
5072,Hassan Ferreira,1,Ms,1993-05-16,873 Tanaka St,P4J 4T8,16,555-1871,student5072@example.edu,1
5073,Bruno Quintero,1,Dr,1997-03-27,104 Rossi St,P8E 5W4,30,555-2417,student5073@example.edu,1
5074,Priya Gallagher,1,Mx,2004-01-13,936 Jansen St,K0H 1Z3,13,555-5837,student5074@example.edu,1
5075,Celine Ferreira,1,Mr,1983-02-23,341 Okonkwo St,P2C 1X9,6,555-9453,student5075@example.edu,1
5076,Esther Kowalski,3,Mx,2003-10-20,479 Choi St,N7E 9R8,24,555-3539,student5076@example.edu,1
5077,Amara Delgado,1,Dr,2004-10-19,143 Ibrahim St,K7B 3Z9,10,555-8014,student5077@example.edu,1
5078,Kenji Nakamura,2,Ms,1980-08-21,535 Moreau St,N2B 1Z1,6,555-8332,student5078@example.edu,1
5079,Yusuf Tanaka,1,Mx,2002-11-13,927 Yilmaz St,K8H 1W1,17,555-1992,student5079@example.edu,1
5080,Bo Lindqvist,2,Mr,1982-04-22,293 Xu St,K1H 9X7,19,555-7100,student5080@example.edu,1
5081,Kaia Achebe,2,Mx,1995-07-02,565 Gallagher St,N7B 9T6,3,555-6827,student5081@example.edu,1
5082,Kenji Ibrahim,3,Mr,1975-06-05,330 Gallagher St,M2J 7T2,24,555-2681,student5082@example.edu,1
5083,Hiro Tanaka,1,Mr,2000-06-20,267 Ahmadi St,P2E 4T0,17,555-5852,student5083@example.edu,1
5084,Liam Rossi,1,Dr,1982-01-04,67 Nakamura St,P3E 2W0,1,555-6328,student5084@example.edu,1
5085,Gabriela Petrov,1,Mx,1982-08-21,268 Nakamura St,V8J 0W7,6,555-7275,student5085@example.edu,1
5086,Adaeze Moreau,2,Mx,1990-09-21,338 Nakamura St,P4B 1X7,14,555-5247,student5086@example.edu,1
5087,Kenji Achebe,1,Mr,1989-11-30,809 Quintero St,V3E 7R8,2,555-3431,student5087@example.edu,1
5088,Bo Achebe,1,Dr,2003-06-05,60 Achebe St,K0B 5R0,3,555-6948,student5088@example.edu,1
5089,Felix Tanaka,1,Dr,1979-02-01,397 Rossi St,N4C 0W1,4,555-5551,student5089@example.edu,1
5090,Kenji Delgado,1,Mr,1997-06-01,285 Xu St,M6B 5Z9,3,555-4291,student5090@example.edu,1
5091,Adaeze Ueda,3,Dr,1980-06-08,644 Yilmaz St,N2H 5T0,6,555-7943,student5091@example.edu,1
5092,Farid Whitfield,3,Ms,1976-09-22,312 Achebe St,V4H 2T3,1,555-4108,student5092@example.edu,1
5093,Bruno Okonkwo,1,Dr,1978-07-22,612 Whitfield St,M9J 4R2,3,555-3320,student5093@example.edu,1
5094,Felix Choi,1,Mr,2002-07-07,197 Tanaka St,V3H 7Y0,4,555-6774,student5094@example.edu,1
5095,Tomas Kowalski,3,Ms,1986-12-22,884 Petrov St,L0H 8X2,29,555-9347,student5095@example.edu,1
5096,Yusuf Ueda,1,Ms,1977-12-04,910 Lindqvist St,V7A 8T2,26,555-8987,student5096@example.edu,1
5097,Jasper Okonkwo,1,Mx,1989-07-06,452 Moreau St,N9J 1R9,27,555-6180,student5097@example.edu,1
5098,Liam Delgado,1,Mr,1976-09-05,943 Xu St,M3H 4W3,,555-7123,student5098@example.edu,1
5099,Elena Haddad,1,Ms,1987-09-12,870 Rossi St,K6A 5X5,17,555-9172,student5099@example.edu,1
5100,Ines Jansen,1,Mr,1979-05-31,64 Petrov St,L4E 4W0,2,555-3436,student5100@example.edu,1
5101,Adaeze Jansen,1,Mr,1998-05-19,648 Ibrahim St,M2B 6X5,20,555-7187,student5101@example.edu,1
5102,Adaeze Zielinski,3,Mx,1985-12-08,942 Ibrahim St,V1C 6Z0,25,555-4944,student5102@example.edu,1
5103,Jasper Kowalski,1,Mx,1997-10-03,937 Petrov St,P2H 8W0,10,555-2592,student5103@example.edu,1
5104,Elena Tanaka,2,Dr,1998-06-08,846 Costa St,K9H 8X3,12,555-8708,student5104@example.edu,1
5105,Mina Whitfield,1,Ms,1980-02-01,806 Eriksen St,M2B 2X4,1,555-2575,student5105@example.edu,1
5106,Hassan Jansen,1,Mx,1988-09-18,516 Dubois St,V7C 7Y6,18,555-9920,student5106@example.edu,1
5107,Bo Bergstrom,2,Ms,1976-10-20,452 Bianchi St,N4H 2X6,15,555-8874,student5107@example.edu,1
5108,Chiara Bergstrom,1,Mr,1997-01-24,256 Achebe St,M4B 7Y5,30,555-4941,student5108@example.edu,1
5109,Gabriela Tanaka,1,Mx,1978-07-14,335 Haddad St,V1J 6Z6,29,555-3514,student5109@example.edu,1
5110,Wren Bergstrom,3,Mr,1995-02-05,270 Jansen St,K3H 4W9,5,555-4342,student5110@example.edu,1
5111,Kenji Whitfield,1,Mx,1995-11-04,977 Gallagher St,V2E 0Y5,20,555-7900,student5111@example.edu,1
5112,Devon Bergstrom,1,Mx,2004-01-05,184 Petrov St,M9J 8Z3,1,555-1171,student5112@example.edu,1
5113,Jasper Rossi,1,Ms,1975-10-06,882 Delgado St,M6E 1Z7,11,555-8998,student5113@example.edu,1
5114,Tomas Whitfield,1,Mx,2003-12-25,689 Lindqvist St,L8A 3Y7,24,555-9423,student5114@example.edu,1
5115,Farid Zielinski,2,Ms,1987-07-31,156 Yilmaz St,M6J 7T2,3,555-2894,student5115@example.edu,1
5116,Wren Ferreira,1,Dr,1985-06-19,554 Silva St,K6E 3Z5,2,555-8962,student5116@example.edu,1
5117,Yusuf Yilmaz,1,Mr,1978-05-03,647 Rossi St,N3A 8R3,2,555-9294,student5117@example.edu,1
5118,Amara Rossi,1,Ms,2002-05-29,979 Ferreira St,M1C 0R9,18,555-9933,student5118@example.edu,1
5119,Yusuf Silva,1,Dr,1988-11-29,855 Petrov St,P4H 6X6,5,555-8769,student5119@example.edu,1
5120,Nadia Yilmaz,3,Dr,1990-05-15,177 Bianchi St,L1A 4R8,22,555-3114,student5120@example.edu,1
5121,Noor Silva,1,Dr,1987-03-03,78 Eriksen St,N6J 3R5,21,555-4664,student5121@example.edu,1
5122,Mateo Zielinski,1,Dr,1994-06-30,413 Yilmaz St,N6E 0R7,1,555-3416,student5122@example.edu,1
5123,Devon Silva,3,Ms,1992-02-01,318 Choi St,L6E 1X9,23,555-7615,student5123@example.edu,1
5124,Xiomara Nakamura,1,Dr,1978-01-10,997 Okonkwo St,P9J 2R7,27,555-9388,student5124@example.edu,1
5125,Imani Ferreira,1,Mx,1976-07-12,571 Nakamura St,V0E 6X6,8,555-9607,student5125@example.edu,1
5126,Rafael Ferreira,2,Mr,1983-09-28,976 Quintero St,V4B 2T9,21,555-7128,student5126@example.edu,1
5127,Celine Whitfield,1,Ms,1982-09-17,62 Xu St,M9H 4Y2,25,555-9278,student5127@example.edu,1
5128,Zara Whitfield,3,Dr,1986-10-18,126 Achebe St,V7B 4Y3,3,555-3636,student5128@example.edu,1
5129,Elena Tanaka,1,Dr,1982-02-14,53 Yilmaz St,K2C 5T2,10,555-9541,student5129@example.edu,1
5130,Esther Silva,3,Dr,1997-10-16,426 Xu St,L8A 7R9,30,555-2983,student5130@example.edu,1
5131,Elena Ibrahim,2,Mr,1985-06-25,613 Lindqvist St,N5C 2T2,13,555-6044,student5131@example.edu,1
5132,Devon Okonkwo,3,Ms,1980-07-30,426 Zielinski St,V7H 1R4,8,555-8680,student5132@example.edu,1
5133,Hiro Costa,1,Dr,1983-12-20,391 Quintero St,M5H 0R1,9,555-6991,student5133@example.edu,1
5134,Esther Rossi,1,Mr,1989-02-28,94 Bergstrom St,V5A 8T9,13,555-5779,student5134@example.edu,1
5135,Hiro Jansen,1,Mx,1981-09-13,668 Ferreira St,K7B 5X7,14,555-8875,student5135@example.edu,1
5136,Yusuf Ibrahim,2,Ms,1986-12-13,493 Whitfield St,P7E 1Y7,19,555-4652,student5136@example.edu,1
5137,Jonas Tanaka,2,Ms,1977-09-05,799 Delgado St,L4J 2T5,30,555-2458,student5137@example.edu,1
5138,Oscar Kowalski,2,Mr,1980-07-01,281 Achebe St,V4H 0Y3,10,555-2906,student5138@example.edu,1
5139,Mina Petrov,1,Dr,1983-10-04,79 Bianchi St,K8H 3R2,16,555-3246,student5139@example.edu,1
5140,Esther Costa,1,Dr,2001-05-27,796 Choi St,M4A 9W4,3,555-1121,student5140@example.edu,1
5141,Adaeze Bianchi,3,Dr,1984-04-21,924 Nakamura St,V3H 4W3,4,555-1164,student5141@example.edu,1
5142,Chiara Achebe,1,Ms,1993-04-27,909 Costa St,V9B 3W2,13,555-6748,student5142@example.edu,1
5143,Oscar Ferreira,2,Ms,1989-03-16,586 Varga St,V0E 1W1,29,555-5236,student5143@example.edu,1
5144,Yusuf Eriksen,3,Dr,2003-09-23,912 Jansen St,K2B 9Z5,17,555-6560,student5144@example.edu,1
5145,Tomas Gallagher,1,Dr,1994-08-07,713 Silva St,M6H 3Y2,18,555-8213,student5145@example.edu,1
5146,Noor Delgado,2,Ms,1981-07-10,412 Choi St,K5A 0W9,27,555-6892,student5146@example.edu,1
5147,Jasper Delgado,3,Ms,1984-09-19,673 Gallagher St,K0H 0T8,5,555-2181,student5147@example.edu,1
5148,Mateo Choi,3,Mr,2000-07-22,474 Delgado St,L0H 6R8,25,555-7518,student5148@example.edu,1
5149,Chiara Jansen,2,Mr,1984-02-27,577 Petrov St,V6B 6X1,25,555-6556,student5149@example.edu,1
5150,Wren Tanaka,2,Mx,1980-01-12,702 Okonkwo St,V0J 9Y9,21,555-6766,student5150@example.edu,1
5151,Ines Bianchi,1,Mx,2002-12-27,562 Tanaka St,V2C 8W5,2,555-1196,student5151@example.edu,1
5152,Wren Lindqvist,1,Dr,2002-04-26,169 Whitfield St,P1B 8Y6,13,555-7501,student5152@example.edu,1
5153,Priya Delgado,1,Mr,1986-01-27,995 Xu St,V4H 9X7,24,555-1910,student5153@example.edu,1
5154,Noor Costa,1,Mx,2004-07-19,727 Kowalski St,M8A 9T6,29,555-8895,student5154@example.edu,1
5155,Yusuf Achebe,1,Ms,1985-03-14,480 Choi St,L9J 2T7,18,555-6986,student5155@example.edu,1
5156,Dmitri Ueda,2,Mr,1999-03-24,977 Bergstrom St,M2C 6W6,30,555-8178,student5156@example.edu,1
5157,Farid Bergstrom,1,Dr,1983-09-22,512 Moreau St,P8E 9Z2,23,555-4262,student5157@example.edu,1
5158,Priya Ahmadi,2,Mr,1992-09-06,331 Okonkwo St,M7B 6T1,10,555-6400,student5158@example.edu,1
5159,Rafael Ferreira,1,Mr,1980-07-20,186 Gallagher St,N7A 0W5,15,555-7722,student5159@example.edu,1
5160,Gabriela Moreau,1,Dr,2000-11-02,480 Choi St,M4J 9X4,27,555-6412,student5160@example.edu,1
5161,Priya Nakamura,2,Mx,1993-09-10,58 Gallagher St,L1C 8Z2,22,555-6036,student5161@example.edu,1
5162,Zara Varga,1,Mx,1983-06-20,239 Haddad St,K9C 7W1,29,555-3905,student5162@example.edu,1
5163,Hassan Rossi,2,Dr,1993-04-22,24 Choi St,M1A 4R6,21,555-1389,student5163@example.edu,1
5164,Jonas Lindqvist,1,Mx,2005-01-28,244 Rossi St,L7B 6W0,13,555-2345,student5164@example.edu,1
5165,Mateo Bianchi,1,Mx,2002-12-30,214 Ferreira St,V5E 2Z8,26,555-6900,student5165@example.edu,1
5166,Quinn Costa,1,Mx,1977-03-10,232 Moreau St,M2E 0Y6,2,555-7936,student5166@example.edu,1
5167,Celine Haddad,2,Ms,1997-03-22,830 Ueda St,P3H 2X1,18,555-6863,student5167@example.edu,1
5168,Esther Xu,1,Mr,2002-04-19,422 Kowalski St,L2J 8X2,3,555-9147,student5168@example.edu,1
5169,Hiro Silva,1,Mr,1998-03-22,226 Quintero St,M5J 5Z8,5,555-4052,student5169@example.edu,1
5170,Zara Choi,3,Mx,1997-11-01,107 Bergstrom St,V3A 7W7,20,555-9527,student5170@example.edu,1
5171,Jasper Ferreira,1,Mr,1989-07-15,404 Choi St,L8E 4W0,12,555-3371,student5171@example.edu,1
5172,Bo Dubois,3,Mx,2002-05-08,212 Achebe St,L7A 9X8,30,555-1515,student5172@example.edu,1
5173,Greta Lindqvist,3,Dr,1993-03-27,543 Ferreira St,N6B 6R7,4,555-5937,student5173@example.edu,1
5174,Hassan Costa,1,Dr,1977-10-24,385 Lindqvist St,K2E 0Z4,22,555-6539,student5174@example.edu,1
5175,Nadia Dubois,1,Mr,1977-04-17,428 Yilmaz St,M1C 5W8,7,555-6550,student5175@example.edu,1
5176,Greta Quintero,1,Mx,1995-09-16,734 Zielinski St,K0A 0R4,30,555-1675,student5176@example.edu,1
5177,Elena Ibrahim,1,Mr,1988-04-17,15 Bergstrom St,L1C 3T8,18,555-8800,student5177@example.edu,1
5178,Priya Nakamura,3,Dr,1989-04-02,513 Yilmaz St,P8J 6R0,21,555-8468,student5178@example.edu,1
5179,Oscar Costa,1,Dr,2004-12-11,620 Achebe St,P0H 7X2,8,555-3098,student5179@example.edu,1
5180,Ursula Quintero,1,Mr,2004-09-12,14 Choi St,M8E 5X0,22,555-1651,student5180@example.edu,1
5181,Xiomara Moreau,1,Dr,2003-06-05,718 Xu St,L3C 1X1,18,555-2929,student5181@example.edu,1
5182,Quinn Ueda,3,Mx,1997-05-26,682 Dubois St,L0J 3Y2,2,555-7909,student5182@example.edu,1
5183,Quinn Ueda,2,Mx,1989-12-03,679 Bergstrom St,N2H 4W1,29,555-4229,student5183@example.edu,1
5184,Tomas Ibrahim,1,Dr,2000-06-23,994 Eriksen St,M1H 9T5,17,555-8554,student5184@example.edu,1
5185,Celine Tanaka,1,Dr,1988-05-20,832 Bergstrom St,K0C 0Y9,4,555-4356,student5185@example.edu,1
5186,Lucia Okonkwo,1,Mx,1994-03-21,966 Haddad St,P7J 2Y7,21,555-4794,student5186@example.edu,1
5187,Bruno Yilmaz,1,Ms,1992-11-30,63 Lindqvist St,L8A 0Y3,8,555-2120,student5187@example.edu,1
5188,Bruno Kowalski,1,Mr,1985-02-19,772 Silva St,P1C 2R7,5,555-1339,student5188@example.edu,1
5189,Felix Ueda,2,Ms,1979-09-22,172 Silva St,N0H 1X8,21,555-6283,student5189@example.edu,1
5190,Kenji Tanaka,1,Ms,1992-08-16,150 Ahmadi St,K4H 5W0,15,555-1756,student5190@example.edu,1
5191,Elena Petrov,1,Dr,1983-05-04,965 Eriksen St,K4E 0T1,2,555-7690,student5191@example.edu,1
5192,Farid Achebe,3,Ms,1979-09-03,458 Costa St,N4B 2W9,22,555-7767,student5192@example.edu,1
5193,Kenji Kowalski,1,Mr,1978-03-05,516 Nakamura St,N5B 2Y7,9,555-8984,student5193@example.edu,1
5194,Chiara Ahmadi,3,Dr,1975-04-10,172 Kowalski St,M4H 1Z2,13,555-9688,student5194@example.edu,1
5195,Imani Ueda,2,Ms,1987-03-24,99 Varga St,K7H 6X9,,555-7076,student5195@example.edu,1
5196,Hassan Bergstrom,1,Mx,1990-05-08,60 Rossi St,P6C 5W4,13,555-1641,student5196@example.edu,1
5197,Bo Bergstrom,1,Dr,1993-08-17,441 Petrov St,N8C 7R5,24,555-1820,student5197@example.edu,1
5198,Celine Whitfield,1,Mx,2002-01-13,436 Ueda St,L5H 7W2,22,555-5235,student5198@example.edu,1
5199,Wren Tanaka,3,Dr,1985-10-07,709 Achebe St,K5A 0R4,12,555-4464,student5199@example.edu,1
5200,Priya Costa,1,Ms,2001-04-19,98 Eriksen St,M8C 7Z5,22,555-1685,student5200@example.edu,1
5201,Lucia Jansen,1,Mx,1980-05-23,457 Silva St,L3A 3W5,5,555-6123,student5201@example.edu,1
5202,Rafael Costa,3,Mx,1992-11-03,260 Silva St,P0H 9T7,30,555-5079,student5202@example.edu,1
5203,Farid Costa,1,Ms,1998-07-13,190 Nakamura St,L8J 2W9,3,555-9511,student5203@example.edu,1
5204,Gabriela Costa,1,Mr,1985-09-10,67 Achebe St,V4B 4T4,5,555-4724,student5204@example.edu,1
5205,Elena Delgado,3,Dr,1976-12-11,842 Tanaka St,V4C 3W4,9,555-7315,student5205@example.edu,1
5206,Mateo Ahmadi,1,Dr,1978-03-18,849 Eriksen St,L2J 4X2,11,555-7255,student5206@example.edu,1
5207,Hiro Varga,2,Mx,1986-09-29,371 Silva St,L4C 2R3,7,555-7595,student5207@example.edu,1
5208,Noor Bergstrom,1,Mr,1978-05-16,612 Bergstrom St,L7B 6Z0,26,555-2618,student5208@example.edu,1
5209,Dmitri Jansen,3,Mr,1976-09-12,192 Xu St,N1J 1T0,16,555-5147,student5209@example.edu,1
5210,Hassan Achebe,3,Mr,1986-07-06,664 Ahmadi St,N2E 9X6,15,555-7718,student5210@example.edu,1
5211,Kenji Silva,1,Mx,1996-01-09,552 Ueda St,L3B 4Z7,9,555-7217,student5211@example.edu,1
5212,Imani Gallagher,1,Mx,1993-10-15,486 Gallagher St,M1B 3W3,23,555-2372,student5212@example.edu,1
5213,Hassan Lindqvist,3,Mr,1991-03-05,744 Petrov St,K0H 1W4,7,555-3882,student5213@example.edu,1
5214,Farid Kowalski,1,Ms,2003-08-08,782 Jansen St,N6B 2W0,19,555-3357,student5214@example.edu,1
5215,Hiro Rossi,1,Mr,1976-02-12,541 Delgado St,V2H 3W0,30,555-6628,student5215@example.edu,1
5216,Jasper Kowalski,2,Dr,1993-02-04,99 Zielinski St,L8E 3Z9,21,555-1930,student5216@example.edu,1
5217,Nadia Petrov,1,Dr,1998-06-05,631 Choi St,P8H 0Z7,30,555-4899,student5217@example.edu,1
5218,Devon Petrov,2,Dr,1993-05-21,637 Delgado St,V8A 8Z1,6,555-3164,student5218@example.edu,1
5219,Greta Varga,1,Mx,2004-09-16,328 Zielinski St,P2A 9Z9,14,555-6939,student5219@example.edu,1
5220,Bruno Bianchi,1,Mr,2000-04-02,166 Haddad St,P2B 4W0,21,555-5798,student5220@example.edu,1
5221,Imani Varga,2,Mr,1975-10-08,260 Yilmaz St,L1B 2Y6,16,555-8907,student5221@example.edu,1
5222,Amara Gallagher,1,Dr,1978-08-19,666 Rossi St,L2B 9X6,4,555-3495,student5222@example.edu,1
5223,Farid Ahmadi,1,Ms,2003-02-27,709 Achebe St,N9J 3T0,28,555-9241,student5223@example.edu,1
5224,Lucia Moreau,2,Mr,1999-01-15,211 Xu St,P5E 3W1,4,555-4931,student5224@example.edu,1
5225,Bo Eriksen,1,Ms,1992-10-30,949 Jansen St,K7A 7T0,11,555-9872,student5225@example.edu,1
5226,Felix Kowalski,3,Mx,1991-11-26,719 Xu St,N1A 0X3,6,555-6449,student5226@example.edu,1
5227,Nadia Gallagher,1,Mr,1986-11-15,354 Tanaka St,P9J 0W2,28,555-3753,student5227@example.edu,1
5228,Kaia Quintero,2,Mr,1979-02-06,295 Yilmaz St,L2C 2W9,2,555-5282,student5228@example.edu,1
5229,Imani Haddad,1,Mx,1987-09-26,861 Varga St,M3C 0Y9,11,555-3424,student5229@example.edu,1
5230,Kenji Tanaka,3,Mx,1986-04-12,888 Costa St,P1H 1T3,25,555-7176,student5230@example.edu,1
5231,Chiara Haddad,1,Ms,1989-06-11,367 Yilmaz St,N8B 2R1,28,555-3936,student5231@example.edu,1
5232,Greta Dubois,3,Ms,1992-08-12,609 Achebe St,K8A 4X4,10,555-4854,student5232@example.edu,1
5233,Imani Delgado,3,Dr,2000-03-19,244 Haddad St,P8J 6W9,27,555-1767,student5233@example.edu,1
5234,Nadia Rossi,2,Dr,1975-04-09,412 Kowalski St,K0B 5X9,29,555-1414,student5234@example.edu,1
5235,Bruno Choi,2,Dr,1983-03-17,448 Varga St,M0J 5Y8,13,555-3883,student5235@example.edu,1
5236,Amara Haddad,1,Mx,1994-12-29,907 Ahmadi St,M7H 0Z2,29,555-2120,student5236@example.edu,1
5237,Imani Xu,1,Mx,1995-04-03,158 Moreau St,K7A 3Y0,2,555-6331,student5237@example.edu,1
5238,Liam Eriksen,1,Mr,1999-04-27,757 Zielinski St,L9C 3T8,16,555-4331,student5238@example.edu,1
5239,Kaia Rossi,2,Mr,1996-01-31,130 Ferreira St,N7E 3R1,29,555-6423,student5239@example.edu,1
5240,Adaeze Eriksen,1,Mr,2002-12-06,854 Jansen St,K8C 9R4,23,555-3013,student5240@example.edu,1
5241,Hiro Yilmaz,1,Ms,2001-01-04,706 Nakamura St,L0E 4X4,23,555-4385,student5241@example.edu,1
5242,Jasper Varga,1,Dr,2004-12-22,883 Jansen St,L1C 9Z9,24,555-1657,student5242@example.edu,1
5243,Chiara Varga,1,Dr,1979-07-13,780 Ferreira St,L1A 7R7,13,555-4238,student5243@example.edu,1
5244,Yusuf Quintero,1,Dr,1991-10-19,892 Yilmaz St,M2A 4T9,10,555-9665,student5244@example.edu,1
5245,Farid Achebe,1,Mr,1993-03-18,545 Delgado St,L3C 9Y3,14,555-7458,student5245@example.edu,1
5246,Esther Varga,1,Ms,2004-08-12,906 Costa St,L3C 3T6,30,555-4151,student5246@example.edu,1
5247,Chiara Ibrahim,1,Ms,1991-12-04,66 Bergstrom St,N7H 0W1,28,555-3757,student5247@example.edu,1
5248,Zara Jansen,3,Mx,1988-05-26,370 Yilmaz St,K3A 1Z7,29,555-5174,student5248@example.edu,1
5249,Ursula Gallagher,1,Mr,2000-04-10,947 Silva St,M6J 5X1,20,555-6432,student5249@example.edu,1
5250,Quinn Nakamura,1,Ms,1990-08-19,706 Dubois St,V2C 8Y4,10,555-6861,student5250@example.edu,1
5251,Lucia Ferreira,1,Mr,2000-09-15,843 Haddad St,P3C 5W4,1,555-6917,student5251@example.edu,1
5252,Elena Ueda,1,Mx,1994-06-24,416 Dubois St,K0C 8Z1,8,555-4028,student5252@example.edu,1
5253,Hiro Silva,3,Dr,1988-03-14,737 Silva St,M0J 3Y3,23,555-6115,student5253@example.edu,1
5254,Esther Kowalski,1,Dr,1993-11-17,600 Gallagher St,K5C 4X9,15,555-9825,student5254@example.edu,1
5255,Hassan Achebe,1,Mr,2002-03-01,690 Petrov St,V7E 3T3,3,555-1567,student5255@example.edu,1
5256,Celine Choi,2,Mx,1977-05-01,317 Ueda St,V2C 6T8,5,555-1963,student5256@example.edu,1
5257,Noor Tanaka,1,Ms,1995-01-28,38 Nakamura St,P2J 6T4,11,555-3178,student5257@example.edu,1
5258,Ursula Eriksen,1,Mx,1987-06-06,780 Zielinski St,M7C 1X0,14,555-9872,student5258@example.edu,1
5259,Mateo Silva,2,Mx,2003-12-17,982 Bianchi St,M0J 2Y4,8,555-1131,student5259@example.edu,1
5260,Farid Jansen,3,Mx,1984-09-02,846 Xu St,V7A 5T4,24,555-3337,student5260@example.edu,1
5261,Ursula Varga,1,Mr,1991-06-24,4 Whitfield St,L7C 9W8,12,555-4341,student5261@example.edu,1
5262,Gabriela Lindqvist,1,Dr,1978-02-10,404 Haddad St,K2H 9R1,17,555-4116,student5262@example.edu,1
5263,Gabriela Rossi,2,Mr,1978-09-26,426 Ibrahim St,P6J 6Z1,9,555-8938,student5263@example.edu,1
5264,Ursula Achebe,1,Dr,1980-07-21,346 Gallagher St,M6B 6R1,30,555-3748,student5264@example.edu,1
5265,Liam Achebe,1,Dr,1993-12-10,463 Gallagher St,L5J 4W2,16,555-4635,student5265@example.edu,1
5266,Amara Okonkwo,2,Dr,1988-11-24,123 Bianchi St,K6C 2Z4,5,555-6162,student5266@example.edu,1
5267,Zara Dubois,1,Mr,1994-06-27,732 Costa St,P8J 4Y9,21,555-9627,student5267@example.edu,1
5268,Gabriela Eriksen,1,Dr,1992-11-16,564 Varga St,P2C 4Y4,30,555-8582,student5268@example.edu,1
5269,Nadia Varga,1,Ms,1980-10-21,978 Yilmaz St,K3A 8Y5,13,555-6105,student5269@example.edu,1
5270,Viktor Tanaka,2,Mr,1981-04-07,102 Bergstrom St,M1C 7W0,17,555-9431,student5270@example.edu,1
5271,Tomas Quintero,1,Ms,1999-02-09,803 Jansen St,N8A 8W4,1,555-4181,student5271@example.edu,1
5272,Devon Bergstrom,3,Dr,1981-06-06,509 Costa St,P0A 8R1,10,555-2966,student5272@example.edu,1
5273,Bruno Kowalski,1,Dr,2003-12-10,214 Varga St,M3B 8Z2,20,555-6809,student5273@example.edu,1
5274,Hassan Quintero,3,Mr,2004-04-27,477 Quintero St,M2H 8Y1,14,555-4881,student5274@example.edu,1
5275,Oscar Nakamura,1,Mr,1994-07-28,424 Costa St,N9C 2R4,24,555-2335,student5275@example.edu,1
5276,Oscar Okonkwo,1,Mx,1981-04-21,108 Lindqvist St,M6J 3Y2,20,555-6294,student5276@example.edu,1
5277,Devon Gallagher,1,Ms,1977-08-22,894 Ibrahim St,P7A 3R5,2,555-3820,student5277@example.edu,1
5278,Oscar Rossi,1,Ms,1986-07-20,480 Jansen St,K5B 1Z6,27,555-1789,student5278@example.edu,1
5279,Yusuf Dubois,2,Mx,1995-09-15,802 Jansen St,L8E 7Z5,6,555-9578,student5279@example.edu,1
5280,Quinn Okonkwo,1,Dr,1982-04-02,202 Costa St,K2E 3W4,17,555-6904,student5280@example.edu,1
5281,Amara Ahmadi,1,Mx,2001-03-18,83 Kowalski St,V5B 3R5,12,555-9768,student5281@example.edu,1
5282,Chiara Ueda,1,Mx,1977-07-16,508 Nakamura St,K2C 3Z1,3,555-3175,student5282@example.edu,1
5283,Viktor Bianchi,3,Mr,2000-10-24,278 Moreau St,M2H 1R0,7,555-3051,student5283@example.edu,1
5284,Zara Kowalski,1,Mx,2003-10-03,137 Costa St,V8E 4T3,26,555-9933,student5284@example.edu,1
5285,Bo Choi,1,Dr,1992-03-30,45 Choi St,L8H 2T6,3,555-8579,student5285@example.edu,1
5286,Mateo Achebe,2,Mr,1988-07-19,974 Okonkwo St,N7E 2T0,1,555-5835,student5286@example.edu,1
5287,Adaeze Ueda,1,Mx,1976-04-03,764 Yilmaz St,M6C 1X0,12,555-6148,student5287@example.edu,1
5288,Greta Choi,1,Mr,2000-01-06,881 Jansen St,K1B 2X7,7,555-7038,student5288@example.edu,1
5289,Gabriela Gallagher,2,Ms,1980-01-17,107 Ferreira St,L8B 0R2,30,555-1670,student5289@example.edu,1
5290,Esther Rossi,1,Mr,2001-09-26,463 Silva St,V8A 8W5,30,555-9387,student5290@example.edu,1
5291,Noor Dubois,3,Mx,1975-11-07,147 Moreau St,L8H 4R2,11,555-3472,student5291@example.edu,1
5292,Imani Kowalski,1,Dr,1985-05-08,499 Whitfield St,M6B 1T6,,555-9813,student5292@example.edu,1
5293,Greta Ahmadi,1,Mr,2001-11-11,644 Silva St,K9E 3R0,28,555-9244,student5293@example.edu,1
5294,Yusuf Ferreira,1,Dr,1990-09-04,710 Rossi St,K2J 3W8,15,555-8210,student5294@example.edu,1
5295,Ines Bianchi,1,Dr,2003-06-21,648 Varga St,N2B 2R8,15,555-4999,student5295@example.edu,1
5296,Lucia Achebe,1,Mr,1998-08-20,103 Ibrahim St,L1C 3Z7,5,555-2752,student5296@example.edu,1
5297,Hiro Dubois,1,Dr,1986-04-25,781 Whitfield St,K1C 4Z3,17,555-2053,student5297@example.edu,1
5298,Esther Zielinski,3,Mx,2003-10-20,421 Ibrahim St,M3A 2R3,19,555-8149,student5298@example.edu,1
5299,Mina Bergstrom,1,Ms,1983-12-15,279 Xu St,N3C 3W0,14,555-3895,student5299@example.edu,1
5300,Kenji Zielinski,2,Mx,1985-12-09,377 Kowalski St,N4C 3Y2,14,555-8553,student5300@example.edu,1
5301,Dmitri Haddad,1,Ms,1982-05-08,853 Lindqvist St,K4J 5X9,2,555-1716,student5301@example.edu,1
5302,Ursula Moreau,1,Ms,2003-06-03,950 Varga St,K8H 8T8,9,555-5355,student5302@example.edu,1
5303,Chiara Dubois,2,Ms,2004-09-11,760 Ibrahim St,L5A 2Y7,3,555-8845,student5303@example.edu,1
5304,Ines Kowalski,1,Mr,1983-02-11,641 Moreau St,M1E 1W4,23,555-6621,student5304@example.edu,1
5305,Chiara Bergstrom,3,Mx,1995-08-22,403 Varga St,P9C 6T6,4,555-5475,student5305@example.edu,1
5306,Kaia Eriksen,1,Ms,1982-05-26,336 Quintero St,P5E 6W6,4,555-8334,student5306@example.edu,1
5307,Wren Rossi,1,Dr,1982-07-03,785 Okonkwo St,P0J 6X9,10,555-9992,student5307@example.edu,1
5308,Hassan Haddad,3,Ms,1980-08-28,674 Bergstrom St,N2H 4Y0,5,555-3504,student5308@example.edu,1
5309,Ines Tanaka,1,Ms,1977-04-22,443 Bianchi St,K2A 6T0,14,555-4879,student5309@example.edu,1
5310,Bruno Costa,3,Mr,1997-07-26,854 Okonkwo St,K6C 4R0,15,555-2652,student5310@example.edu,1
5311,Amara Achebe,3,Mx,1989-05-22,915 Delgado St,M0E 7T9,21,555-4823,student5311@example.edu,1
5312,Celine Ibrahim,2,Mx,1975-08-22,713 Choi St,K9C 4T8,18,555-3987,student5312@example.edu,1
5313,Lucia Bianchi,1,Dr,1977-09-28,258 Xu St,N3B 3Z3,24,555-2875,student5313@example.edu,1
5314,Oscar Gallagher,2,Ms,1989-09-15,600 Jansen St,V4A 3W4,1,555-4890,student5314@example.edu,1
5315,Tomas Petrov,1,Ms,1984-08-16,489 Okonkwo St,V5H 0Y9,4,555-6747,student5315@example.edu,1
5316,Priya Jansen,1,Dr,1984-11-30,205 Nakamura St,M5A 4Y5,19,555-4356,student5316@example.edu,1
5317,Amara Ibrahim,1,Ms,1986-08-16,105 Quintero St,M4C 2R0,18,555-3131,student5317@example.edu,1
5318,Oscar Costa,1,Mr,1987-10-07,498 Moreau St,M9A 1T7,19,555-7054,student5318@example.edu,1
5319,Noor Zielinski,3,Mr,1978-05-30,121 Costa St,K8B 0R7,20,555-4036,student5319@example.edu,1
5320,Celine Bianchi,3,Dr,1985-08-18,198 Delgado St,P4E 1W2,23,555-7147,student5320@example.edu,1
5321,Adaeze Rossi,1,Dr,1976-02-18,280 Gallagher St,P9B 6X7,20,555-3073,student5321@example.edu,1
5322,Hiro Quintero,2,Dr,1999-07-16,7 Ueda St,M6C 5R3,15,555-7095,student5322@example.edu,1
5323,Quinn Quintero,2,Ms,1982-12-16,469 Gallagher St,V8E 3Z3,20,555-7900,student5323@example.edu,1
5324,Priya Achebe,2,Mx,1979-08-16,937 Petrov St,V5B 8R5,6,555-3479,student5324@example.edu,1
5325,Kenji Petrov,3,Mx,2001-08-12,866 Kowalski St,N2J 0X6,5,555-6253,student5325@example.edu,1
5326,Sofia Choi,1,Dr,1981-10-18,39 Petrov St,V9E 6W1,26,555-6074,student5326@example.edu,1
5327,Liam Varga,1,Mr,2003-07-06,26 Quintero St,M6A 6R3,30,555-7586,student5327@example.edu,1
5328,Lucia Ahmadi,1,Mr,1978-05-12,249 Gallagher St,L4C 6T2,16,555-9869,student5328@example.edu,1
5329,Farid Zielinski,1,Dr,1985-09-06,405 Jansen St,N2H 6T6,30,555-4181,student5329@example.edu,1
5330,Jasper Ferreira,3,Dr,1986-12-05,121 Gallagher St,N1J 4R7,30,555-6922,student5330@example.edu,1
5331,Kaia Achebe,3,Ms,1994-03-18,728 Rossi St,P1H 0W0,3,555-5241,student5331@example.edu,1
5332,Lucia Lindqvist,2,Mx,1985-03-07,278 Achebe St,K5C 4W4,25,555-3362,student5332@example.edu,1
5333,Yusuf Quintero,1,Ms,1994-04-16,913 Ibrahim St,P7C 8X9,3,555-2263,student5333@example.edu,1
5334,Xiomara Eriksen,3,Dr,1980-07-02,474 Ahmadi St,V5C 8Y3,25,555-8780,student5334@example.edu,1
5335,Devon Petrov,2,Mr,2002-11-09,816 Whitfield St,L9E 0Z9,14,555-2393,student5335@example.edu,1
5336,Celine Ueda,1,Ms,1991-01-06,283 Rossi St,K3A 1Z6,21,555-9398,student5336@example.edu,1
5337,Priya Gallagher,1,Mr,1988-03-09,30 Jansen St,V4J 7T9,30,555-5936,student5337@example.edu,1
5338,Oscar Yilmaz,3,Dr,1977-02-16,581 Achebe St,V7C 4Z3,7,555-7494,student5338@example.edu,1
5339,Jonas Kowalski,1,Mx,1985-06-10,211 Rossi St,L1J 6X5,21,555-4264,student5339@example.edu,1
5340,Jonas Ahmadi,2,Ms,1995-11-18,786 Bianchi St,K4J 7Y9,29,555-4480,student5340@example.edu,1
5341,Esther Dubois,1,Mx,1977-08-24,498 Nakamura St,V6A 2Y3,29,555-8708,student5341@example.edu,1
5342,Farid Petrov,1,Mx,1998-12-23,530 Moreau St,N7B 6T1,1,555-2255,student5342@example.edu,1
5343,Farid Nakamura,1,Mr,2000-07-18,639 Eriksen St,L4E 3X8,2,555-9998,student5343@example.edu,1
5344,Ursula Choi,1,Ms,1998-01-11,370 Silva St,V0E 3W1,4,555-4602,student5344@example.edu,1
5345,Elena Dubois,1,Ms,2000-11-03,102 Eriksen St,P2J 7T4,10,555-4145,student5345@example.edu,1
5346,Liam Silva,2,Mr,2003-01-17,559 Costa St,L3A 9Y4,7,555-8613,student5346@example.edu,1
5347,Elena Tanaka,1,Mr,1992-07-20,844 Bergstrom St,P5A 0W3,18,555-9046,student5347@example.edu,1
5348,Ursula Petrov,3,Ms,1979-11-15,523 Ahmadi St,N3J 3W7,26,555-7977,student5348@example.edu,1
5349,Quinn Kowalski,3,Mx,1985-06-17,174 Nakamura St,V7C 8Y1,16,555-6801,student5349@example.edu,1
5350,Amara Nakamura,3,Mr,1976-09-04,349 Bianchi St,V4J 2X2,8,555-4704,student5350@example.edu,1
5351,Elena Bergstrom,1,Dr,1976-06-22,209 Varga St,L7H 7X0,20,555-7013,student5351@example.edu,1
5352,Viktor Silva,1,Mr,1981-05-03,111 Ibrahim St,K7A 3R2,16,555-7893,student5352@example.edu,1
5353,Bo Achebe,1,Mx,1998-09-12,698 Dubois St,V5E 7W0,25,555-7114,student5353@example.edu,1
5354,Celine Zielinski,1,Mx,1998-09-27,896 Nakamura St,L8A 4Z8,1,555-7983,student5354@example.edu,1
5355,Greta Eriksen,2,Dr,1979-08-08,187 Okonkwo St,M2C 7Z9,24,555-6800,student5355@example.edu,1
5356,Farid Ueda,1,Dr,2000-10-31,589 Kowalski St,N7E 9R3,19,555-5917,student5356@example.edu,1
5357,Viktor Jansen,2,Mr,1997-05-03,948 Bianchi St,M4H 1X2,1,555-4306,student5357@example.edu,1
5358,Gabriela Rossi,1,Ms,1990-01-07,665 Bergstrom St,V2A 3X7,22,555-4534,student5358@example.edu,1
5359,Ursula Achebe,1,Mr,1985-12-03,797 Petrov St,P5B 7X3,26,555-2050,student5359@example.edu,1
5360,Chiara Choi,1,Dr,1979-02-22,306 Eriksen St,N2H 9R8,9,555-8763,student5360@example.edu,1
5361,Xiomara Okonkwo,3,Mx,1980-04-07,746 Ferreira St,K6C 4X5,29,555-5064,student5361@example.edu,1
5362,Tomas Nakamura,2,Mr,1990-02-06,895 Ibrahim St,V1C 1R0,8,555-7797,student5362@example.edu,1
5363,Xiomara Xu,1,Mx,1993-01-05,353 Ibrahim St,L1C 0X3,12,555-9863,student5363@example.edu,1
5364,Gabriela Yilmaz,2,Mx,2000-07-20,531 Rossi St,M6H 4T5,25,555-1759,student5364@example.edu,1
5365,Farid Jansen,2,Ms,1990-12-11,301 Yilmaz St,M5A 5W0,20,555-5735,student5365@example.edu,1
5366,Devon Gallagher,3,Mx,1979-02-07,18 Ahmadi St,L8E 1T5,6,555-6763,student5366@example.edu,1
5367,Celine Okonkwo,1,Mx,1982-03-09,99 Quintero St,M4H 6X6,4,555-3716,student5367@example.edu,1
5368,Rafael Delgado,2,Dr,1979-06-08,145 Okonkwo St,P5C 8T7,24,555-2305,student5368@example.edu,1
5369,Amara Eriksen,1,Mr,1976-02-16,845 Delgado St,K0C 7Y2,8,555-2927,student5369@example.edu,1
5370,Hassan Petrov,1,Mr,1988-01-07,400 Quintero St,V1C 4W7,14,555-8923,student5370@example.edu,1
5371,Noor Okonkwo,3,Mx,2001-02-17,430 Lindqvist St,N2J 4X3,2,555-9530,student5371@example.edu,1
5372,Nadia Eriksen,1,Dr,1983-06-29,29 Rossi St,V2C 7T3,2,555-4625,student5372@example.edu,1
5373,Imani Costa,2,Dr,2002-11-26,373 Whitfield St,M0C 0Z3,14,555-7748,student5373@example.edu,1
5374,Chiara Gallagher,1,Mx,1985-05-03,715 Haddad St,K8J 9R7,5,555-5745,student5374@example.edu,1
5375,Chiara Tanaka,1,Dr,1986-12-19,196 Varga St,M9E 0W6,4,555-1692,student5375@example.edu,1
5376,Xiomara Quintero,1,Mr,2003-07-10,234 Costa St,M5C 7X1,26,555-3140,student5376@example.edu,1
5377,Yusuf Haddad,2,Mx,2002-10-18,766 Moreau St,N0E 5R2,24,555-8807,student5377@example.edu,1
5378,Oscar Gallagher,1,Mr,1994-08-07,927 Lindqvist St,L2E 5W1,25,555-2276,student5378@example.edu,1
5379,Mateo Haddad,1,Dr,1975-03-14,793 Achebe St,V8B 4Z7,2,555-1805,student5379@example.edu,1
5380,Tomas Lindqvist,1,Mr,1996-04-09,323 Achebe St,V1C 4X5,7,555-3330,student5380@example.edu,1
5381,Adaeze Bianchi,1,Mr,1985-03-06,778 Achebe St,M9E 3Z0,20,555-9957,student5381@example.edu,1
5382,Xiomara Rossi,3,Dr,1978-04-09,505 Kowalski St,L3C 9R5,6,555-6006,student5382@example.edu,1
5383,Farid Haddad,3,Mr,1986-08-10,31 Yilmaz St,N9C 8T8,12,555-4131,student5383@example.edu,1
5384,Lucia Bianchi,1,Mr,2002-09-07,470 Achebe St,N4H 1Z0,4,555-3607,student5384@example.edu,1
5385,Zara Bergstrom,3,Ms,1998-02-19,282 Zielinski St,N4C 2R2,24,555-5715,student5385@example.edu,1
5386,Amara Costa,2,Mx,2004-08-26,728 Eriksen St,L4B 4R2,19,555-6141,student5386@example.edu,1
5387,Quinn Bianchi,1,Ms,1980-09-29,439 Choi St,K6A 8Y5,10,555-5349,student5387@example.edu,1
5388,Imani Tanaka,1,Dr,2001-11-21,312 Yilmaz St,K9A 2Y6,3,555-3606,student5388@example.edu,1
5389,Yusuf Achebe,1,Dr,2001-10-27,220 Delgado St,P4J 2R2,,555-6854,student5389@example.edu,1
5390,Zara Dubois,2,Mx,1991-04-03,51 Varga St,K1J 8Y8,26,555-1151,student5390@example.edu,1
5391,Liam Bergstrom,3,Ms,1977-10-03,736 Zielinski St,M7E 3Y6,23,555-9376,student5391@example.edu,1
5392,Felix Tanaka,2,Mr,1989-10-25,91 Ibrahim St,P0A 3T1,26,555-5391,student5392@example.edu,1
5393,Kaia Nakamura,1,Mx,1975-03-01,240 Nakamura St,M3C 1W2,28,555-7755,student5393@example.edu,1
5394,Greta Nakamura,2,Dr,1996-11-09,128 Tanaka St,M2A 3Y3,8,555-5734,student5394@example.edu,1
5395,Mateo Gallagher,1,Ms,1992-04-02,414 Ferreira St,P7C 5W7,26,555-7645,student5395@example.edu,1
5396,Xiomara Bergstrom,1,Mr,1998-07-30,809 Petrov St,K6J 7Y2,4,555-6029,student5396@example.edu,1
5397,Mateo Ueda,1,Ms,1979-01-23,920 Xu St,L4J 5T0,17,555-9495,student5397@example.edu,1
5398,Adaeze Choi,2,Ms,1991-07-19,641 Tanaka St,N2A 1X1,6,555-6990,student5398@example.edu,1
5399,Jonas Quintero,1,Ms,1996-03-06,646 Ahmadi St,N2J 8Y5,21,555-2931,student5399@example.edu,1
5400,Esther Ibrahim,1,Mx,2001-04-19,205 Ferreira St,P2C 7T4,15,555-5793,student5400@example.edu,1
5401,Hiro Moreau,3,Ms,1993-09-10,613 Choi St,N0B 6Y6,8,555-4927,student5401@example.edu,1
5402,Yusuf Nakamura,1,Mx,1987-08-09,240 Rossi St,M3H 8Y2,10,555-3085,student5402@example.edu,1
5403,Quinn Bergstrom,1,Mx,1981-01-07,987 Ahmadi St,M6E 3X6,7,555-9413,student5403@example.edu,1
5404,Ines Rossi,1,Ms,1993-06-14,435 Delgado St,M1H 0T5,26,555-6301,student5404@example.edu,1
5405,Oscar Petrov,2,Mr,2002-11-27,47 Kowalski St,P9B 6Y4,13,555-7786,student5405@example.edu,1
5406,Amara Zielinski,1,Ms,1978-09-28,533 Nakamura St,L2J 9W2,29,555-4451,student5406@example.edu,1
5407,Adaeze Dubois,2,Mx,2003-02-24,698 Quintero St,L3J 8W9,21,555-5449,student5407@example.edu,1
5408,Oscar Ibrahim,3,Mr,1997-04-20,695 Costa St,P8C 9Z1,3,555-3815,student5408@example.edu,1
5409,Oscar Eriksen,3,Mx,1976-01-25,464 Quintero St,N6J 4R7,26,555-2357,student5409@example.edu,1
5410,Esther Okonkwo,2,Mx,1995-11-28,564 Ferreira St,L7J 9T0,5,555-5171,student5410@example.edu,1
5411,Mateo Ueda,3,Dr,1987-01-21,903 Tanaka St,M7E 4Y9,15,555-2701,student5411@example.edu,1
5412,Viktor Bergstrom,1,Ms,1991-01-17,766 Lindqvist St,K8C 9Y7,2,555-6344,student5412@example.edu,1
5413,Kaia Choi,2,Mr,1986-12-10,707 Varga St,N9H 9Y5,17,555-5358,student5413@example.edu,1
5414,Viktor Haddad,1,Mx,1978-02-11,742 Silva St,V6H 1T4,25,555-6711,student5414@example.edu,1
5415,Celine Whitfield,1,Mx,1998-06-02,787 Tanaka St,N7A 1Y8,25,555-1744,student5415@example.edu,1
5416,Elena Rossi,1,Dr,1984-11-17,426 Lindqvist St,K0H 0T2,15,555-5357,student5416@example.edu,1
5417,Priya Ahmadi,1,Ms,1996-11-18,512 Quintero St,N3J 8T2,25,555-6529,student5417@example.edu,1
5418,Priya Ahmadi,1,Dr,1984-06-07,985 Silva St,L8B 8Y8,4,555-1801,student5418@example.edu,1
5419,Mina Okonkwo,1,Mr,1988-05-06,271 Quintero St,N4J 3X5,19,555-5844,student5419@example.edu,1
5420,Imani Moreau,2,Dr,1978-09-14,81 Eriksen St,L8H 7R6,13,555-6514,student5420@example.edu,1
5421,Kenji Dubois,1,Mx,1989-11-25,332 Petrov St,M4E 7Z9,2,555-3286,student5421@example.edu,1
5422,Rafael Varga,2,Mx,1977-01-13,39 Okonkwo St,V7H 3Z2,17,555-1611,student5422@example.edu,1
5423,Imani Choi,3,Mx,1979-09-08,664 Yilmaz St,K9E 7R1,10,555-9449,student5423@example.edu,1
5424,Jasper Nakamura,2,Mx,1999-10-08,85 Achebe St,V6H 7X6,10,555-5628,student5424@example.edu,1
5425,Esther Costa,1,Dr,1980-05-30,349 Quintero St,V1C 8T2,7,555-2578,student5425@example.edu,1
5426,Devon Gallagher,1,Ms,2004-12-02,863 Bianchi St,P5B 3W1,22,555-5415,student5426@example.edu,1
5427,Dmitri Delgado,2,Ms,1977-10-02,663 Eriksen St,P8A 8T9,21,555-5696,student5427@example.edu,1
5428,Devon Quintero,1,Mr,1986-09-13,666 Yilmaz St,N2B 5Y4,2,555-8916,student5428@example.edu,1
5429,Felix Jansen,2,Mx,1989-04-30,450 Ueda St,M5B 8R4,17,555-1313,student5429@example.edu,1
5430,Nadia Quintero,1,Mx,1994-01-17,596 Costa St,P8J 8X3,7,555-5429,student5430@example.edu,1
5431,Hassan Nakamura,1,Mx,2000-09-27,528 Kowalski St,N7H 4X1,16,555-7009,student5431@example.edu,1
5432,Bo Jansen,1,Mx,1977-08-04,460 Nakamura St,L4B 3Y8,23,555-2948,student5432@example.edu,1
5433,Imani Silva,1,Dr,1990-11-16,363 Xu St,M3E 2X4,11,555-9481,student5433@example.edu,1
5434,Ines Ahmadi,2,Mr,2003-05-31,166 Ibrahim St,V1H 4R0,24,555-1292,student5434@example.edu,1
5435,Amara Kowalski,2,Ms,1995-07-28,286 Tanaka St,P5C 6R9,26,555-3503,student5435@example.edu,1
5436,Viktor Yilmaz,3,Dr,2002-09-10,172 Lindqvist St,L7B 6Y1,10,555-7930,student5436@example.edu,1
5437,Dmitri Rossi,2,Dr,2005-01-24,802 Dubois St,L5B 1Y1,29,555-9949,student5437@example.edu,1
5438,Farid Jansen,1,Ms,1995-11-05,445 Yilmaz St,M1J 3X3,6,555-7595,student5438@example.edu,1
5439,Sofia Gallagher,3,Mx,1990-08-23,862 Haddad St,N4B 0Y3,27,555-8197,student5439@example.edu,1
5440,Wren Bianchi,1,Dr,1998-02-04,687 Eriksen St,M7H 5W5,21,555-8214,student5440@example.edu,1
5441,Sofia Moreau,1,Dr,2004-07-02,809 Dubois St,K5C 7X4,17,555-7054,student5441@example.edu,1
5442,Hiro Delgado,3,Ms,1981-02-15,570 Haddad St,K4E 8X3,4,555-9904,student5442@example.edu,1
5443,Oscar Eriksen,2,Ms,1993-12-11,801 Silva St,V0B 6R1,22,555-4093,student5443@example.edu,1
5444,Kenji Jansen,2,Mr,2001-11-01,518 Choi St,V7C 5Z4,11,555-4703,student5444@example.edu,1
5445,Xiomara Moreau,1,Mx,1991-03-08,521 Gallagher St,L6J 7Z6,1,555-4945,student5445@example.edu,1
5446,Ursula Ueda,1,Mx,1988-04-25,414 Kowalski St,V9J 9X8,8,555-4879,student5446@example.edu,1
5447,Ursula Okonkwo,1,Dr,1997-06-27,106 Ferreira St,M9C 0W5,23,555-4738,student5447@example.edu,1
5448,Nadia Costa,1,Mr,2004-11-06,804 Jansen St,V2H 9X7,3,555-4949,student5448@example.edu,1
5449,Amara Haddad,1,Mr,1990-07-03,734 Zielinski St,P6J 2R3,3,555-5008,student5449@example.edu,1
5450,Liam Ibrahim,2,Mr,1980-11-27,205 Quintero St,N5A 7Z3,12,555-8168,student5450@example.edu,1
5451,Xiomara Ferreira,1,Dr,1997-02-23,18 Quintero St,M9A 2X9,3,555-5949,student5451@example.edu,1
5452,Ursula Choi,2,Dr,2002-01-13,170 Achebe St,M6A 7Y3,20,555-9589,student5452@example.edu,1
5453,Farid Whitfield,1,Mr,1993-09-29,14 Bianchi St,M6C 0T8,8,555-9839,student5453@example.edu,1
5454,Greta Achebe,1,Mr,2004-05-23,67 Lindqvist St,M0H 7W9,4,555-6847,student5454@example.edu,1
5455,Zara Bergstrom,3,Mx,1998-09-24,393 Yilmaz St,P9J 7Z8,28,555-9457,student5455@example.edu,1
5456,Ursula Costa,1,Mx,1997-01-23,217 Gallagher St,P6C 2Z5,30,555-7618,student5456@example.edu,1
5457,Nadia Zielinski,1,Mr,1995-02-14,645 Ferreira St,N2A 5W4,22,555-5229,student5457@example.edu,1
5458,Wren Kowalski,3,Mx,2004-06-12,384 Dubois St,K3J 2X6,8,555-8814,student5458@example.edu,1
5459,Wren Zielinski,3,Ms,1996-12-29,445 Ferreira St,L7C 4T0,6,555-3340,student5459@example.edu,1
5460,Chiara Lindqvist,2,Dr,1993-03-06,563 Bianchi St,L9J 5Z3,7,555-4104,student5460@example.edu,1
5461,Yusuf Eriksen,1,Dr,1997-09-06,739 Eriksen St,P8H 2Z7,29,555-2996,student5461@example.edu,1
5462,Celine Choi,3,Ms,1997-07-17,559 Yilmaz St,K1C 8T0,29,555-4918,student5462@example.edu,1
5463,Nadia Whitfield,1,Mx,1983-07-12,177 Quintero St,K0H 9X4,11,555-8192,student5463@example.edu,1
5464,Bruno Quintero,2,Mx,1979-11-27,694 Achebe St,M5J 1Y2,6,555-8249,student5464@example.edu,1
5465,Chiara Rossi,1,Ms,1994-06-09,364 Costa St,M8C 7Z9,18,555-2896,student5465@example.edu,1
5466,Quinn Jansen,2,Mr,1985-05-02,155 Nakamura St,L0B 7X8,19,555-5323,student5466@example.edu,1
5467,Hiro Moreau,1,Ms,1976-05-17,386 Kowalski St,P4H 8Y7,20,555-4545,student5467@example.edu,1
5468,Ursula Okonkwo,1,Mx,1994-10-14,803 Ueda St,N3J 8Y5,19,555-9436,student5468@example.edu,1
5469,Greta Eriksen,1,Mr,1988-03-19,422 Ahmadi St,V8J 4R3,12,555-9028,student5469@example.edu,1
5470,Hassan Yilmaz,1,Dr,1980-08-23,131 Choi St,V2B 4R6,2,555-6361,student5470@example.edu,1
5471,Nadia Zielinski,1,Ms,2000-05-24,639 Rossi St,K1E 2X8,25,555-4566,student5471@example.edu,1
5472,Hassan Ferreira,2,Ms,1994-02-13,228 Lindqvist St,M1E 7X5,15,555-9069,student5472@example.edu,1
5473,Tomas Eriksen,1,Dr,2003-12-31,758 Gallagher St,N8J 1Y2,10,555-4966,student5473@example.edu,1
5474,Oscar Bianchi,2,Ms,1984-11-10,483 Delgado St,M4E 3Z8,13,555-7189,student5474@example.edu,1
5475,Mina Rossi,3,Mx,1975-09-30,698 Achebe St,L1H 4Y5,8,555-9753,student5475@example.edu,1
5476,Sofia Rossi,1,Dr,1996-05-24,776 Okonkwo St,L6H 8R3,15,555-5146,student5476@example.edu,1
5477,Gabriela Ibrahim,1,Dr,1996-07-31,681 Ibrahim St,P0A 2T8,3,555-2948,student5477@example.edu,1
5478,Kenji Delgado,2,Dr,1997-02-02,147 Nakamura St,P5C 0R0,18,555-7278,student5478@example.edu,1
5479,Mina Okonkwo,3,Mr,1987-12-25,412 Bergstrom St,V7B 2X1,11,555-1587,student5479@example.edu,1
5480,Hassan Eriksen,1,Ms,1998-04-22,367 Moreau St,L0B 4T7,9,555-2101,student5480@example.edu,1
5481,Mina Yilmaz,1,Dr,1990-01-10,785 Xu St,N1E 9W8,16,555-1756,student5481@example.edu,1
5482,Bo Zielinski,3,Mx,1993-08-21,935 Bergstrom St,V2C 8T2,10,555-9074,student5482@example.edu,1
5483,Viktor Varga,3,Mx,1994-06-25,397 Lindqvist St,L1J 0Z5,2,555-4096,student5483@example.edu,1
5484,Elena Ahmadi,1,Mr,2000-08-27,488 Eriksen St,N4H 3R8,5,555-6226,student5484@example.edu,1
5485,Chiara Costa,3,Ms,1978-04-23,320 Lindqvist St,P5E 3T6,6,555-4019,student5485@example.edu,1
5486,Rafael Choi,3,Mx,2002-01-18,619 Ibrahim St,N6E 8Y4,,555-7618,student5486@example.edu,1
5487,Rafael Moreau,2,Ms,1993-02-10,266 Choi St,P3C 1W4,26,555-3775,student5487@example.edu,1
5488,Priya Dubois,1,Ms,1980-06-25,600 Petrov St,K1A 3T5,14,555-6880,student5488@example.edu,1
5489,Lucia Achebe,3,Ms,2000-12-29,561 Costa St,N8H 8T5,16,555-7690,student5489@example.edu,1
5490,Elena Rossi,1,Ms,2002-11-02,937 Ferreira St,M6H 1Y3,16,555-1395,student5490@example.edu,1
5491,Kenji Zielinski,1,Dr,1977-01-01,596 Dubois St,L5H 3W8,27,555-6207,student5491@example.edu,1
5492,Nadia Okonkwo,1,Mr,2001-01-22,904 Tanaka St,V0J 4T2,26,555-4714,student5492@example.edu,1
5493,Bruno Delgado,3,Dr,1976-06-12,554 Moreau St,P4J 7W6,7,555-9560,student5493@example.edu,1
5494,Viktor Choi,1,Mx,1980-12-17,99 Costa St,V7A 8R4,20,555-6006,student5494@example.edu,1
5495,Ursula Bianchi,1,Mr,1978-03-22,303 Tanaka St,L2J 9W3,3,555-3217,student5495@example.edu,1
5496,Ursula Tanaka,1,Dr,2001-02-13,109 Ferreira St,M6E 2W8,17,555-9122,student5496@example.edu,1
5497,Adaeze Choi,3,Dr,2001-01-01,569 Gallagher St,K7A 7R9,3,555-7202,student5497@example.edu,1
5498,Tomas Delgado,2,Mr,1993-02-10,45 Achebe St,L1B 4Z7,13,555-4986,student5498@example.edu,1
5499,Hiro Ueda,1,Ms,1983-07-29,80 Yilmaz St,K0C 5Y1,29,555-4151,student5499@example.edu,1
5500,Chiara Ueda,1,Ms,2002-10-13,542 Ferreira St,V9A 2W8,13,555-4876,student5500@example.edu,1
5501,Amara Lindqvist,3,Ms,1984-01-28,783 Achebe St,P2A 5X7,26,555-8712,student5501@example.edu,1
5502,Esther Dubois,1,Ms,2004-01-17,631 Ibrahim St,P5C 9Z4,23,555-1398,student5502@example.edu,1
5503,Hassan Ueda,2,Mr,1992-09-30,404 Gallagher St,L9B 8Y0,17,555-5005,student5503@example.edu,1
5504,Liam Costa,2,Mr,1990-04-11,274 Zielinski St,M5J 2W4,4,555-8892,student5504@example.edu,1
5505,Dmitri Ibrahim,3,Dr,1975-06-26,333 Ibrahim St,P0E 9W1,4,555-4382,student5505@example.edu,1
5506,Hassan Costa,1,Mr,1986-07-29,857 Tanaka St,K1B 0R5,15,555-8931,student5506@example.edu,1
5507,Dmitri Ueda,1,Ms,2003-11-27,789 Okonkwo St,P0E 9R7,5,555-1521,student5507@example.edu,1
5508,Esther Zielinski,1,Ms,1998-08-24,222 Achebe St,P9B 2R1,20,555-5445,student5508@example.edu,1
5509,Celine Nakamura,1,Mx,1992-07-05,129 Gallagher St,P8H 4Y5,30,555-5276,student5509@example.edu,1
5510,Bruno Kowalski,1,Mx,2004-08-15,683 Silva St,K9J 8W5,7,555-4949,student5510@example.edu,1
5511,Devon Bergstrom,1,Ms,1987-05-13,985 Ahmadi St,K0J 2Y6,4,555-7245,student5511@example.edu,1
5512,Viktor Achebe,3,Mx,2002-07-08,818 Quintero St,P3H 1T4,10,555-6331,student5512@example.edu,1
5513,Wren Bergstrom,1,Ms,1978-03-11,63 Kowalski St,V4A 4Y1,16,555-8901,student5513@example.edu,1
5514,Tomas Gallagher,1,Dr,1986-02-18,73 Varga St,L0B 6X8,30,555-2879,student5514@example.edu,1
5515,Ursula Kowalski,1,Dr,1980-08-01,191 Gallagher St,K8C 8R1,25,555-2147,student5515@example.edu,1
5516,Nadia Okonkwo,1,Mx,1985-03-05,484 Okonkwo St,N1J 3Z8,15,555-5346,student5516@example.edu,1
5517,Farid Whitfield,3,Dr,2001-09-12,108 Yilmaz St,V8A 4W3,15,555-8436,student5517@example.edu,1
5518,Noor Xu,2,Ms,1985-01-09,221 Bianchi St,K9J 0Y0,1,555-3385,student5518@example.edu,1
5519,Wren Eriksen,1,Mx,1989-04-28,464 Choi St,L1B 7R0,22,555-2731,student5519@example.edu,1
5520,Zara Nakamura,1,Mr,1995-04-26,345 Bianchi St,L2E 8Y0,18,555-9079,student5520@example.edu,1
5521,Chiara Gallagher,2,Ms,1977-07-08,781 Eriksen St,V9H 8Y4,9,555-2043,student5521@example.edu,1
5522,Yusuf Haddad,2,Mx,1997-09-11,508 Dubois St,N3C 6Y1,25,555-7289,student5522@example.edu,1
5523,Ursula Okonkwo,2,Mr,1999-10-06,599 Haddad St,L9B 1Y9,15,555-5183,student5523@example.edu,1
5524,Viktor Haddad,1,Mr,1979-09-20,870 Ferreira St,V4A 7Z5,1,555-1691,student5524@example.edu,1
5525,Dmitri Whitfield,1,Ms,2001-01-18,343 Delgado St,K0E 9R4,16,555-6821,student5525@example.edu,1
5526,Bruno Bianchi,3,Mx,1985-12-23,633 Silva St,V9B 0W7,24,555-1426,student5526@example.edu,1
5527,Esther Achebe,1,Mx,1983-02-08,510 Haddad St,V3E 5Z5,27,555-4934,student5527@example.edu,1
5528,Dmitri Jansen,1,Mr,1977-10-02,921 Yilmaz St,V0C 7X8,6,555-7141,student5528@example.edu,1
5529,Liam Yilmaz,1,Mx,1989-01-01,511 Bianchi St,P1A 5R9,25,555-1984,student5529@example.edu,1
5530,Elena Jansen,2,Mr,1976-02-07,391 Varga St,P6J 4R4,29,555-9039,student5530@example.edu,1
5531,Dmitri Delgado,3,Dr,1984-01-19,674 Okonkwo St,N7E 8W7,12,555-5602,student5531@example.edu,1
5532,Chiara Dubois,1,Dr,1996-05-21,925 Achebe St,L5C 2W7,29,555-8359,student5532@example.edu,1
5533,Zara Silva,3,Dr,1990-01-28,123 Jansen St,V6J 4X1,5,555-8516,student5533@example.edu,1
5534,Gabriela Moreau,3,Dr,1983-01-19,797 Haddad St,K1J 2X3,17,555-3117,student5534@example.edu,1
5535,Yusuf Ahmadi,3,Mr,1987-01-28,549 Delgado St,N0C 1Z7,13,555-3971,student5535@example.edu,1
5536,Hassan Quintero,3,Mr,1988-01-10,756 Ahmadi St,N8J 0R8,3,555-1505,student5536@example.edu,1
5537,Hassan Jansen,1,Ms,1993-03-10,492 Rossi St,N6C 1Y7,3,555-2251,student5537@example.edu,1
5538,Hiro Tanaka,2,Mx,1988-06-19,63 Silva St,L0C 2W4,20,555-2203,student5538@example.edu,1
5539,Dmitri Ueda,1,Ms,1976-05-04,464 Bianchi St,P5A 2R5,6,555-7530,student5539@example.edu,1
5540,Noor Silva,2,Mx,1982-09-13,343 Varga St,M7E 0X3,25,555-2082,student5540@example.edu,1
5541,Kaia Xu,1,Dr,2004-05-21,481 Haddad St,L0J 9T6,1,555-9166,student5541@example.edu,1
5542,Jasper Achebe,1,Ms,1988-12-25,353 Xu St,V5J 9T0,3,555-7171,student5542@example.edu,1
5543,Yusuf Lindqvist,2,Ms,2004-05-15,333 Lindqvist St,L8E 6W1,14,555-9143,student5543@example.edu,1
5544,Sofia Whitfield,1,Ms,1977-10-14,864 Ferreira St,M6A 9Y5,27,555-4956,student5544@example.edu,1
5545,Rafael Quintero,3,Mr,1986-03-01,449 Jansen St,N6E 0X7,18,555-3190,student5545@example.edu,1
5546,Wren Costa,1,Dr,2002-07-17,716 Silva St,M0B 1X8,7,555-8154,student5546@example.edu,1
5547,Hassan Dubois,1,Mx,1982-11-13,788 Tanaka St,M7B 6T4,26,555-7475,student5547@example.edu,1
5548,Bruno Petrov,2,Mr,1997-11-20,465 Gallagher St,L1J 4W8,9,555-3778,student5548@example.edu,1
5549,Mateo Bianchi,1,Ms,1994-10-20,496 Quintero St,M6E 2X1,10,555-1465,student5549@example.edu,1
5550,Quinn Dubois,3,Ms,2000-09-12,136 Bergstrom St,P8C 7T2,23,555-4817,student5550@example.edu,1
5551,Greta Kowalski,1,Mr,1978-11-03,442 Ibrahim St,L3H 3Y6,25,555-8155,student5551@example.edu,1
5552,Ines Dubois,1,Ms,1984-04-17,202 Yilmaz St,V4A 9Y6,9,555-8092,student5552@example.edu,1
5553,Imani Yilmaz,3,Mr,1996-06-03,142 Quintero St,L5H 7W3,20,555-9629,student5553@example.edu,1
5554,Kaia Moreau,1,Ms,1985-06-22,827 Lindqvist St,P2C 3X8,9,555-6664,student5554@example.edu,1
5555,Lucia Lindqvist,2,Ms,1987-08-07,765 Choi St,V6A 8X4,4,555-7345,student5555@example.edu,1
5556,Quinn Achebe,1,Mr,1996-01-07,423 Varga St,L8E 2Z0,29,555-6273,student5556@example.edu,1
5557,Jasper Bergstrom,1,Dr,1983-09-17,180 Rossi St,V1A 6X7,29,555-6810,student5557@example.edu,1
5558,Quinn Lindqvist,2,Ms,1994-02-16,20 Eriksen St,M1C 6T5,27,555-2545,student5558@example.edu,1
5559,Kaia Varga,1,Mr,1984-09-08,356 Zielinski St,K2E 6X1,27,555-6945,student5559@example.edu,1
5560,Esther Yilmaz,1,Mr,2002-01-04,540 Okonkwo St,K9A 4Y5,20,555-7680,student5560@example.edu,1
5561,Jasper Ueda,1,Mx,1995-11-15,326 Bianchi St,V2B 4W6,1,555-4834,student5561@example.edu,1
5562,Viktor Ferreira,1,Ms,2003-12-22,9 Quintero St,V6J 3Y7,28,555-5364,student5562@example.edu,1
5563,Amara Kowalski,1,Mx,1977-12-27,92 Varga St,L9J 7W5,6,555-6233,student5563@example.edu,1
5564,Amara Choi,1,Dr,1977-02-12,677 Dubois St,P7A 4T2,8,555-6459,student5564@example.edu,1
5565,Nadia Xu,2,Mr,2004-07-21,517 Bianchi St,P3E 8X6,10,555-6901,student5565@example.edu,1
5566,Ines Gallagher,1,Dr,1975-10-21,96 Costa St,M8C 5W0,23,555-2222,student5566@example.edu,1
5567,Amara Tanaka,2,Dr,2004-10-08,99 Gallagher St,L3C 0T9,16,555-4931,student5567@example.edu,1
5568,Felix Dubois,1,Mr,1998-04-08,717 Jansen St,N0A 6R3,30,555-7659,student5568@example.edu,1
5569,Chiara Bianchi,1,Dr,1999-12-11,278 Okonkwo St,K5E 6R6,30,555-8221,student5569@example.edu,1
5570,Celine Yilmaz,1,Mx,1992-04-03,110 Zielinski St,P2H 3Y2,6,555-6737,student5570@example.edu,1
5571,Liam Achebe,2,Ms,1982-04-14,429 Ueda St,K6C 2Y5,13,555-5729,student5571@example.edu,1
5572,Wren Ibrahim,1,Ms,1998-03-03,207 Bianchi St,N6H 4W5,11,555-9176,student5572@example.edu,1
5573,Dmitri Bergstrom,1,Ms,1992-04-02,924 Ueda St,V3E 0R9,9,555-4223,student5573@example.edu,1
5574,Sofia Haddad,1,Mr,1980-04-30,481 Tanaka St,M7A 5R0,30,555-2410,student5574@example.edu,1
5575,Dmitri Tanaka,3,Dr,2002-05-15,773 Ibrahim St,K3J 0Y5,22,555-2144,student5575@example.edu,1
5576,Chiara Tanaka,2,Mx,1982-02-11,417 Achebe St,N8E 2T5,28,555-9513,student5576@example.edu,1
5577,Oscar Lindqvist,1,Dr,1988-11-10,544 Eriksen St,P8C 0W2,21,555-7925,student5577@example.edu,1
5578,Tomas Bergstrom,1,Mr,1988-09-14,783 Eriksen St,M3H 1Z7,2,555-3112,student5578@example.edu,1
5579,Mateo Tanaka,3,Mx,1979-06-16,86 Jansen St,V7E 9T1,15,555-5948,student5579@example.edu,1
5580,Viktor Tanaka,1,Ms,1994-04-16,244 Eriksen St,M4A 3W8,29,555-8176,student5580@example.edu,1
5581,Xiomara Silva,1,Mx,2002-04-07,909 Silva St,K5A 0W3,13,555-4235,student5581@example.edu,1
5582,Viktor Ueda,1,Dr,1992-04-29,167 Okonkwo St,N1E 9Y0,27,555-1140,student5582@example.edu,1
5583,Viktor Bergstrom,1,Ms,1995-11-18,890 Ferreira St,N2H 1Z0,,555-7981,student5583@example.edu,1
5584,Ursula Dubois,2,Mr,1987-05-11,279 Delgado St,L1H 8W9,28,555-7968,student5584@example.edu,1
5585,Mateo Jansen,1,Mr,1989-10-08,856 Tanaka St,L9C 1W3,10,555-4328,student5585@example.edu,1
5586,Xiomara Ahmadi,1,Mr,1975-08-20,337 Silva St,L6E 0Y4,8,555-5315,student5586@example.edu,1
5587,Kenji Xu,3,Mr,1976-11-08,739 Zielinski St,M3B 1R3,30,555-6225,student5587@example.edu,1
5588,Oscar Ahmadi,1,Dr,1986-12-22,231 Eriksen St,M2B 7R0,13,555-5457,student5588@example.edu,1
5589,Sofia Ferreira,1,Mx,1975-02-19,195 Lindqvist St,P3A 3Z9,5,555-4367,student5589@example.edu,1
5590,Gabriela Ferreira,1,Dr,1998-02-09,841 Yilmaz St,K4C 1R4,8,555-7514,student5590@example.edu,1
5591,Viktor Tanaka,1,Mx,2001-11-17,681 Bianchi St,L5J 0R7,22,555-6804,student5591@example.edu,1
5592,Liam Bianchi,3,Mr,1984-05-02,893 Dubois St,M1C 8Z5,28,555-4130,student5592@example.edu,1
5593,Celine Okonkwo,1,Mx,1978-10-06,449 Choi St,M5H 3Y8,15,555-9285,student5593@example.edu,1
5594,Felix Eriksen,1,Mx,1981-01-18,829 Achebe St,V0B 9T3,12,555-5509,student5594@example.edu,1
5595,Mina Xu,1,Mx,1991-12-13,23 Bergstrom St,V2B 4Z8,11,555-9618,student5595@example.edu,1
5596,Sofia Ferreira,2,Ms,1996-06-30,98 Achebe St,V8E 8T0,19,555-3418,student5596@example.edu,1
5597,Bo Okonkwo,2,Mr,1988-03-19,199 Dubois St,M9H 2X2,11,555-9005,student5597@example.edu,1
5598,Farid Yilmaz,1,Mr,2002-08-25,425 Zielinski St,K1C 0Z2,25,555-3058,student5598@example.edu,1
5599,Oscar Okonkwo,1,Mx,1983-11-24,563 Jansen St,N4A 6T4,22,555-9374,student5599@example.edu,1
5600,Ines Bergstrom,3,Dr,1997-11-14,984 Bianchi St,K2J 9R5,3,555-2827,student5600@example.edu,1
5601,TEST Student 1,1,Mx,1990-01-01,1 Test St,T0T 0T0,7,555-0000,qa+0@example.edu,1
5602,TEST Student 2,1,Mx,1990-01-01,1 Test St,T0T 0T0,23,555-0000,qa+1@example.edu,1
5603,TEST Student 3,1,Mx,1990-01-01,1 Test St,T0T 0T0,22,555-0000,qa+2@example.edu,1
5604,TEST Student 4,1,Mx,1990-01-01,1 Test St,T0T 0T0,23,555-0000,qa+3@example.edu,1
5605,TEST Student 5,1,Mx,1990-01-01,1 Test St,T0T 0T0,24,555-0000,qa+4@example.edu,1
5606,TEST Student 6,1,Mx,1990-01-01,1 Test St,T0T 0T0,28,555-0000,qa+5@example.edu,1
