OrderID	ProductID	CustomerID	OrderDate	OrderPriority	OrderQuantity	Sales	Discount	ShipMode	Profit	UnitPrice	ShippingCost
8710	657768	40732966	2009-01-04	Critical	42	151.35000	0.07	Express Air	8.33	3.71	1.93
5251	497741	40732966	2011-04-11	Medium	38	3821.03900	0.05	Express Air	1057.89	115.99	5.99
17024	778385	40732966	2009-10-13	Medium	31	1401.75000	0.02	Regular Air	426.44	42.98	4.62
16326	657768	68464052	2010-05-10	High	39	147.46000	0.06	Regular Air	14.13	3.71	1.93
15808	518917	68464052	2010-12-14	Critical	3	58.14000	0.01	Regular Air	-96.25	20.99	4.81
12452	955858	68464052	2010-12-07	Medium	17	112.86000	0.04	Regular Air	-56.78	6.60	4.07
15808	700324	68464052	2010-12-14	Critical	33	126.88000	0.05	Regular Air	12.63	3.70	1.61
16326	851117	68464052	2010-05-10	High	39	1538.33000	0.03	Regular Air	471.35	39.48	1.99
40961	189993	68464052	2011-03-30	Medium	7	23.84000	0.02	Regular Air	5.88	3.15	0.50
15808	877669	68464052	2010-12-14	Critical	42	906.64000	0.07	Express Air	-148.93	22.38	15.10
15808	284312	68464052	2010-12-14	Critical	45	882.96000	0.06	Regular Air	11.65	19.98	4.00
59815	657768	63834266	2010-12-15	Not Specified	14	51.56000	0.09	Regular Air	-1.06	3.71	1.93
36647	114426	63834266	2009-06-30	High	16	55.44000	0.09	Regular Air	-21.91	3.68	1.32
36356	816179	63834266	2011-12-25	Medium	33	117.77000	0.08	Regular Air	47.98	3.75	0.50
58470	657768	38512011	2011-06-08	High	13	49.08000	0.06	Regular Air	-0.31	3.71	1.93
34083	367450	38512011	2012-02-05	Not Specified	29	1415.14800	0.02	Express Air	-64.94	55.99	5.00
35239	460438	38512011	2011-11-12	Critical	38	2257.88000	0.01	Regular Air	474.98	59.76	9.71
50657	657768	82335880	2011-12-18	High	16	60.02000	0.10	Express Air	0.94	3.71	1.93
47173	560855	82335880	2009-09-01	Not Specified	41	277.07450	0.03	Regular Air	-128.44	7.99	5.03
34017	293693	58046234	2009-03-23	High	20	103.39000	0.05	Express Air	29.17	4.84	0.71
26918	293693	9130094	2009-04-06	Low	16	77.96000	0.05	Regular Air	16.65	4.84	0.71
54342	293693	60559394	2009-06-08	Low	2	10.48000	0.02	Regular Air	-5.65	4.84	0.71
21831	1000550	60559394	2009-09-19	Not Specified	6	28.39000	0.05	Regular Air	3.84	4.98	0.49
34275	293693	21939120	2009-07-01	Low	27	123.46000	0.07	Regular Air	26.66	4.84	0.71
29382	709485	21939120	2010-11-17	High	34	684.66000	0.07	Express Air	35.09	19.98	10.49
44576	491105	21939120	2009-12-25	Not Specified	38	5016.25000	0.01	Delivery Truck	-189.35	124.49	51.94
47876	91978	21939120	2009-12-25	High	8	365.22000	0.04	Regular Air	58.08	46.89	5.10
4004	293693	75726086	2010-05-06	Medium	14	63.52000	0.10	Regular Air	8.66	4.84	0.71
39972	656848	75726086	2012-09-25	Not Specified	35	224.58000	0.03	Regular Air	108.49	6.30	0.50
39972	481924	75726086	2012-09-25	Not Specified	36	138.59000	0.01	Regular Air	62.73	3.69	0.50
44229	293693	94530777	2010-05-14	Medium	39	185.69000	0.02	Regular Air	50.16	4.84	0.71
45125	344239	94530777	2012-05-28	Critical	32	4834.80000	0.00	Regular Air	1193.11	175.99	4.99
13861	293693	21258025	2010-08-11	High	7	37.30000	0.00	Regular Air	5.03	4.84	0.71
39330	535988	21258025	2010-07-17	Critical	29	184.77000	0.00	Express Air	-71.96	5.74	5.30
46336	293693	45311141	2011-07-29	High	31	143.85000	0.10	Regular Air	34.14	4.84	0.71
56420	259219	45311141	2011-07-24	Low	22	2403.13700	0.00	Regular Air	377.62	125.99	8.99
57412	560855	45311141	2009-07-13	Low	34	223.49900	0.06	Regular Air	-122.13	7.99	5.03
39169	293693	78224739	2011-08-26	Medium	5	24.91000	0.00	Regular Air	-0.90	4.84	0.71
13476	368543	78224739	2010-10-16	Not Specified	47	231.29000	0.09	Express Air	-147.86	4.91	5.68
1444	757487	78224739	2009-12-05	Medium	24	416.40000	0.02	Regular Air	24.33	17.15	4.96
46662	293693	30578487	2011-12-29	Critical	33	162.00000	0.01	Regular Air	45.84	4.84	0.71
46662	72479	30578487	2011-12-29	Critical	48	3410.15750	0.10	Regular Air	1137.91	85.99	0.99
5860	293693	85111166	2012-02-19	Not Specified	12	56.73000	0.09	Regular Air	8.33	4.84	0.71
3172	933326	85111166	2012-06-02	Not Specified	33	584.51100	0.05	Regular Air	-95.98	20.99	3.30
24705	69354	85111166	2011-09-15	Critical	34	260.51000	0.03	Regular Air	-127.52	7.30	7.72
14018	1000550	85111166	2010-06-06	High	30	160.68000	0.08	Express Air	77.75	4.98	0.49
42246	293693	79674261	2012-04-26	Not Specified	5	25.31000	0.05	Regular Air	-0.50	4.84	0.71
2691	329429	79674261	2012-04-29	Low	14	3363.14000	0.10	Delivery Truck	98.75	260.98	41.91
53698	293693	74639533	2012-06-16	Medium	10	55.33000	0.00	Express Air	13.38	4.84	0.71
6592	260010	74639533	2009-12-01	Low	29	194.29000	0.09	Regular Air	-177.17	6.84	8.37
44960	225839	74639533	2011-05-03	Low	22	180.92000	0.10	Regular Air	-82.54	8.57	6.14
44960	841964	74639533	2011-05-03	Low	17	31.68000	0.04	Regular Air	-23.69	1.70	1.99
37473	585679	28257713	2009-10-01	Low	42	88.23000	0.10	Regular Air	-195.93	2.18	5.00
5543	585679	14649835	2010-09-24	Medium	27	67.30000	0.02	Regular Air	-115.38	2.18	5.00
5543	196600	14649835	2010-09-24	Medium	15	703.54000	0.04	Regular Air	138.46	48.58	3.99
2628	585679	99328710	2010-10-21	Low	14	34.59000	0.04	Regular Air	-60.13	2.18	5.00
11362	585679	23051437	2012-09-10	Low	27	63.02000	0.07	Regular Air	-119.66	2.18	5.00
37888	178608	23051437	2009-12-22	Critical	31	639.19000	0.09	Regular Air	274.90	20.98	1.49
3808	484597	104239922	2009-04-23	Critical	2	6.13000	0.08	Regular Air	-2.83	2.89	0.49
21799	805629	104239922	2011-04-19	Not Specified	42	115.99000	0.05	Express Air	-53.35	2.60	2.40
22628	682640	104239922	2009-10-29	Medium	30	2951.70000	0.02	Delivery Truck	-1111.45	95.95	74.35
35300	484597	44905147	2010-03-02	Medium	10	28.81000	0.02	Regular Air	7.15	2.89	0.49
10048	114426	17033987	2009-05-15	Not Specified	21	78.57000	0.02	Regular Air	-20.65	3.68	1.32
19074	245102	17033987	2012-06-25	Critical	17	3816.59000	0.01	Delivery Truck	191.47	208.16	68.02
21856	399302	17033987	2012-04-05	Not Specified	47	168.55000	0.05	Regular Air	71.77	3.69	0.50
35461	114426	8480164	2009-06-01	Critical	30	112.60000	0.04	Regular Air	-25.99	3.68	1.32
35461	943159	8480164	2009-06-01	Critical	11	48.75000	0.08	Regular Air	3.50	4.49	1.49
35782	671340	8480164	2011-08-05	Low	13	1330.73000	0.06	Delivery Truck	-450.10	105.49	41.64
16545	114426	84795584	2010-05-09	Not Specified	1	4.99000	0.04	Regular Air	-3.06	3.68	1.32
12771	961470	84795584	2009-01-17	Critical	40	1143.49000	0.08	Regular Air	-193.44	30.53	19.99
4935	114426	63582475	2010-05-24	Not Specified	30	106.64000	0.10	Regular Air	-31.95	3.68	1.32
47303	547380	63582475	2011-12-05	Medium	7	56.90000	0.03	Regular Air	12.64	7.64	1.39
21729	234415	63582475	2012-12-06	Low	28	120.98000	0.00	Regular Air	-92.85	4.13	5.34
36896	464128	63582475	2009-11-03	Critical	12	34.01000	0.00	Regular Air	10.58	2.61	0.50
31393	114426	2717381	2012-05-11	Critical	31	110.32000	0.09	Regular Air	-32.65	3.68	1.32
28870	738011	2717381	2011-11-10	High	35	3310.94550	0.05	Regular Air	822.40	115.99	2.50
33159	394140	2717381	2012-04-27	Medium	3	56.69500	0.01	Regular Air	-70.97	20.99	0.99
27780	114426	69563791	2012-10-20	Critical	39	147.71000	0.00	Regular Air	-30.25	3.68	1.32
13607	851117	69563791	2010-11-18	Critical	12	440.60000	0.07	Regular Air	2.97	39.48	1.99
19559	72479	69563791	2010-04-15	High	14	1032.02750	0.07	Express Air	97.40	85.99	0.99
13607	605916	69563791	2010-11-18	Critical	37	109.90000	0.09	Express Air	48.52	2.61	0.50
27780	358060	69563791	2012-10-20	Critical	18	56.41000	0.02	Regular Air	11.92	3.08	0.99
53572	939925	87034117	2010-05-07	Medium	17	184.09000	0.07	Regular Air	4.79	11.09	5.25
48388	730110	87034117	2009-08-09	High	3	21.64000	0.08	Regular Air	-13.33	5.74	5.01
1699	939925	25507147	2010-12-29	Critical	40	430.88000	0.05	Regular Air	39.00	11.09	5.25
26304	529361	25507147	2011-03-19	Medium	43	7452.13700	0.02	Regular Air	2028.36	205.99	5.99
18432	793081	25507147	2011-03-12	High	12	76.42000	0.02	Express Air	20.44	5.84	0.83
30532	939925	47450738	2011-11-26	High	23	262.31000	0.04	Express Air	27.55	11.09	5.25
32000	638256	47450738	2012-09-13	Low	49	162.16000	0.05	Regular Air	24.95	3.29	1.35
38084	704553	47450738	2009-03-20	Not Specified	11	100.36000	0.02	Regular Air	18.41	9.11	2.15
18466	939925	16666221	2012-05-21	Low	25	270.16000	0.09	Regular Air	16.92	11.09	5.25
18849	939925	16666221	2012-08-05	High	43	471.87000	0.05	Regular Air	52.27	11.09	5.25
13157	518917	16666221	2012-02-11	Medium	2	38.93000	0.07	Regular Air	-102.43	20.99	4.81
18849	539744	16666221	2012-08-05	High	39	539.60000	0.06	Regular Air	-6.50	13.79	8.78
23360	234470	96327900	2009-05-11	Low	30	512.97000	0.01	Express Air	261.29	15.67	1.39
5698	234470	38344188	2009-05-20	Medium	7	108.26000	0.06	Regular Air	25.51	15.67	1.39
16161	592978	38344188	2012-07-28	Medium	49	2692.68950	0.03	Regular Air	768.32	65.99	4.20
13986	851117	38344188	2011-10-11	High	46	1905.79000	0.01	Regular Air	675.65	39.48	1.99
57153	234470	59981908	2009-05-26	Critical	45	698.10000	0.01	Regular Air	336.25	15.67	1.39
7430	234470	89759693	2010-06-08	Medium	50	751.77000	0.05	Regular Air	353.20	15.67	1.39
57568	234470	56764115	2010-06-17	Not Specified	38	592.54000	0.07	Regular Air	282.11	15.67	1.39
56960	748546	56764115	2009-08-06	High	48	2784.82950	0.01	Express Air	788.29	65.99	4.20
39521	871664	56764115	2009-08-09	Low	28	112.35000	0.10	Regular Air	31.27	4.13	0.99
4610	234470	44817590	2010-06-17	Low	29	447.34000	0.08	Regular Air	203.01	15.67	1.39
43713	805629	44817590	2012-09-07	Medium	12	34.41000	0.05	Regular Air	-17.69	2.60	2.40
4610	564279	44817590	2010-06-17	Low	8	66.88000	0.09	Regular Air	-17.01	8.33	1.99
46436	196162	44817590	2009-04-04	Low	46	1477.57200	0.00	Regular Air	840.05	35.99	0.99
53445	638256	44817590	2012-10-24	High	21	73.80000	0.02	Regular Air	11.23	3.29	1.35
19205	302731	44817590	2010-07-26	Medium	31	107.97000	0.00	Regular Air	2.36	3.26	1.86
27811	456509	44817590	2011-03-04	Not Specified	31	197.59000	0.09	Regular Air	-73.62	6.81	5.48
24646	234470	48076280	2011-04-15	Not Specified	46	662.51000	0.09	Regular Air	293.32	15.67	1.39
23104	375694	48076280	2011-04-09	Medium	24	142.80000	0.01	Regular Air	-25.00	5.81	3.37
10309	178608	48076280	2009-11-21	Low	23	496.15000	0.03	Regular Air	213.38	20.98	1.49
51974	182998	48076280	2011-01-26	High	2	23.18000	0.05	Regular Air	-14.88	8.60	6.19
9921	234470	80727603	2011-05-14	Low	23	356.09000	0.05	Regular Air	155.82	15.67	1.39
26976	234470	20148851	2011-05-20	Not Specified	44	729.75000	0.02	Regular Air	375.25	15.67	1.39
26976	259219	20148851	2011-05-20	Not Specified	11	1154.93750	0.04	Express Air	-176.06	125.99	8.99
29411	234470	59062935	2012-04-06	High	33	542.24000	0.02	Regular Air	268.53	15.67	1.39
21796	234470	40615970	2012-05-06	Low	41	607.13000	0.10	Regular Air	274.66	15.67	1.39
21796	518917	40615970	2012-05-06	Low	2	40.82550	0.01	Regular Air	-99.98	20.99	4.81
46468	851117	40615970	2011-01-11	Critical	41	1618.31000	0.08	Express Air	504.71	39.48	1.99
57091	494349	40615970	2011-10-31	Medium	6	14.85000	0.05	Express Air	-2.79	1.68	1.02
38564	480920	40615970	2009-11-02	Critical	21	98.51000	0.10	Express Air	45.93	4.13	0.50
26310	234470	101078507	2012-07-29	Not Specified	5	77.41000	0.05	Regular Air	9.35	15.67	1.39
47522	234470	39049481	2012-10-23	High	5	80.56000	0.03	Regular Air	12.50	15.67	1.39
44261	803900	39049481	2012-03-23	High	10	306.66300	0.07	Regular Air	-17.41	35.99	5.99
7461	789601	38038963	2009-01-12	Low	28	260.79000	0.00	Regular Air	111.40	8.74	1.39
44198	933326	38038963	2011-01-04	Critical	35	625.94850	0.04	Express Air	-87.02	20.99	3.30
39270	375694	38038963	2011-02-06	High	11	65.78000	0.07	Regular Air	-17.42	5.81	3.37
34498	789601	60181220	2009-02-15	Low	4	47.12000	0.09	Express Air	10.80	8.74	1.39
42243	498918	60181220	2012-03-11	Medium	19	145.26000	0.05	Regular Air	-35.75	7.35	5.96
54819	275481	60181220	2009-10-10	Low	46	2710.50550	0.03	Regular Air	624.12	65.99	8.80
59044	358060	60181220	2011-07-20	Critical	6	20.19000	0.02	Regular Air	1.25	3.08	0.99
13542	789601	96145776	2009-03-08	Low	33	310.44000	0.03	Regular Air	-90.21	8.74	8.29
15524	559119	96145776	2012-05-11	Medium	27	156.82000	0.03	Regular Air	-37.62	5.68	3.60
18119	789601	92369283	2009-06-24	Low	37	347.84000	0.00	Regular Air	-99.25	8.74	8.29
28519	72479	92369283	2010-06-22	High	4	268.71050	0.09	Regular Air	-337.66	85.99	0.99
38887	463033	92369283	2009-10-24	Critical	25	378.90000	0.02	Regular Air	28.46	14.45	7.17
50882	1038283	92369283	2010-08-31	High	37	366.84000	0.08	Regular Air	-50.10	10.23	4.68
58725	789601	39306812	2010-05-20	Not Specified	39	335.35000	0.05	Regular Air	-134.97	8.74	8.29
2055	789601	10374472	2010-09-03	Critical	7	66.41000	0.05	Regular Air	-32.35	8.74	8.29
14048	209111	10374472	2010-05-17	Not Specified	40	2035.39300	0.01	Regular Air	1152.69	55.99	1.25
37829	789601	51874025	2010-09-29	Not Specified	28	257.90000	0.00	Regular Air	-84.69	8.74	8.29
37792	481924	51874025	2011-12-29	High	49	183.08000	0.01	Regular Air	82.49	3.69	0.50
12261	789601	91811409	2010-10-23	Low	23	217.35000	0.00	Regular Air	-67.19	8.74	8.29
53024	367450	91811409	2012-05-12	Not Specified	46	2255.19450	0.03	Regular Air	74.51	55.99	5.00
12261	923574	91811409	2010-10-23	Low	19	281.74000	0.06	Regular Air	25.67	14.56	3.50
44706	746518	91811409	2010-03-30	Low	33	47.48000	0.07	Regular Air	3.35	1.48	0.70
26050	789601	90514203	2011-06-16	High	44	365.24000	0.09	Regular Air	-163.13	8.74	8.29
26279	577469	90514203	2009-07-30	Not Specified	7	211.74350	0.04	Regular Air	-33.31	35.99	1.25
58598	75225	90514203	2011-08-22	Medium	25	89.32000	0.01	Regular Air	33.46	3.41	0.70
5381	417731	90514203	2010-01-28	Low	27	63.87000	0.09	Regular Air	-149.93	2.18	7.09
19653	540260	90514203	2012-09-11	Not Specified	34	125.46000	0.07	Regular Air	-129.63	3.58	5.47
55270	612766	90514203	2010-01-22	Medium	1	35.14000	0.02	Regular Air	-12.75	29.17	6.27
12293	789601	97428330	2011-06-18	High	31	283.17000	0.00	Regular Air	119.64	8.74	1.39
10852	355734	97428330	2010-10-26	High	40	12450.48000	0.01	Delivery Truck	3030.16	300.98	54.92
11269	175474	97428330	2012-05-26	Low	49	233.28000	0.04	Regular Air	112.35	4.91	0.50
52930	789601	55283064	2011-11-08	Low	16	136.98000	0.04	Regular Air	44.12	8.74	1.39
52930	925732	55283064	2011-11-08	Low	24	1112.15700	0.09	Regular Air	140.81	55.99	3.30
52930	209111	55283064	2011-11-08	Low	40	1865.58850	0.02	Regular Air	972.90	55.99	1.25
56995	730110	55283064	2009-10-15	Medium	27	157.57000	0.08	Express Air	-57.06	5.74	5.01
31523	789601	33980383	2012-03-08	Low	19	179.33000	0.00	Regular Air	-58.76	8.74	8.29
29537	681809	33980383	2012-09-19	Low	30	318.56000	0.08	Express Air	-30.97	10.89	4.50
5473	789601	24088027	2012-03-24	Not Specified	42	355.69000	0.09	Regular Air	-149.46	8.74	8.29
40134	681809	24088027	2011-10-09	Low	10	109.37000	0.10	Regular Air	-21.66	10.89	4.50
22373	789601	20071951	2012-03-28	High	26	233.03000	0.05	Express Air	-86.34	8.74	8.29
27461	607679	20071951	2010-02-26	Critical	40	121.92000	0.09	Express Air	51.23	2.88	0.50
55749	789601	50179492	2012-05-03	Critical	42	364.80000	0.01	Regular Air	149.45	8.74	1.39
11011	789601	61616872	2012-05-13	High	36	305.62000	0.10	Regular Air	-129.86	8.74	8.29
41383	686443	61616872	2010-05-12	Low	36	1449.45000	0.04	Regular Air	620.07	41.94	2.99
48423	789601	21703579	2012-10-31	High	49	414.11000	0.08	Regular Air	-172.32	8.74	8.29
59776	547380	28130934	2009-03-09	Low	35	285.01000	0.01	Express Air	124.82	7.64	1.39
28867	66293	28130934	2011-07-22	Medium	26	2169.75250	0.02	Regular Air	374.75	95.99	8.99
52197	519606	28130934	2012-08-04	Critical	23	91.94000	0.01	Regular Air	-10.11	3.95	2.00
13735	547380	66378277	2009-05-21	Medium	36	281.71000	0.02	Regular Air	117.38	7.64	1.39
32037	182998	66378277	2009-02-16	Low	37	311.66000	0.04	Regular Air	-63.81	8.60	6.19
43974	547380	16627071	2009-09-16	Not Specified	8	64.23000	0.03	Regular Air	15.83	7.64	1.39
47683	221283	16627071	2010-09-01	Low	38	81.97000	0.05	Regular Air	-148.80	1.98	4.77
7744	547380	102252318	2009-11-17	Low	1	8.34000	0.09	Regular Air	-3.44	7.64	1.39
802	314991	102252318	2011-01-04	Critical	2	38.50000	0.09	Regular Air	-52.14	15.99	9.40
22501	547380	30354681	2010-05-18	High	2	30.83000	0.04	Express Air	7.27	7.64	1.39
33444	805629	30354681	2012-10-06	Medium	11	30.51000	0.09	Regular Air	-17.68	2.60	2.40
40067	781795	30354681	2012-02-17	Low	38	2157.30850	0.00	Regular Air	519.25	65.99	5.31
9763	480920	30354681	2011-08-13	Medium	44	176.26000	0.07	Regular Air	75.13	4.13	0.50
11014	547380	21462074	2010-09-07	High	39	286.81000	0.07	Regular Air	110.05	7.64	1.39
4389	397917	21462074	2009-05-04	Medium	42	2455.27600	0.04	Express Air	693.06	65.99	5.63
48293	547380	41989638	2012-04-09	Critical	47	370.60000	0.03	Regular Air	160.72	7.64	1.39
34980	236065	41989638	2010-08-02	Not Specified	7	140.77000	0.01	Regular Air	100.77	18.65	3.77
34980	91978	41989638	2010-08-02	Not Specified	12	562.15000	0.01	Regular Air	148.34	46.89	5.10
48199	881139	26995184	2009-01-18	Not Specified	47	672.46000	0.10	Regular Air	279.74	15.74	1.39
28836	192952	26995184	2010-10-24	High	50	8221.29350	0.06	Regular Air	2342.21	195.99	4.20
4454	364652	26995184	2009-02-01	Low	17	55.45000	0.01	Regular Air	21.42	3.08	0.50
998	881139	31594679	2009-11-25	Not Specified	16	248.26000	0.07	Regular Air	93.80	15.74	1.39
8292	881139	3704525	2010-02-01	Not Specified	18	299.87000	0.02	Regular Air	130.04	15.74	1.39
20900	580148	3704525	2010-11-24	Low	50	1978.36650	0.00	Regular Air	483.60	45.99	4.99
19558	638256	3704525	2011-02-25	Low	2	7.98000	0.04	Regular Air	-3.93	3.29	1.35
27879	881139	20705818	2010-02-26	Medium	44	669.01000	0.08	Regular Air	299.35	15.74	1.39
15651	171527	20705818	2012-10-04	Critical	8	1496.83000	0.07	Delivery Truck	-329.72	179.29	56.20
49767	881139	81843446	2010-11-08	Critical	43	634.38000	0.09	Regular Air	272.40	15.74	1.39
32165	529796	81843446	2012-10-14	Not Specified	38	2939.68250	0.02	Regular Air	192.06	85.99	0.99
36773	746721	81843446	2010-09-23	Not Specified	24	2048.78000	0.05	Regular Air	994.68	83.98	5.01
26214	881139	43018738	2011-11-20	Medium	19	305.68000	0.10	Express Air	128.17	15.74	1.39
24993	904387	43018738	2010-03-11	High	36	1561.22050	0.09	Regular Air	-226.82	55.99	2.50
24193	529796	43018738	2009-03-14	Not Specified	19	1426.51250	0.04	Regular Air	-175.18	85.99	0.99
16422	1038283	43018738	2011-10-09	Critical	16	171.50000	0.02	Regular Air	-20.41	10.23	4.68
772	321823	108626146	2010-04-16	High	25	233.05000	0.10	Regular Air	86.93	9.90	1.39
36739	680802	108626146	2009-10-08	Not Specified	27	331.17000	0.07	Regular Air	97.19	12.22	2.85
772	899702	108626146	2010-04-16	High	35	589.24000	0.08	Regular Air	-38.35	17.52	8.17
40512	321823	98185921	2010-09-17	Medium	41	405.83000	0.06	Regular Air	178.86	9.90	1.39
59491	680802	98185921	2012-03-24	High	46	562.95000	0.06	Regular Air	147.12	12.22	2.85
59491	540260	98185921	2012-03-24	High	8	32.31000	0.09	Regular Air	-33.59	3.58	5.47
35841	321823	17767864	2011-05-08	Medium	23	230.41000	0.06	Regular Air	94.39	9.90	1.39
8162	428422	17767864	2009-10-07	Medium	25	670.39000	0.03	Regular Air	-82.26	27.48	4.00
59969	321823	21909421	2012-01-11	High	42	437.73000	0.01	Regular Air	205.70	9.90	1.39
55808	518917	21909421	2011-02-14	Not Specified	45	837.38600	0.03	Regular Air	104.33	20.99	4.81
57477	988535	21909421	2010-09-26	High	45	3086.51150	0.08	Regular Air	1560.96	85.99	2.50
57477	923574	21909421	2010-09-26	High	50	745.48000	0.02	Regular Air	119.12	14.56	3.50
292	321823	26421512	2012-01-12	High	43	412.62000	0.08	Regular Air	175.54	9.90	1.39
9829	659453	26421512	2011-12-08	Critical	4	18.46000	0.06	Regular Air	-0.43	4.91	0.50
51044	321823	73966703	2012-01-18	Low	17	155.89000	0.10	Regular Air	50.19	9.90	1.39
36003	368543	73966703	2010-10-31	Medium	40	207.42000	0.04	Regular Air	-115.35	4.91	5.68
16262	954944	73966703	2011-01-01	Low	11	62.84000	0.06	Express Air	9.53	5.18	2.04
24384	659453	73966703	2011-03-26	Medium	44	205.11000	0.06	Regular Air	95.52	4.91	0.50
51044	793081	73966703	2012-01-18	Low	19	117.27000	0.01	Regular Air	35.45	5.84	0.83
1542	196600	73966703	2010-09-14	Medium	47	2150.25000	0.06	Regular Air	586.93	48.58	3.99
30567	245102	79755549	2009-01-14	Not Specified	14	2690.84000	0.10	Delivery Truck	-368.02	208.16	68.02
24352	381880	79755549	2010-05-10	Critical	32	103.48000	0.03	Regular Air	20.53	3.14	1.14
12067	730110	79755549	2010-02-04	Critical	45	271.06000	0.00	Regular Air	-76.60	5.74	5.01
37440	245102	9043071	2010-06-23	Not Specified	39	8407.08000	0.04	Delivery Truck	629.40	208.16	68.02
293	245102	60345992	2012-10-01	High	49	10123.02000	0.07	Delivery Truck	457.81	208.16	68.02
21634	245102	73316576	2012-10-28	Not Specified	8	1611.73000	0.10	Delivery Truck	-314.61	208.16	68.02
30208	580148	73316576	2012-07-16	Low	46	1752.09650	0.10	Regular Air	356.35	45.99	4.99
36130	841915	73316576	2012-09-13	Critical	23	394.80000	0.10	Regular Air	-113.80	17.98	4.00
59906	704553	73316576	2010-05-20	High	32	284.92000	0.03	Regular Air	81.29	9.11	2.15
3395	498918	95284420	2009-10-29	Not Specified	1	13.16000	0.03	Regular Air	-10.29	7.35	5.96
30147	709485	95284420	2012-06-17	Not Specified	37	740.14000	0.06	Regular Air	29.73	19.98	10.49
3395	432501	95284420	2009-10-29	Not Specified	31	181.17000	0.06	Express Air	-59.88	5.38	5.24
15622	861428	95284420	2011-08-25	High	34	8581.25000	0.00	Delivery Truck	1464.23	240.98	60.20
29826	841915	95284420	2009-09-24	Critical	9	157.63000	0.06	Regular Air	-78.13	17.98	4.00
54534	498918	72906222	2012-03-19	Not Specified	16	124.71000	0.01	Regular Air	-30.04	7.35	5.96
15872	498918	74518551	2012-10-30	Not Specified	23	188.53000	0.00	Regular Air	-27.49	7.35	5.96
15872	604082	74518551	2012-10-30	Not Specified	48	5198.12000	0.01	Delivery Truck	1481.67	100.98	15.66
40097	805629	104516246	2009-01-09	Low	47	117.88000	0.10	Regular Air	-71.00	2.60	2.40
8388	30902	104516246	2012-02-23	Low	42	288.90000	0.02	Regular Air	96.34	6.98	1.60
11652	954944	104516246	2011-11-10	Not Specified	25	122.09000	0.10	Regular Air	14.11	5.18	2.04
39589	659453	104516246	2009-08-02	Critical	20	95.08000	0.06	Regular Air	39.91	4.91	0.50
56901	805629	104598944	2009-09-11	Critical	36	100.68000	0.00	Regular Air	-45.21	2.60	2.40
23936	805629	101777049	2009-12-17	Medium	27	71.39000	0.09	Regular Air	-39.33	2.60	2.40
40901	955858	101777049	2012-07-29	Medium	40	273.14000	0.02	Regular Air	-96.90	6.60	4.07
40901	364705	101777049	2012-07-29	Medium	22	3100.11150	0.02	Express Air	567.37	155.99	8.08
41634	564279	101777049	2012-12-08	Not Specified	7	57.35000	0.06	Regular Air	-28.55	8.33	1.99
30564	803900	101777049	2009-02-26	Critical	20	606.39850	0.09	Regular Air	126.13	35.99	5.99
40611	771470	101777049	2012-03-28	Not Specified	43	1407.51500	0.00	Regular Air	657.45	35.99	3.30
15397	805629	12392564	2010-02-06	Critical	43	121.94000	0.01	Regular Air	-51.30	2.60	2.40
14119	925732	12392564	2010-05-31	Low	35	1599.07100	0.04	Regular Air	296.66	55.99	3.30
14119	753117	12392564	2010-05-31	Low	31	968.23500	0.05	Regular Air	-158.61	35.99	5.00
43271	805629	103724988	2010-03-03	Medium	2	7.75000	0.03	Regular Air	-5.27	2.60	2.40
53411	428422	103724988	2011-11-29	Critical	25	667.64000	0.08	Regular Air	-57.53	27.48	4.00
39749	805629	100099945	2010-06-27	High	43	110.64000	0.06	Regular Air	-62.60	2.60	2.40
17735	456509	100099945	2012-07-12	Low	45	311.65000	0.03	Regular Air	-71.25	6.81	5.48
29639	805629	4221093	2011-04-17	Critical	8	22.37000	0.04	Regular Air	-14.09	2.60	2.40
40928	529796	4221093	2009-09-12	Low	4	292.34050	0.01	Regular Air	-420.59	85.99	0.99
50087	638256	4221093	2010-05-15	Not Specified	17	58.86000	0.03	Regular Air	6.96	3.29	1.35
27141	460438	4221093	2010-02-04	Not Specified	28	1645.51000	0.06	Regular Air	300.34	59.76	9.71
8642	652699	4221093	2010-01-16	High	13	133.04000	0.04	Regular Air	49.69	10.35	0.99
45893	943159	4221093	2011-05-26	High	15	68.03000	0.05	Regular Air	8.87	4.49	1.49
14951	805629	72489079	2011-05-17	Medium	26	65.21000	0.08	Regular Air	-41.60	2.60	2.40
47270	403726	72489079	2010-08-02	Critical	19	3559.61300	0.00	Regular Air	747.74	205.99	3.00
49760	238390	72489079	2011-10-01	Medium	13	1281.17950	0.02	Regular Air	-26.62	115.99	5.92
58755	417731	72489079	2011-12-03	Low	18	47.11000	0.00	Regular Air	-95.42	2.18	7.09
3650	540260	72489079	2012-05-27	Not Specified	36	139.95000	0.04	Express Air	-128.59	3.58	5.47
59809	145931	72489079	2011-03-08	Not Specified	16	506.84000	0.02	Regular Air	-38.32	30.98	6.50
17282	612766	72489079	2009-11-18	Low	37	988.42000	0.09	Regular Air	253.94	29.17	6.27
18371	667910	72489079	2009-09-18	Medium	30	1394.36000	0.00	Regular Air	271.45	43.98	8.99
51557	805629	101656918	2011-10-31	High	14	37.90000	0.08	Regular Air	-22.01	2.60	2.40
37185	805629	14548487	2012-10-31	High	8	23.19000	0.02	Regular Air	-13.27	2.60	2.40
33220	709485	27242353	2009-04-15	Not Specified	40	736.96000	0.10	Regular Air	-34.29	19.98	10.49
15040	704553	27242353	2009-12-04	Low	48	410.35000	0.10	Express Air	114.02	9.11	2.15
43936	751450	27242353	2010-03-13	Critical	42	670.65000	0.08	Regular Air	41.66	15.94	5.45
54464	709485	31379257	2009-09-01	High	11	227.41000	0.06	Regular Air	44.29	19.98	10.49
56612	238390	31379257	2009-07-22	High	38	4008.72750	0.00	Regular Air	1219.34	115.99	5.92
23362	709485	90097133	2010-08-27	Medium	45	852.05000	0.10	Regular Air	-20.60	19.98	10.49
26503	709485	8230900	2011-04-21	Medium	12	262.09000	0.01	Regular Air	58.69	19.98	10.49
2688	990658	8230900	2012-01-23	High	31	2080.03500	0.10	Regular Air	844.90	85.99	1.25
52258	680802	8230900	2009-02-10	Low	5	63.85000	0.04	Regular Air	40.44	12.22	2.85
55046	494051	8230900	2009-04-13	Critical	2	29.32000	0.08	Express Air	-12.93	7.28	11.15
6982	709485	36349541	2011-11-16	Not Specified	41	844.09000	0.04	Regular Air	52.56	19.98	10.49
3908	738011	36349541	2010-03-08	Medium	8	820.28400	0.00	Regular Air	-180.20	115.99	2.50
6982	851117	36349541	2011-11-16	Not Specified	32	1311.25000	0.00	Express Air	407.44	39.48	1.99
25318	709485	93429106	2011-11-19	Critical	22	440.92000	0.05	Express Air	-65.18	19.98	10.49
3845	709485	19890992	2012-04-25	Critical	22	475.72000	0.02	Regular Air	-10.40	19.98	10.49
18279	564279	19890992	2009-02-26	Medium	22	184.35000	0.07	Regular Air	11.95	8.33	1.99
11909	106849	19890992	2009-11-24	Not Specified	11	194.17400	0.03	Regular Air	-20.91	20.99	0.99
11943	463033	19890992	2010-04-07	Low	49	657.94000	0.09	Regular Air	7.35	14.45	7.17
45664	709485	18293658	2012-06-09	Not Specified	24	473.03000	0.09	Regular Air	26.27	19.98	10.49
30913	709485	60636010	2012-09-22	Medium	24	496.62000	0.07	Express Air	49.86	19.98	10.49
8609	528379	60636010	2012-04-14	Critical	4	72.00350	0.04	Regular Air	-108.08	20.99	2.50
30913	155970	60636010	2012-09-22	Medium	44	126.36000	0.02	Regular Air	50.26	2.89	0.50
13282	428893	60636010	2012-05-09	Low	2	12.59000	0.02	Regular Air	-5.92	6.30	0.50
30913	207983	60636010	2012-09-22	Medium	23	143.10000	0.01	Regular Air	36.75	5.98	1.49
8231	709485	56352213	2012-10-18	Critical	5	110.03000	0.06	Regular Air	-31.33	19.98	10.49
19777	364705	56352213	2012-10-19	Not Specified	24	3268.75150	0.04	Regular Air	562.91	155.99	8.08
4321	961470	56352213	2009-07-17	Medium	47	1505.57000	0.02	Express Air	-54.63	30.53	19.99
8231	640880	56352213	2012-10-18	Critical	27	79.44000	0.06	Regular Air	29.85	2.88	0.50
36706	506813	71604925	2009-04-11	Not Specified	7	355.97000	0.03	Regular Air	-4.46	48.04	19.99
36706	178608	71604925	2009-04-11	Not Specified	47	887.45000	0.10	Regular Air	365.79	20.98	1.49
15170	518917	13884388	2009-03-18	Critical	19	356.46450	0.01	Regular Air	-9.11	20.99	4.81
37152	275481	13884388	2011-05-22	Medium	45	2503.32650	0.04	Regular Air	447.12	65.99	8.80
42242	930660	13884388	2009-04-01	Not Specified	23	2287.10000	0.07	Regular Air	231.49	99.99	19.99
740	1000550	13884388	2011-07-15	Medium	6	28.01000	0.09	Regular Air	3.46	4.98	0.49
48035	518917	85518221	2009-03-31	Critical	8	155.92400	0.09	Express Air	-63.12	20.99	4.81
17408	518917	77579377	2009-05-27	Not Specified	41	728.12700	0.02	Regular Air	49.79	20.99	4.81
17408	89922	77579377	2009-05-27	Not Specified	26	149.70000	0.05	Express Air	-132.63	5.40	7.78
37281	518917	72058336	2009-08-28	Medium	25	453.24550	0.05	Regular Air	3.31	20.99	4.81
38215	518917	15023876	2010-01-02	Critical	42	756.72950	0.07	Regular Air	64.78	20.99	4.81
10308	250333	15023876	2011-04-20	High	40	5554.03600	0.09	Regular Air	1153.84	175.99	8.99
13447	518917	67135124	2010-01-08	High	24	436.48350	0.01	Regular Air	0.85	20.99	4.81
58854	518917	90365410	2010-04-24	Critical	10	193.20500	0.00	Regular Air	-52.24	20.99	4.81
2503	518917	100684577	2010-06-19	Medium	9	162.15450	0.08	Regular Air	-73.74	20.99	4.81
2503	234415	100684577	2010-06-19	Medium	21	91.15000	0.03	Regular Air	-71.54	4.13	5.34
2503	480920	100684577	2010-06-19	Medium	46	171.48000	0.10	Regular Air	66.13	4.13	0.50
5957	518917	20700273	2010-12-26	High	23	391.87550	0.10	Regular Air	-38.02	20.99	4.81
25863	518917	65938413	2011-04-22	Not Specified	18	340.68850	0.00	Express Air	-10.85	20.99	4.81
26145	368543	65938413	2011-07-04	Low	18	99.36000	0.00	Regular Air	-51.20	4.91	5.68
48615	480920	65938413	2012-12-03	Low	4	16.91000	0.08	Regular Air	0.21	4.13	0.50
41794	518917	51065809	2011-05-27	Critical	49	891.60750	0.06	Regular Air	100.59	20.99	4.81
9762	450797	51065809	2009-01-03	High	12	262.76000	0.05	Regular Air	-146.05	20.98	21.20
26176	518917	90627719	2011-11-19	High	30	554.42950	0.03	Regular Air	34.01	20.99	4.81
31493	318979	90627719	2009-10-17	High	8	112.47000	0.00	Express Air	46.74	12.20	6.02
26021	518917	59440797	2012-09-14	Critical	17	328.62700	0.00	Regular Air	-7.77	20.99	4.81
24576	518917	88815489	2012-12-11	Not Specified	29	531.06300	0.03	Regular Air	24.56	20.99	4.81
51073	217285	88815489	2010-05-14	Not Specified	17	2475.08000	0.00	Express Air	958.80	136.98	24.49
37315	344239	88815489	2012-06-05	Low	31	4726.59500	0.05	Express Air	1176.48	175.99	4.99
51073	213268	88815489	2010-05-14	Not Specified	49	1610.42000	0.00	Regular Air	813.35	30.93	3.92
20519	229356	79337791	2009-04-10	High	7	124.19000	0.03	Regular Air	-53.30	15.99	11.28
28737	217058	79337791	2011-10-03	Critical	17	1721.64100	0.04	Regular Air	242.44	115.99	4.23
30887	238390	79337791	2010-07-07	Critical	44	4357.11700	0.07	Regular Air	1192.98	115.99	5.92
22402	259517	79337791	2009-05-27	Critical	1	51.83300	0.01	Regular Air	-235.90	55.99	5.00
17701	577552	79337791	2012-05-21	Critical	21	80.45000	0.09	Regular Air	-60.96	3.74	4.69
3649	774939	79337791	2009-07-05	Low	26	75.60000	0.06	Regular Air	17.14	2.88	0.99
11682	284312	79337791	2010-07-04	Low	5	102.18000	0.09	Regular Air	-65.67	19.98	4.00
31233	400178	79337791	2011-09-24	Low	35	590.32000	0.06	Regular Air	-91.31	16.99	8.99
38598	229356	73805224	2009-08-15	Low	27	451.52000	0.01	Regular Air	-70.52	15.99	11.28
25443	229356	38797703	2012-09-22	Medium	33	570.24000	0.01	Regular Air	-57.83	15.99	11.28
26466	803900	38797703	2009-06-11	Critical	29	909.72100	0.01	Regular Air	287.99	35.99	5.99
17381	232452	38797703	2010-08-14	High	28	101.25000	0.05	Regular Air	40.90	3.75	0.50
36999	497741	32775334	2009-12-12	Medium	3	306.62050	0.08	Express Air	-479.08	115.99	5.99
52256	748546	32775334	2010-11-04	Not Specified	23	1236.95400	0.06	Regular Air	119.89	65.99	4.20
54245	528379	32775334	2011-03-24	Medium	5	83.30000	0.09	Regular Air	-114.91	20.99	2.50
10917	497741	33888882	2012-02-10	Critical	14	1281.35800	0.09	Express Air	-90.12	115.99	5.99
19457	403726	33888882	2009-07-12	High	33	5638.79800	0.09	Express Air	1406.05	205.99	3.00
54051	871664	33888882	2011-08-11	Medium	28	126.95000	0.06	Express Air	45.87	4.13	0.99
19457	428893	33888882	2009-07-12	High	34	203.49000	0.05	Regular Air	90.35	6.30	0.50
32292	497741	65676679	2012-02-15	Low	49	5008.76100	0.04	Regular Air	1601.64	115.99	5.99
24801	497741	75234630	2012-11-15	High	10	1024.16500	0.02	Regular Air	-105.70	115.99	5.99
1762	332331	75234630	2009-08-19	Not Specified	43	1279.50500	0.10	Express Air	384.20	35.99	1.10
24801	642251	75234630	2012-11-15	High	3	18.91000	0.00	Regular Air	-16.35	3.89	7.01
12228	196617	100100202	2009-06-25	Not Specified	30	5015.05100	0.05	Regular Air	1090.43	200.99	4.20
10692	196617	65181272	2009-07-26	Low	48	8101.98750	0.05	Regular Air	2369.84	200.99	4.20
10692	382992	65181272	2009-07-26	Low	8	1313.81100	0.07	Regular Air	-457.16	195.99	8.99
2279	847898	65181272	2010-02-22	Medium	39	845.90000	0.04	Regular Air	52.53	20.98	5.42
2530	605916	65181272	2009-03-20	Medium	9	23.46000	0.06	Regular Air	4.58	2.61	0.50
47367	1015676	65181272	2011-04-16	Medium	6	21.07000	0.08	Regular Air	2.28	3.69	0.50
10692	737723	65181272	2009-07-26	Low	26	100.41000	0.04	Regular Air	-69.91	3.57	4.17
20518	196617	66496454	2009-10-05	Critical	49	8252.36100	0.07	Regular Air	2418.56	200.99	4.20
13378	535988	66496454	2009-09-21	Low	16	96.04000	0.05	Regular Air	-50.75	5.74	5.30
43940	196617	75322156	2010-02-21	Critical	12	1940.21000	0.09	Regular Air	-215.34	200.99	4.20
39744	330371	75322156	2009-07-06	Medium	9	519.95350	0.00	Regular Air	-107.99	65.99	5.92
5318	196617	45168399	2010-04-03	High	29	5010.74150	0.03	Express Air	1196.37	200.99	4.20
1028	529361	45168399	2009-01-05	High	11	2021.14700	0.01	Regular Air	-60.39	205.99	5.99
45217	196617	47273840	2010-09-01	Not Specified	40	6789.92750	0.08	Regular Air	1864.66	200.99	4.20
28675	330371	47273840	2009-10-08	Critical	15	822.84250	0.10	Regular Air	4.39	65.99	5.92
10945	66293	47273840	2012-01-03	Medium	14	1170.02500	0.04	Regular Air	4.22	95.99	8.99
24960	196617	48760545	2011-01-27	High	35	5797.68000	0.04	Regular Air	1366.57	200.99	4.20
39492	196617	55650115	2011-04-17	Not Specified	31	5347.98750	0.01	Regular Air	1332.44	200.99	4.20
2978	196617	23674656	2011-05-02	Critical	28	4671.14950	0.07	Regular Air	947.31	200.99	4.20
58113	196617	76519514	2012-02-01	High	12	2077.18750	0.05	Express Air	-38.07	200.99	4.20
43367	858912	76519514	2010-03-09	Critical	16	139.37000	0.04	Express Air	1.72	8.34	2.64
23847	196617	82445538	2012-11-09	Not Specified	7	1278.64650	0.01	Regular Air	-396.17	200.99	4.20
11491	955858	82445538	2010-08-17	Low	26	165.37000	0.06	Regular Air	-80.11	6.60	4.07
32869	250333	95816282	2009-03-27	Medium	39	5250.66250	0.10	Regular Air	930.99	175.99	8.99
30372	680802	95816282	2010-08-30	High	1	14.40000	0.10	Regular Air	-7.39	12.22	2.85
11968	318215	95816282	2011-03-16	Low	31	109.49000	0.04	Regular Air	26.09	3.38	0.85
15971	250333	36773200	2009-08-14	High	15	2172.51500	0.06	Regular Air	32.75	175.99	8.99
11680	250333	18716501	2009-09-04	Medium	50	7312.03150	0.06	Regular Air	2031.51	175.99	8.99
1637	767300	18716501	2011-02-07	Not Specified	36	1225.52000	0.10	Express Air	-1191.13	35.48	35.00
47108	250333	64043844	2009-10-15	Not Specified	9	1288.51500	0.08	Express Air	-382.57	175.99	8.99
47108	236065	64043844	2009-10-15	Not Specified	19	359.68000	0.07	Regular Air	187.15	18.65	3.77
54304	196600	64043844	2010-02-17	High	11	558.62000	0.03	Regular Air	118.32	48.58	3.99
30787	250333	76162149	2011-09-27	High	43	6477.45900	0.05	Regular Air	1836.46	175.99	8.99
23524	871664	76162149	2009-04-28	High	28	129.33000	0.04	Express Air	48.25	4.13	0.99
39872	774939	76162149	2010-02-22	Critical	5	16.24000	0.01	Regular Air	0.35	2.88	0.99
20805	504878	76162149	2011-01-10	High	12	69.98000	0.06	Regular Air	-58.33	5.53	6.98
20805	436896	76162149	2011-01-10	High	12	45.61000	0.10	Regular Air	9.18	3.85	0.70
47171	756158	76162149	2010-01-07	Medium	19	50.07000	0.03	Regular Air	-0.53	2.67	0.86
45506	250333	23988283	2011-12-26	Low	3	448.36650	0.03	Regular Air	-748.41	175.99	8.99
4871	577331	23988283	2011-06-11	Critical	26	238.34000	0.06	Regular Air	-19.31	9.31	3.98
55847	358060	23988283	2009-07-20	Not Specified	45	136.71000	0.04	Regular Air	34.72	3.08	0.99
28198	250333	19984778	2012-02-08	Medium	50	7703.96650	0.00	Regular Air	2446.50	175.99	8.99
46977	250333	48698759	2012-05-07	Medium	19	2980.37200	0.02	Regular Air	494.63	175.99	8.99
22434	640076	48698759	2012-08-29	Critical	3	18.70000	0.10	Regular Air	-14.69	4.54	5.83
52673	250333	50111887	2012-05-08	Medium	14	2045.06600	0.07	Regular Air	-4.68	175.99	8.99
50726	871664	50111887	2011-10-31	Low	21	98.88000	0.07	Express Air	36.01	4.13	0.99
38048	397917	38984610	2010-01-24	High	42	2252.26200	0.10	Regular Air	478.11	65.99	5.63
2752	397917	57347993	2010-11-18	High	10	575.56900	0.04	Regular Air	-86.52	65.99	5.63
2146	344239	57347993	2012-09-13	Not Specified	41	6111.16850	0.06	Regular Air	1663.08	175.99	4.99
7845	368543	57347993	2009-12-13	Critical	22	118.56000	0.06	Express Air	-63.38	4.91	5.68
2146	605916	57347993	2012-09-13	Not Specified	44	113.71000	0.07	Regular Air	41.70	2.61	0.50
36933	481924	57347993	2011-07-12	High	32	115.81000	0.07	Regular Air	47.56	3.69	0.50
35238	397917	61555104	2011-04-28	Low	27	1403.02700	0.10	Express Air	153.80	65.99	5.63
50055	89922	61555104	2012-10-18	Medium	1	13.45000	0.00	Regular Air	-8.20	5.40	7.78
48544	106849	61555104	2011-05-16	High	44	831.58050	0.01	Regular Air	273.05	20.99	0.99
38118	284312	61555104	2011-04-18	Not Specified	7	138.91000	0.09	Regular Air	-64.11	19.98	4.00
20898	397917	56512681	2011-10-30	Medium	33	1756.59300	0.09	Regular Air	298.21	65.99	5.63
22688	397917	75226845	2012-04-17	Medium	40	2044.27550	0.10	Regular Air	334.53	65.99	5.63
24003	774393	26405324	2009-10-31	Critical	50	1318.49000	0.02	Regular Air	4.69	24.98	8.79
29058	774393	102101268	2010-01-03	High	41	1011.67000	0.04	Regular Air	-74.64	24.98	8.79
54468	464128	102101268	2009-12-14	High	15	40.75000	0.03	Regular Air	12.76	2.61	0.50
11846	774393	74757853	2010-04-20	Low	28	707.44000	0.01	Express Air	-50.27	24.98	8.79
29761	114359	74757853	2012-07-03	Medium	42	1085.40000	0.02	Regular Air	262.32	25.98	5.37
29761	444231	74757853	2012-07-03	Medium	48	1463.10500	0.06	Regular Air	446.99	35.99	1.25
16518	72479	74757853	2012-09-29	Critical	36	2628.92250	0.03	Regular Air	832.19	85.99	0.99
56291	774393	6794165	2012-09-17	Not Specified	47	1200.70000	0.06	Regular Air	-37.27	24.98	8.79
57253	477659	12671287	2009-01-05	Critical	25	2750.10700	0.04	Regular Air	667.45	125.99	5.26
46375	477659	19360668	2010-08-26	Medium	16	1702.49900	0.08	Regular Air	162.11	125.99	5.26
12551	477659	31028836	2012-06-11	Low	46	5023.25350	0.01	Regular Air	1665.23	125.99	5.26
36866	754090	75768983	2010-03-24	Low	32	6245.76000	0.10	Regular Air	1462.42	210.55	9.99
49094	428422	75768983	2012-09-03	Critical	31	846.85000	0.03	Regular Air	-25.98	27.48	4.00
25095	459677	75768983	2011-01-25	Low	18	693.06000	0.06	Regular Air	148.30	39.98	9.83
50404	754090	51940252	2011-03-26	High	18	3780.43000	0.05	Regular Air	905.57	210.55	9.99
57922	260010	51940252	2011-02-08	Critical	50	343.26000	0.04	Regular Air	-287.28	6.84	8.37
50563	754090	97257760	2011-07-16	High	2	423.04000	0.05	Express Air	-270.70	210.55	9.99
9249	737723	97257760	2010-05-19	High	46	176.50000	0.01	Regular Air	-119.35	3.57	4.17
9249	491105	97257760	2010-05-19	High	35	3457.56000	0.02	Delivery Truck	-365.44	124.49	51.94
50978	754090	99434135	2012-03-31	High	4	816.09000	0.05	Regular Air	-150.29	210.55	9.99
12099	605916	99434135	2009-09-11	Critical	1	17.59000	0.06	Express Air	10.85	2.61	0.50
23943	751450	99434135	2011-06-23	Critical	24	376.53000	0.03	Regular Air	3.44	15.94	5.45
6112	330371	15571411	2009-08-23	Medium	31	1753.95800	0.06	Regular Air	382.39	65.99	5.92
45412	332331	15571411	2010-04-22	Medium	20	586.61900	0.06	Regular Air	83.07	35.99	1.10
6020	774939	15571411	2009-09-21	Medium	23	66.09000	0.09	Regular Air	13.71	2.88	0.99
59911	704553	15571411	2011-12-18	Not Specified	1	10.59000	0.10	Regular Air	-4.31	9.11	2.15
51041	330371	38191421	2010-07-29	High	47	2766.81800	0.03	Regular Air	846.95	65.99	5.92
54564	330371	3285755	2010-12-06	High	27	1553.86800	0.04	Express Air	322.51	65.99	5.92
39808	459677	3285755	2012-09-02	Low	50	2026.42000	0.03	Regular Air	655.36	39.98	9.83
57891	330371	94892175	2010-12-17	Medium	17	934.94050	0.08	Regular Air	47.10	65.99	5.92
32902	260010	94892175	2012-03-03	High	8	64.10000	0.03	Regular Air	-48.28	6.84	8.37
56868	330371	98258765	2011-12-03	Low	34	1947.42650	0.03	Regular Air	473.27	65.99	5.92
51111	330371	77512636	2012-02-09	Not Specified	1	61.09800	0.02	Regular Air	-257.72	65.99	5.92
24067	330371	84624337	2012-08-22	High	46	2640.68650	0.03	Express Air	751.38	65.99	5.92
23619	330371	17005974	2012-12-21	Medium	48	2611.80350	0.06	Regular Air	644.81	65.99	5.92
16229	771470	17005974	2009-03-29	High	19	568.74350	0.05	Regular Air	143.79	35.99	3.30
51815	1029214	30521001	2009-05-26	Low	21	2292.10150	0.02	Regular Air	398.36	125.99	3.00
57857	236065	30521001	2010-05-01	High	18	314.96000	0.10	Regular Air	153.48	18.65	3.77
16166	302517	30521001	2010-01-31	Critical	36	78.51000	0.09	Regular Air	-10.06	2.18	1.38
57861	186776	30521001	2012-10-25	Medium	40	120.15000	0.00	Regular Air	11.32	2.88	1.49
48067	1029214	77418915	2012-06-29	Low	31	3229.66000	0.05	Express Air	695.06	125.99	3.00
9537	604088	77418915	2011-02-13	Not Specified	43	170.88000	0.01	Regular Air	-149.09	3.81	5.44
2209	1029214	61746358	2012-07-09	High	13	1265.49700	0.10	Regular Air	-161.12	125.99	3.00
33505	490866	61746358	2010-09-25	Low	35	2463.24050	0.07	Express Air	310.57	85.99	10.78
8801	1029214	46998039	2012-08-10	Low	25	2529.39600	0.06	Express Air	371.21	125.99	3.00
41636	217058	72691604	2009-08-14	Critical	27	2762.85700	0.03	Regular Air	722.24	115.99	4.23
2852	217058	69981415	2010-01-15	Critical	42	3931.31800	0.06	Regular Air	1025.45	115.99	4.23
30083	923574	69981415	2009-01-08	Not Specified	23	324.28000	0.07	Regular Air	20.43	14.56	3.50
45156	641495	69981415	2011-02-12	Low	14	174.30000	0.08	Regular Air	75.58	12.53	0.50
39043	481924	69981415	2010-12-22	Not Specified	14	50.80000	0.09	Regular Air	16.79	3.69	0.50
325	217058	75540073	2010-10-16	Low	9	884.12750	0.06	Regular Air	-178.71	115.99	4.23
19556	217058	10407796	2010-12-30	Not Specified	35	3238.14300	0.08	Regular Air	727.36	115.99	4.23
8001	847898	10407796	2010-11-19	High	47	1059.72000	0.01	Regular Air	112.22	20.98	5.42
8001	417731	10407796	2010-11-19	High	15	37.70000	0.10	Regular Air	-81.08	2.18	7.09
17542	533786	10407796	2010-08-31	Low	37	105.99000	0.01	Regular Air	43.37	2.88	0.50
28033	955858	34141840	2010-09-14	High	18	127.56000	0.01	Regular Air	-57.11	6.60	4.07
12263	924461	34141840	2011-07-06	High	12	515.65000	0.00	Regular Air	123.50	39.48	3.99
51937	738036	10136898	2009-02-27	High	39	11613.13000	0.05	Delivery Truck	2816.21	294.62	42.52
8835	318979	10136898	2009-10-13	Critical	12	153.44000	0.05	Regular Air	-6.15	12.20	6.02
32803	315990	10136898	2011-12-16	Medium	22	96.07000	0.06	Regular Air	-4.36	4.48	2.50
17506	738036	101822304	2010-02-28	Low	33	9473.31000	0.03	Delivery Truck	1939.11	294.62	42.52
2048	738036	97588200	2010-11-14	Critical	12	3752.61000	0.01	Delivery Truck	637.93	294.62	42.52
1796	341229	97588200	2012-11-20	High	43	183.41000	0.07	Regular Air	-125.41	4.13	5.04
5799	738036	57153957	2011-08-02	Critical	34	9626.86000	0.08	Delivery Truck	1882.20	294.62	42.52
26567	364705	103235308	2009-09-04	Critical	48	6109.81700	0.04	Regular Air	1374.95	155.99	8.08
26567	89922	103235308	2009-09-04	Critical	8	50.70000	0.08	Regular Air	-44.07	5.40	7.78
9126	469515	103235308	2009-11-17	Medium	47	2799.70000	0.04	Regular Air	884.08	62.05	3.99
31781	947521	103235308	2009-01-16	Medium	41	78.49000	0.03	Regular Air	5.53	1.81	0.75
26499	607679	103235308	2010-02-21	Medium	11	32.40000	0.05	Regular Air	8.78	2.88	0.50
52641	364705	6767935	2010-10-08	Not Specified	6	834.21550	0.02	Regular Air	-449.42	155.99	8.08
27810	428893	6767935	2010-01-28	High	32	216.51000	0.02	Express Air	109.29	6.30	0.50
38305	364705	33681614	2011-04-30	Critical	21	2561.67050	0.08	Regular Air	88.77	155.99	8.08
32613	667910	33681614	2011-12-16	Low	31	1359.74000	0.01	Express Air	202.33	43.98	8.99
41316	529361	61395005	2009-07-21	Not Specified	4	700.36600	0.00	Regular Air	-787.70	205.99	5.99
38656	234415	61395005	2012-08-10	Low	41	162.51000	0.09	Regular Air	-148.40	4.13	5.34
41316	835501	61395005	2009-07-21	Not Specified	8	121.74000	0.01	Regular Air	21.00	14.28	2.99
70	529361	34697007	2010-12-17	Low	46	7804.53000	0.05	Regular Air	2057.17	205.99	5.99
41472	259382	34697007	2010-01-23	Low	48	280.87000	0.01	Express Air	-214.15	5.38	7.57
11074	529361	34495598	2011-06-09	High	44	7164.74350	0.07	Regular Air	1609.29	205.99	5.99
11074	559119	34495598	2011-06-09	High	21	114.53000	0.07	Regular Air	-39.23	5.68	3.60
47106	529361	72728792	2011-10-25	Medium	40	6618.45700	0.10	Regular Air	1489.96	205.99	5.99
51237	529361	43122374	2012-03-10	Medium	26	4769.06950	0.03	Regular Air	1138.58	205.99	5.99
52164	275481	43122374	2012-04-13	Not Specified	30	1824.84800	0.00	Regular Air	364.23	65.99	8.80
33541	318979	43122374	2012-06-19	Critical	43	512.78000	0.08	Regular Air	16.14	12.20	6.02
22626	954944	43122374	2010-06-29	Critical	17	90.93000	0.02	Regular Air	14.19	5.18	2.04
44196	781795	72112650	2009-08-22	Not Specified	12	653.78600	0.09	Regular Air	-83.47	65.99	5.31
19175	781795	102008024	2009-08-19	Low	19	1133.44950	0.01	Regular Air	169.16	65.99	5.31
36455	851117	102008024	2009-02-19	High	48	1838.19000	0.03	Regular Air	561.43	39.48	1.99
50625	607679	102008024	2009-04-23	Medium	10	29.12000	0.08	Regular Air	7.13	2.88	0.50
44576	781795	89600502	2009-12-25	Not Specified	30	1653.60700	0.02	Regular Air	294.97	65.99	5.31
42695	781795	24223712	2010-12-22	Not Specified	12	710.32800	0.02	Regular Air	-10.30	65.99	5.31
27680	681809	24223712	2010-01-26	Critical	32	324.40000	0.10	Regular Air	-46.98	10.89	4.50
49824	781795	35183561	2011-03-22	High	33	1900.22600	0.01	Express Air	440.20	65.99	5.31
57376	781795	19544810	2011-06-19	Critical	6	326.89300	0.07	Regular Air	-223.21	65.99	5.31
8768	781795	96628821	2011-08-18	High	44	2422.44050	0.03	Regular Air	568.18	65.99	5.31
14176	803900	96628821	2009-03-12	Low	39	1233.47750	0.01	Regular Air	453.80	35.99	5.99
7654	599985	96628821	2010-02-10	High	3	19.47000	0.06	Regular Air	-14.29	4.13	6.89
54339	781795	23795937	2012-05-02	Low	41	2209.51550	0.06	Regular Air	458.62	65.99	5.31
54339	299230	23795937	2012-05-02	Low	48	3005.74000	0.02	Express Air	1053.21	59.98	3.99
41667	781795	21396956	2012-06-20	High	18	1062.21950	0.03	Regular Air	132.37	65.99	5.31
31973	494051	21396956	2011-05-12	Not Specified	16	124.89000	0.07	Regular Air	-111.17	7.28	11.15
14115	490866	56266301	2009-08-14	Not Specified	46	3296.06200	0.06	Regular Air	591.91	85.99	10.78
59685	37996	56266301	2012-12-10	Critical	12	505.20000	0.05	Regular Air	78.98	40.98	5.33
56710	145931	56266301	2010-05-11	Not Specified	6	182.64000	0.08	Regular Air	-99.24	30.98	6.50
6311	490866	11286401	2010-02-10	Medium	18	1297.44850	0.04	Regular Air	4.21	85.99	10.78
38372	450797	100022088	2010-05-15	High	46	1053.84000	0.00	Regular Air	-632.16	20.98	21.20
26240	700324	11934383	2009-12-19	Critical	39	145.68000	0.04	Regular Air	12.00	3.70	1.61
26240	851117	11934383	2009-12-19	Critical	38	1483.44000	0.04	Regular Air	439.77	39.48	1.99
35558	539744	11934383	2009-09-15	Critical	2	34.88000	0.09	Regular Air	-22.12	13.79	8.78
44037	335550	11934383	2012-06-28	High	38	1799.61150	0.07	Regular Air	557.60	55.99	1.25
46119	783568	11934383	2009-02-15	Critical	20	154.13000	0.07	Regular Air	57.31	7.98	1.25
41569	700324	51054401	2010-07-21	Critical	16	60.76000	0.03	Regular Air	5.25	3.70	1.61
7906	114359	68223869	2009-10-17	Medium	37	1003.06000	0.03	Regular Air	271.78	25.98	5.37
53605	114359	25540872	2010-08-03	Medium	19	506.49000	0.06	Regular Air	105.69	25.98	5.37
24227	594736	25540872	2010-08-16	Medium	24	1840.85350	0.01	Regular Air	424.64	85.99	2.79
8295	332331	25540872	2009-04-01	High	30	835.15050	0.09	Regular Air	158.18	35.99	1.10
47078	159149	25540872	2010-04-19	Medium	43	279.83000	0.01	Regular Air	77.04	6.04	2.14
47078	175474	25540872	2010-04-19	Medium	18	84.74000	0.06	Regular Air	34.10	4.91	0.50
43745	114359	9725401	2010-11-01	Low	5	128.59000	0.07	Regular Air	-15.17	25.98	5.37
43745	151557	9725401	2010-11-01	Low	1	4.97000	0.04	Regular Air	-4.91	3.55	1.43
19911	114359	17328667	2011-10-06	High	43	1054.70000	0.07	Regular Air	213.26	25.98	5.37
5989	114359	24207664	2011-10-14	Medium	6	155.48000	0.10	Regular Air	-6.64	25.98	5.37
23297	114359	67539279	2012-07-02	Critical	20	498.68000	0.06	Regular Air	79.52	25.98	5.37
23555	1015676	67539279	2012-12-11	High	29	104.70000	0.09	Regular Air	42.16	3.69	0.50
31461	299230	67539279	2011-06-27	Medium	26	1463.42000	0.08	Regular Air	350.82	59.98	3.99
263	89922	79235541	2009-05-16	High	25	136.77000	0.09	Regular Air	-136.25	5.40	7.78
41412	89922	28382862	2009-09-17	Not Specified	47	263.81000	0.03	Regular Air	-237.54	5.40	7.78
36355	89922	78769548	2009-12-02	Medium	9	61.43000	0.09	Express Air	-42.98	5.40	7.78
46562	95746	78769548	2011-02-12	Not Specified	35	5407.90000	0.01	Delivery Truck	-352.79	145.98	46.20
16480	89922	93726727	2009-12-06	Not Specified	14	87.23000	0.09	Express Air	-69.53	5.40	7.78
34086	796442	93726727	2012-04-29	High	41	2251.91350	0.04	Regular Air	655.91	65.99	2.50
6848	89922	16060471	2010-09-13	High	22	116.84000	0.10	Regular Air	-125.44	5.40	7.78
44897	494051	16060471	2010-03-09	High	11	85.62000	0.07	Regular Air	-81.22	7.28	11.15
9792	89922	39916227	2011-07-23	Low	14	84.09000	0.02	Regular Air	-73.14	5.40	7.78
57959	375694	39916227	2011-12-30	Medium	40	239.86000	0.04	Regular Air	-32.06	5.81	3.37
49634	186776	39916227	2012-03-23	Not Specified	45	132.31000	0.02	Regular Air	10.91	2.88	1.49
33604	89922	46365602	2011-08-18	High	10	59.62000	0.04	Regular Air	-56.30	5.40	7.78
40806	89922	63210192	2011-09-06	Critical	8	53.14000	0.00	Regular Air	-41.26	5.40	7.78
34753	106849	63210192	2010-01-18	Not Specified	7	117.06200	0.09	Regular Air	-63.70	20.99	0.99
8545	234415	63210192	2009-06-17	Low	25	113.75000	0.00	Regular Air	-77.34	4.13	5.34
34434	1000550	63210192	2011-05-09	Not Specified	23	116.56000	0.04	Regular Air	50.66	4.98	0.49
8454	89922	91844273	2012-08-15	Medium	38	218.77000	0.03	Regular Air	-188.13	5.40	7.78
42081	275481	91844273	2011-01-10	Low	26	1493.85800	0.02	Regular Air	183.24	65.99	8.80
8960	990658	91844273	2010-06-05	Medium	15	1150.53450	0.01	Regular Air	361.65	85.99	1.25
14471	236065	20566789	2011-05-26	Not Specified	44	823.63000	0.03	Regular Air	375.02	18.65	3.77
5121	335550	20566789	2012-05-10	Not Specified	45	1991.70300	0.07	Regular Air	559.11	55.99	1.25
14240	373440	20566789	2012-02-17	High	24	68.88000	0.00	Regular Air	1.31	2.78	1.49
22657	519606	20566789	2011-10-29	High	8	32.92000	0.05	Regular Air	-7.73	3.95	2.00
6144	640880	20566789	2009-06-21	Critical	24	67.35000	0.07	Regular Air	22.63	2.88	0.50
36803	774939	20566789	2012-08-04	Not Specified	42	121.65000	0.05	Regular Air	30.76	2.88	0.99
20706	217285	21047871	2009-07-12	High	41	5583.27000	0.04	Express Air	1539.59	136.98	24.49
46113	217285	13226561	2009-12-02	Not Specified	18	2567.13000	0.02	Express Air	945.54	136.98	24.49
42403	358060	13226561	2009-06-20	Not Specified	38	117.84000	0.04	Regular Air	30.76	3.08	0.99
52964	217285	17332515	2010-03-31	Critical	44	5735.79000	0.08	Regular Air	828.27	136.98	24.49
51938	567704	17332515	2011-05-17	Low	5	503.32750	0.06	Regular Air	-488.31	125.99	5.63
51169	217285	103284166	2010-12-24	High	2	291.66000	0.08	Regular Air	-192.92	136.98	24.49
23557	217285	36255546	2011-05-31	Not Specified	7	1011.16000	0.02	Regular Air	547.96	136.98	24.49
33060	577552	36255546	2010-02-19	High	3	15.88000	0.05	Regular Air	-11.04	3.74	4.69
46624	480920	36255546	2010-04-26	Not Specified	28	110.20000	0.07	Regular Air	42.84	4.13	0.50
30214	312562	36255546	2009-10-04	Low	38	375.61000	0.10	Express Air	-21.26	10.44	5.75
24707	217285	40571381	2012-03-10	Medium	14	1961.39000	0.00	Regular Air	761.04	136.98	24.49
21573	944147	40571381	2012-04-25	Critical	31	96.23000	0.05	Regular Air	24.05	3.08	0.99
24707	746518	40571381	2012-03-10	Medium	3	4.94000	0.10	Regular Air	-1.76	1.48	0.70
1991	217285	91610897	2012-09-06	Not Specified	27	3491.06000	0.09	Regular Air	921.70	136.98	24.49
17959	217285	43644616	2012-09-09	Medium	21	2784.57000	0.05	Regular Air	847.06	136.98	24.49
12931	460438	43644616	2012-04-24	Medium	11	653.92000	0.02	Regular Air	52.89	59.76	9.71
51140	217285	81275177	2012-09-14	Low	3	394.34000	0.10	Regular Air	352.38	136.98	24.49
38370	381880	81275177	2011-04-03	High	50	169.13000	0.00	Regular Air	43.05	3.14	1.14
17670	464128	81275177	2009-08-25	Medium	14	36.52000	0.07	Regular Air	10.05	2.61	0.50
837	793081	81275177	2009-06-14	Not Specified	11	65.70000	0.01	Regular Air	13.41	5.84	0.83
15718	667910	81275177	2009-01-27	Critical	41	1863.02000	0.03	Regular Air	360.63	43.98	8.99
52608	899010	28609672	2009-01-21	Low	36	147.71000	0.05	Regular Air	40.04	3.98	0.70
53476	899010	5044115	2009-06-11	Not Specified	24	93.85000	0.08	Regular Air	19.42	3.98	0.70
22468	635598	5044115	2010-06-10	Not Specified	11	65.10000	0.03	Regular Air	13.31	5.68	1.46
47682	746721	5044115	2012-11-16	Not Specified	38	3191.24000	0.00	Regular Air	1620.23	83.98	5.01
28933	899010	56068175	2009-07-09	Critical	38	156.20000	0.03	Regular Air	43.00	3.98	0.70
12965	730110	56068175	2010-06-25	Medium	7	44.74000	0.04	Regular Air	-20.10	5.74	5.01
4675	899010	96063089	2010-11-24	Not Specified	4	17.89000	0.00	Regular Air	-1.15	3.98	0.70
18370	753117	96063089	2011-01-13	Low	41	1271.04750	0.00	Regular Air	-158.24	35.99	5.00
8135	367450	96063089	2011-06-26	Not Specified	16	772.41200	0.03	Regular Air	-184.69	55.99	5.00
58372	899010	31406507	2011-04-02	Low	48	184.10000	0.04	Regular Air	43.20	3.98	0.70
6179	924094	55417339	2009-06-02	Not Specified	15	2690.75150	0.00	Regular Air	234.61	200.99	8.08
15271	444231	55417339	2010-07-25	Critical	7	222.25800	0.03	Regular Air	-77.90	35.99	1.25
25860	746721	55417339	2010-01-02	Low	9	740.20000	0.05	Express Air	239.94	83.98	5.01
53894	924094	14111599	2009-07-07	Critical	29	5159.37250	0.02	Express Air	1252.48	200.99	8.08
12066	924094	12859907	2011-02-06	Medium	27	4442.04900	0.10	Regular Air	720.95	200.99	8.08
2756	656848	12859907	2009-04-17	Critical	42	248.54000	0.07	Regular Air	111.75	6.30	0.50
54053	924094	54579533	2012-02-14	High	34	5634.35250	0.03	Regular Air	1185.41	200.99	8.08
11779	424146	54579533	2010-06-29	Not Specified	45	311.10000	0.04	Regular Air	86.60	6.88	2.00
42599	355734	54579533	2009-04-06	Medium	31	9459.94000	0.04	Delivery Truck	2023.75	300.98	54.92
3397	186776	54579533	2009-06-22	Medium	11	30.61000	0.09	Regular Air	-3.38	2.88	1.49
17543	924094	7345328	2012-05-25	Critical	26	4300.62600	0.06	Regular Air	685.21	200.99	8.08
16961	841964	7345328	2009-01-06	Not Specified	27	46.86000	0.06	Regular Air	-37.08	1.70	1.99
12096	924094	50378986	2012-09-19	Medium	46	8009.59250	0.02	Regular Air	2332.40	200.99	8.08
36001	877669	50378986	2011-03-28	Low	45	1038.82000	0.05	Regular Air	-78.36	22.38	15.10
32449	924094	61795149	2012-12-09	Critical	44	7195.25850	0.09	Express Air	1698.16	200.99	8.08
19140	638256	61795149	2009-09-30	Medium	50	155.54000	0.09	Regular Air	15.66	3.29	1.35
32449	494051	61795149	2012-12-09	Critical	39	277.58000	0.08	Regular Air	-276.88	7.28	11.15
21703	344239	9479478	2009-03-02	Not Specified	15	2211.73400	0.02	Express Air	80.76	175.99	4.99
21703	481924	9479478	2009-03-02	Not Specified	3	12.01000	0.00	Regular Air	-1.08	3.69	0.50
2144	344239	58189342	2009-03-28	Medium	40	5945.36750	0.08	Regular Air	1585.48	175.99	4.99
69	213268	58189342	2009-06-03	Not Specified	42	1186.06000	0.09	Regular Air	511.69	30.93	3.92
50304	736726	58189342	2010-01-31	Critical	3	72.46000	0.05	Delivery Truck	-60.74	15.23	27.75
44805	686443	58189342	2012-09-14	High	40	1710.65000	0.01	Regular Air	782.01	41.94	2.99
38659	491105	58189342	2010-03-30	Low	32	4025.66000	0.05	Delivery Truck	-395.12	124.49	51.94
50304	459677	58189342	2010-01-31	Critical	22	887.98000	0.04	Regular Air	239.94	39.98	9.83
53254	344239	85401643	2009-08-18	Medium	34	5442.14200	0.00	Regular Air	1640.30	175.99	4.99
1411	344239	29419345	2009-12-20	High	47	6717.93250	0.09	Regular Air	1717.89	175.99	4.99
18855	69354	29419345	2009-09-15	High	31	229.43000	0.03	Regular Air	-127.05	7.30	7.72
3778	344239	92103421	2010-05-25	Critical	34	5133.92350	0.02	Regular Air	1313.95	175.99	4.99
39909	344239	58951505	2011-02-24	Low	50	7778.75800	0.00	Regular Air	2547.30	175.99	4.99
10470	344239	88328172	2012-05-04	Low	20	2913.14550	0.09	Regular Air	333.72	175.99	4.99
10470	772510	88328172	2012-05-04	Low	40	1757.43000	0.02	Express Air	490.77	44.01	3.50
14755	748546	3863253	2010-01-05	High	44	2322.81200	0.10	Express Air	454.38	65.99	4.20
28321	944147	3863253	2010-08-01	Medium	28	90.50000	0.03	Regular Air	24.71	3.08	0.99
14755	436896	3863253	2010-01-05	High	31	111.48000	0.09	Regular Air	29.57	3.85	0.70
33154	748546	80699720	2010-08-03	Critical	7	368.02450	0.09	Regular Air	-218.81	65.99	4.20
34400	748546	67569954	2012-12-24	Low	17	988.64350	0.04	Regular Air	89.89	65.99	4.20
34400	737723	67569954	2012-12-24	Low	25	92.53000	0.01	Regular Air	-71.52	3.57	4.17
12869	259219	104503994	2009-01-25	Not Specified	15	1532.48200	0.10	Regular Air	-43.00	125.99	8.99
17251	259219	5130941	2009-10-27	Not Specified	26	2951.43800	0.00	Regular Air	667.28	125.99	8.99
16132	258022	5130941	2012-10-27	Medium	26	519.96000	0.07	Regular Air	169.44	21.38	2.99
48704	259219	86967557	2012-01-09	High	11	1247.85950	0.01	Regular Air	-55.80	125.99	8.99
2725	986755	15369322	2009-05-20	Not Specified	39	2178.43100	0.01	Express Air	396.97	65.99	8.99
1575	767830	15369322	2011-09-12	Medium	10	525.67400	0.08	Regular Air	-147.02	65.99	5.26
40707	986755	96421847	2009-06-11	High	26	1495.18400	0.00	Regular Air	211.09	65.99	8.99
51747	1015676	96421847	2012-07-05	Medium	3	12.11000	0.02	Regular Air	-0.98	3.69	0.50
35430	986755	27976227	2010-03-25	Low	31	1655.36650	0.08	Regular Air	173.93	65.99	8.99
35271	986755	41308400	2010-07-26	High	19	1083.40150	0.02	Regular Air	64.53	65.99	8.99
17410	986755	45914050	2010-09-01	Low	5	284.67350	0.04	Express Air	-247.24	65.99	8.99
17988	986755	44297353	2010-09-22	Low	46	2660.61050	0.03	Regular Air	618.07	65.99	8.99
59553	986755	31509023	2010-11-12	Not Specified	42	2170.30500	0.10	Regular Air	264.32	65.99	8.99
21956	986755	83693488	2011-02-01	High	2	125.27300	0.02	Regular Air	-301.91	65.99	8.99
54882	1000550	83693488	2011-02-06	Critical	17	86.29000	0.02	Regular Air	34.98	4.98	0.49
23522	986755	59235527	2011-04-11	Critical	20	1077.80850	0.06	Express Air	17.25	65.99	8.99
4230	986755	99518139	2012-03-03	Critical	46	2508.31600	0.07	Express Air	456.81	65.99	8.99
11714	911552	99518139	2009-08-04	Critical	9	141.83000	0.06	Regular Air	-35.69	15.73	7.42
26464	681809	99518139	2011-12-11	High	25	268.58000	0.03	Regular Air	-26.33	10.89	4.50
11748	95746	99518139	2009-06-03	Not Specified	23	3503.12000	0.01	Delivery Truck	-168.14	145.98	46.20
5254	986755	101792006	2012-07-25	Not Specified	31	1735.35150	0.08	Regular Air	258.62	65.99	8.99
26693	335550	101792006	2010-08-21	Medium	44	2094.97800	0.06	Express Air	697.29	55.99	1.25
34723	986755	22470862	2012-12-09	Medium	29	1487.89950	0.09	Regular Air	79.32	65.99	8.99
44613	560855	22470862	2010-08-30	High	17	120.75100	0.03	Regular Air	-71.39	7.99	5.03
39815	251489	99084990	2009-04-09	Low	43	4075.37600	0.05	Regular Air	841.73	115.99	8.99
16096	147972	99084990	2011-01-19	High	9	42.21000	0.00	Express Air	18.21	2.88	0.99
44231	251489	39086044	2009-11-03	Not Specified	24	2343.07600	0.06	Regular Air	311.64	115.99	8.99
44231	841915	39086044	2009-11-03	Not Specified	43	784.72000	0.01	Regular Air	-87.96	17.98	4.00
24003	803900	7432978	2009-10-31	Critical	4	129.78650	0.05	Express Air	-116.51	35.99	5.99
54053	367450	79845128	2012-02-14	High	18	821.78850	0.06	Express Air	-230.34	55.99	5.00
3397	284312	79845128	2009-06-22	Medium	43	815.89000	0.10	Regular Air	-20.25	19.98	4.00
47106	299230	89179979	2011-10-25	Medium	37	2192.63000	0.05	Regular Air	660.06	59.98	3.99
44196	954944	8553190	2009-08-22	Not Specified	10	56.91000	0.01	Regular Air	7.50	5.18	2.04
37473	954944	71683306	2009-10-01	Low	8	43.72000	0.06	Regular Air	2.12	5.18	2.04
11011	861428	5768603	2012-05-13	High	33	8305.19000	0.04	Delivery Truck	1383.32	240.98	60.20
38656	188015	32302821	2012-08-10	Low	13	64.46000	0.01	Regular Air	25.16	4.91	0.50
24003	154089	42701778	2009-10-31	Critical	9	11.89000	0.06	Regular Air	-6.12	1.26	0.70
43745	947046	104907203	2010-11-01	Low	43	2433.53000	0.02	Regular Air	946.70	54.48	0.99
49634	681809	10236331	2012-03-23	Not Specified	39	403.73000	0.06	Regular Air	-44.13	10.89	4.50
8710	821997	40732966	2009-01-04	Critical	17	63.34000	0.03	Regular Air	-76.02	3.36	6.27
12452	616694	68464052	2010-12-07	Medium	1	356.95000	0.08	Regular Air	-228.24	387.99	19.99
36647	278621	63834266	2009-06-30	High	18	174.62000	0.10	Regular Air	-119.77	9.71	9.45
58470	1003701	38512011	2011-06-08	High	45	854.14000	0.01	Regular Air	94.00	18.97	9.03
58470	430772	38512011	2011-06-08	High	36	236.19000	0.06	Regular Air	-76.92	6.48	5.94
58470	300581	38512011	2011-06-08	High	5	159.50000	0.09	Regular Air	-57.98	31.98	6.72
50657	1047536	82335880	2011-12-18	High	40	315.45000	0.01	Regular Air	-305.88	7.38	11.51
56420	800064	45311141	2011-07-24	Low	16	597.44000	0.09	Regular Air	108.30	38.06	4.50
11362	205200	23051437	2012-09-10	Low	9	6420.87000	0.02	Regular Air	-690.21	699.99	24.49
35300	135665	44905147	2010-03-02	Medium	35	1445.60000	0.08	Regular Air	126.03	41.32	8.66
35782	351447	8480164	2011-08-05	Low	42	6427.18000	0.09	Regular Air	2097.10	165.98	19.99
16545	617337	84795584	2010-05-09	Not Specified	10	50.97000	0.09	Regular Air	4.45	5.16	0.73
21729	581893	63582475	2012-12-06	Low	14	1082.66000	0.08	Regular Air	-256.93	79.52	48.20
36896	980324	63582475	2009-11-03	Critical	41	1008.95000	0.04	Express Air	69.31	25.38	8.99
47303	952000	63582475	2011-12-05	Medium	47	1413.82000	0.10	Regular Air	226.53	30.98	11.63
19559	677137	69563791	2010-04-15	High	18	2445.21200	0.02	Express Air	275.77	155.99	8.99
18432	370731	25507147	2011-03-12	High	42	451.32000	0.04	Regular Air	1.16	10.64	5.16
30532	232999	47450738	2011-11-26	High	28	431.37000	0.03	Regular Air	-28.67	15.22	9.73
18466	492210	16666221	2012-05-21	Low	24	2694.01000	0.08	Express Air	994.31	120.97	7.11
53445	152427	44817590	2012-10-24	High	8	105.95000	0.01	Regular Air	-44.33	11.66	8.99
27811	166184	44817590	2011-03-04	Not Specified	4	73.90000	0.06	Regular Air	-39.64	15.99	13.18
23104	168172	48076280	2011-04-09	Medium	3	30.92000	0.02	Express Air	28.64	6.98	2.83
26976	998209	20148851	2011-05-20	Not Specified	28	1417.21000	0.07	Regular Air	63.88	51.65	18.45
46468	351447	40615970	2011-01-11	Critical	46	7535.96000	0.08	Regular Air	2745.87	165.98	19.99
44261	648476	39049481	2012-03-23	High	31	13064.06000	0.01	Express Air	5979.56	420.98	19.99
7461	649343	38038963	2009-01-12	Low	44	90.35000	0.02	Regular Air	-16.72	1.98	0.70
34498	1003701	60181220	2009-02-15	Low	3	62.89000	0.09	Regular Air	-23.20	18.97	9.03
54819	482686	60181220	2009-10-10	Low	10	53.32000	0.07	Regular Air	-20.68	4.97	5.71
38887	512058	92369283	2009-10-24	Critical	50	264.05000	0.07	Regular Air	25.05	5.58	1.99
44706	594189	91811409	2010-03-30	Low	18	7556.61000	0.08	Delivery Truck	-352.24	424.21	110.20
53024	643318	91811409	2012-05-12	Not Specified	9	187.13000	0.09	Regular Air	12.40	20.28	14.39
12261	456173	91811409	2010-10-23	Low	4	20.59000	0.02	Express Air	1.19	3.98	0.83
11269	285813	97428330	2012-05-26	Low	1	47.01000	0.09	Regular Air	-19.32	27.75	19.99
52197	835973	28130934	2012-08-04	Critical	6	377.03000	0.06	Regular Air	-78.82	64.98	6.88
32037	920949	66378277	2009-02-16	Low	15	9862.51000	0.07	Regular Air	325.29	699.99	24.49
802	445951	102252318	2011-01-04	Critical	33	378.60000	0.08	Regular Air	12.72	11.70	5.63
15651	322672	20705818	2012-10-04	Critical	14	1144.35000	0.05	Regular Air	-448.60	80.98	35.00
27879	134249	20705818	2010-02-26	Medium	30	301.60000	0.01	Express Air	-24.93	9.65	6.22
15651	338935	20705818	2012-10-04	Critical	40	2182.91000	0.10	Express Air	549.45	60.22	3.50
49767	482713	81843446	2010-11-08	Critical	39	5196.19000	0.10	Regular Air	2052.13	140.99	13.99
59491	1047536	98185921	2012-03-24	High	6	57.90000	0.03	Regular Air	-48.14	7.38	11.51
8162	689019	17767864	2009-10-07	Medium	42	5450.60000	0.10	Regular Air	10.86	140.85	19.99
9829	952000	26421512	2011-12-08	Critical	23	750.39000	0.04	Regular Air	133.71	30.98	11.63
24384	677137	73966703	2011-03-26	Medium	20	2458.24250	0.10	Regular Air	110.54	155.99	8.99
24384	226162	73966703	2011-03-26	Medium	21	3981.23000	0.07	Regular Air	294.94	193.17	19.99
51044	629210	73966703	2012-01-18	Low	26	1333.18000	0.07	Delivery Truck	120.01	50.98	14.19
12067	908791	79755549	2010-02-04	Critical	6	58.84000	0.05	Regular Air	4.29	9.48	3.72
30567	285119	79755549	2009-01-14	Not Specified	3	38.71000	0.01	Express Air	23.00	9.48	7.29
12067	700485	79755549	2010-02-04	Critical	12	1211.72000	0.04	Regular Air	587.84	99.23	8.99
293	820841	60345992	2012-10-01	High	27	244.57000	0.01	Regular Air	46.71	8.69	2.99
8388	445951	104516246	2012-02-23	Low	37	434.11000	0.02	Regular Air	24.85	11.70	5.63
15397	403305	12392564	2010-02-06	Critical	42	223.33000	0.00	Express Air	-111.89	4.98	4.32
14119	594094	12392564	2010-05-31	Low	24	103.11000	0.06	Regular Air	-95.41	4.18	6.92
27141	1010112	4221093	2010-02-04	Not Specified	25	495.80000	0.03	Regular Air	107.82	19.04	6.38
49760	1016325	72489079	2011-10-01	Medium	3	44.84000	0.09	Regular Air	37.74	14.20	5.30
49760	1003701	72489079	2011-10-01	Medium	38	710.33000	0.09	Express Air	62.53	18.97	9.03
59809	445951	72489079	2011-03-08	Not Specified	12	138.67000	0.08	Regular Air	-9.72	11.70	5.63
6982	762722	36349541	2011-11-16	Not Specified	5	544.41000	0.09	Delivery Truck	-338.27	100.98	57.38
3845	68351	19890992	2012-04-25	Critical	15	123.91000	0.09	Regular Air	39.04	8.34	0.96
13282	661762	60636010	2012-05-09	Low	22	763.85000	0.09	Regular Air	-126.60	34.98	7.53
19777	995197	56352213	2012-10-19	Not Specified	22	321.91000	0.06	Regular Air	-24.96	15.01	8.40
19777	240412	56352213	2012-10-19	Not Specified	2	132.96000	0.05	Regular Air	-61.88	59.78	10.29
5957	331372	20700273	2010-12-26	High	3	536.38000	0.03	Delivery Truck	-258.80	150.98	66.27
48615	507264	65938413	2012-12-03	Low	8	464.66000	0.04	Regular Air	219.02	54.74	14.83
26145	525720	65938413	2011-07-04	Low	49	510.15000	0.04	Regular Air	-362.11	9.98	12.52
24576	304170	88815489	2012-12-11	Not Specified	10	152.84000	0.05	Regular Air	38.02	14.58	7.40
28737	886452	79337791	2011-10-03	Critical	50	413.37000	0.04	Regular Air	-224.41	8.45	7.77
3649	539739	79337791	2009-07-05	Low	8	79.42000	0.01	Regular Air	-15.46	8.88	6.28
38598	579387	73805224	2009-08-15	Low	24	324.97000	0.07	Regular Air	113.98	13.40	4.95
47367	49841	65181272	2011-04-16	Medium	7	27.99000	0.06	Regular Air	-0.17	3.80	1.49
39744	677137	75322156	2009-07-06	Medium	41	5636.30750	0.04	Regular Air	1595.67	155.99	8.99
24960	661762	48760545	2011-01-27	High	48	1760.35000	0.01	Express Air	-17.08	34.98	7.53
58113	516201	76519514	2012-02-01	High	48	362.71000	0.07	Regular Air	-88.95	7.68	6.16
32869	998209	95816282	2009-03-27	Medium	49	2470.84000	0.05	Regular Air	25.04	51.65	18.45
1637	403494	18716501	2011-02-07	Not Specified	47	1348.57000	0.08	Regular Air	19.57	30.98	8.99
47108	445991	64043844	2009-10-15	Not Specified	7	131.55000	0.06	Regular Air	-43.74	17.98	8.51
47171	899480	76162149	2010-01-07	Medium	32	6982.87000	0.05	Delivery Truck	875.55	217.85	29.10
20805	126813	76162149	2011-01-10	High	35	418.34000	0.08	Regular Air	73.57	12.58	5.16
55847	487738	23988283	2009-07-20	Not Specified	21	133.15000	0.05	Regular Air	-51.43	6.28	5.36
38048	176425	38984610	2010-01-24	High	47	279.01000	0.05	Regular Air	-136.84	5.77	5.92
29761	845978	74757853	2012-07-03	Medium	19	123.67000	0.03	Regular Air	-34.17	6.24	5.22
9249	386136	97257760	2010-05-19	High	42	1546.80000	0.07	Regular Air	25.51	37.76	12.90
6112	779048	15571411	2009-08-23	Medium	10	1597.37000	0.02	Delivery Truck	-533.69	146.05	80.20
23619	845978	17005974	2012-12-21	Medium	45	285.91000	0.02	Regular Air	-104.99	6.24	5.22
9537	331372	77418915	2011-02-13	Not Specified	6	906.02000	0.10	Delivery Truck	-382.38	150.98	66.27
33505	207567	61746358	2010-09-25	Low	32	117.78000	0.09	Regular Air	20.82	4.00	1.30
8801	581893	46998039	2012-08-10	Low	32	2593.08000	0.00	Express Air	-673.31	79.52	48.20
28033	507788	34141840	2010-09-14	High	16	2826.90000	0.07	Delivery Truck	337.29	180.98	26.20
31781	918216	103235308	2009-01-16	Medium	46	249.02000	0.10	Regular Air	-282.61	5.81	8.49
26567	548833	103235308	2009-09-04	Critical	22	338.52000	0.21	Regular Air	-17.75	14.98	8.99
38656	507788	61395005	2012-08-10	Low	3	561.43000	0.07	Delivery Truck	-199.46	180.98	26.20
14115	115110	56266301	2009-08-14	Not Specified	24	158.78000	0.04	Regular Air	-38.38	6.28	5.41
56710	657927	56266301	2010-05-11	Not Specified	34	479.84000	0.02	Regular Air	5.71	13.43	5.50
46119	301122	11934383	2009-02-15	Critical	46	18824.42000	0.07	Delivery Truck	-575.35	417.40	75.23
46119	49841	11934383	2009-02-15	Critical	23	93.05000	0.03	Regular Air	15.27	3.80	1.49
44037	299849	11934383	2012-06-28	High	39	835.55000	0.07	Regular Air	326.43	22.23	5.08
10470	431822	51054401	2012-05-04	Critical	35	246.98000	0.10	Regular Air	-94.78	7.38	5.21
53605	760319	25540872	2010-08-03	Medium	1	74.31000	0.07	Regular Air	-73.10	41.47	34.20
19911	56287	17328667	2011-10-06	High	39	4859.37000	0.07	Regular Air	2472.32	150.98	13.99
19911	345256	17328667	2011-10-06	High	38	5349.21000	0.01	Delivery Truck	61.90	135.99	28.63
23297	149455	67539279	2012-07-02	Critical	34	5208.78000	0.05	Regular Air	1547.78	155.06	7.07
36803	332624	20566789	2012-08-04	Not Specified	2	19.02000	0.05	Express Air	10.73	2.08	5.33
21573	908791	40571381	2012-04-25	Critical	7	70.08000	0.00	Regular Air	8.02	9.48	3.72
51140	210383	81275177	2012-09-14	Low	28	132.01000	0.04	Regular Air	-93.12	4.37	5.15
53476	226162	5044115	2009-06-11	Not Specified	42	8127.32000	0.01	Express Air	1141.07	193.17	19.99
53894	1016325	14111599	2009-07-07	Critical	47	691.52000	0.03	Regular Air	107.02	14.20	5.30
12096	120431	50378986	2012-09-19	Medium	23	4689.66000	0.01	Regular Air	2176.19	194.30	11.54
36001	222984	50378986	2011-03-28	Low	47	564.39000	0.09	Regular Air	51.82	12.95	4.98
32449	594189	61795149	2012-12-09	Critical	12	4887.14000	0.08	Delivery Truck	-694.33	424.21	110.20
21703	1007032	9479478	2009-03-02	Not Specified	20	1846.76000	0.03	Regular Air	3.14	92.23	39.61
17410	886452	85401643	2010-09-01	Low	45	372.01000	0.07	Regular Air	-203.68	8.45	7.77
13476	279720	85401643	2010-10-16	Not Specified	31	972.35000	0.05	Regular Air	10.96	30.73	4.00
10470	166184	88328172	2012-05-04	Low	8	137.26000	0.03	Regular Air	-54.61	15.99	13.18
1444	205200	45914050	2009-12-05	Medium	32	21717.36000	0.06	Express Air	8249.86	699.99	24.49
54882	686278	83693488	2011-02-06	Critical	2	86.92000	0.03	Regular Air	-43.93	36.55	13.89
26464	661590	99518139	2011-12-11	High	26	1280.65000	0.06	Regular Air	75.36	50.98	22.24
4230	105932	99518139	2012-03-03	Critical	18	409.16000	0.05	Regular Air	21.96	22.72	8.99
34723	425256	22470862	2012-12-09	Medium	4	6095.14000	0.06	Delivery Truck	-3001.28	1500.97	29.70
37440	660527	63543862	2010-06-23	Not Specified	31	295.45000	0.03	Regular Air	-4.36	9.38	4.93
11014	445951	49819071	2010-09-07	High	13	158.79000	0.05	Regular Air	1.16	11.70	5.63
23619	56287	18436824	2012-12-21	Medium	7	1043.12000	0.06	Regular Air	-52.50	150.98	13.99
32902	821950	12193437	2012-03-03	High	34	145.48000	0.03	Express Air	32.43	4.26	1.20
59491	616694	21255162	2012-03-24	High	31	12470.31000	0.04	Regular Air	5528.50	387.99	19.99
36356	620553	63834266	2011-12-25	Medium	45	4768.59000	0.01	Delivery Truck	-593.80	100.98	45.00
58470	269538	38512011	2011-06-08	High	24	1811.55000	0.09	Regular Air	512.69	81.32	0.99
54342	23721	60559394	2009-06-08	Low	35	3439.39000	0.05	Express Air	1057.62	100.97	7.18
56420	344017	45311141	2011-07-24	Low	26	132.23000	0.07	Regular Air	22.25	5.08	2.03
42246	785102	79674261	2012-04-26	Not Specified	40	3060.37000	0.07	Regular Air	234.03	77.51	4.00
11362	64446	23051437	2012-09-10	Low	25	2407.69300	0.04	Regular Air	424.14	110.99	8.99
12771	744609	84795584	2009-01-17	Critical	46	78.08000	0.01	Regular Air	-43.10	1.68	1.57
31393	884115	2717381	2012-05-11	Critical	4	97.57000	0.04	Regular Air	-27.31	19.94	14.87
27780	687259	69563791	2012-10-20	Critical	39	1678.34000	0.05	Regular Air	670.11	43.98	1.99
18432	540818	25507147	2011-03-12	High	15	217.66000	0.10	Express Air	-24.91	14.42	6.75
38084	489031	47450738	2009-03-20	Not Specified	33	404.91000	0.06	Regular Air	65.63	12.64	4.98
5698	813730	38344188	2009-05-20	Medium	15	297.05000	0.09	Regular Air	-16.89	20.48	6.32
57153	1012577	59981908	2009-05-26	Critical	9	106.05000	0.02	Regular Air	-14.52	11.33	6.12
51974	487927	48076280	2011-01-26	High	10	1290.37000	0.05	Regular Air	231.16	123.38	24.49
24646	116812	48076280	2011-04-15	Not Specified	21	61.18000	0.00	Regular Air	6.85	2.88	0.70
29411	366386	59062935	2012-04-06	High	38	15174.95000	0.02	Delivery Truck	7251.92	400.97	48.26
29411	909475	59062935	2012-04-06	High	29	67.87000	0.07	Regular Air	-112.54	2.22	5.00
38564	630917	40615970	2009-11-02	Critical	31	904.93000	0.08	Regular Air	-53.40	30.97	4.00
7461	884090	38038963	2009-01-12	Low	12	4080.30000	0.05	Delivery Truck	593.79	350.99	39.00
13542	279374	96145776	2009-03-08	Low	11	3571.84000	0.01	Delivery Truck	403.81	300.98	64.73
12261	674050	91811409	2010-10-23	Low	12	2237.76000	0.10	Delivery Truck	151.86	200.98	23.76
12261	314204	91811409	2010-10-23	Low	15	2746.57000	0.03	Regular Air	617.40	178.47	19.99
58598	279374	90514203	2011-08-22	Medium	50	13608.83000	0.10	Delivery Truck	1342.93	300.98	64.73
11269	930353	97428330	2012-05-26	Low	39	2083.05250	0.09	Express Air	354.96	65.99	5.99
40134	318385	24088027	2011-10-09	Low	43	1461.10000	0.01	Regular Air	674.46	31.78	1.99
59776	366386	28130934	2009-03-09	Low	33	12215.43000	0.07	Delivery Truck	5255.45	400.97	48.26
28867	264955	28130934	2011-07-22	Medium	6	642.42000	0.03	Regular Air	80.01	104.85	19.99
7744	1006802	102252318	2009-11-17	Low	26	4286.55000	0.07	Regular Air	1416.70	172.99	19.99
34980	1067150	41989638	2010-08-02	Not Specified	25	848.19000	0.06	Express Air	120.02	34.76	5.49
28836	1006802	26995184	2010-10-24	High	7	1158.26000	0.06	Regular Air	170.08	172.99	19.99
26214	633903	43018738	2011-11-20	Medium	41	1901.29000	0.08	Regular Air	870.80	46.94	6.77
36739	1067744	108626146	2009-10-08	Not Specified	16	68.04000	0.07	Regular Air	-55.52	3.98	5.26
35841	924819	17767864	2011-05-08	Medium	48	5163.01050	0.07	Regular Air	1448.33	125.99	8.08
8162	98806	17767864	2009-10-07	Medium	32	5618.40000	0.10	Regular Air	1314.12	179.99	19.99
55808	381761	21909421	2011-02-14	Not Specified	6	830.28000	0.00	Delivery Truck	-382.98	122.99	70.20
59969	680591	21909421	2012-01-11	High	16	275.01000	0.00	Regular Air	-87.11	15.70	11.25
12067	918877	79755549	2010-02-04	Critical	7	407.11600	0.08	Regular Air	-289.81	65.99	19.99
30567	269026	79755549	2009-01-14	Not Specified	14	62.60000	0.02	Regular Air	7.32	4.28	0.94
3395	326842	95284420	2009-10-29	Not Specified	29	623.02000	0.02	Regular Air	-255.66	20.89	11.52
8388	725611	104516246	2012-02-23	Low	39	290.30000	0.07	Regular Air	25.16	7.59	4.00
39589	290269	104516246	2009-08-02	Critical	42	577.42000	0.00	Regular Air	253.50	12.97	1.49
41634	1006899	101777049	2012-12-08	Not Specified	10	371.45000	0.01	Regular Air	17.73	34.99	7.73
3650	542007	72489079	2012-05-27	Not Specified	24	5207.50000	0.03	Delivery Truck	166.44	216.60	64.20
14951	588162	72489079	2011-05-17	Medium	34	2779.20000	0.02	Regular Air	889.57	80.98	7.18
3845	689598	19890992	2012-04-25	Critical	9	3064.27000	0.09	Regular Air	294.39	363.25	19.99
11943	830831	19890992	2010-04-07	Low	19	1270.73000	0.08	Delivery Truck	-425.72	70.98	30.00
42242	23721	13884388	2009-04-01	Not Specified	15	1444.88000	0.10	Regular Air	236.61	100.97	7.18
37152	461227	13884388	2011-05-22	Medium	39	4647.69000	0.02	Delivery Truck	182.53	113.98	30.00
42242	663528	13884388	2009-04-01	Not Specified	23	265.31000	0.09	Express Air	-33.19	11.50	7.19
38215	264955	15023876	2010-01-02	Critical	38	3676.96000	0.09	Express Air	1233.45	104.85	19.99
41794	662058	51065809	2011-05-27	Critical	48	836.59000	0.06	Regular Air	-106.80	17.99	8.65
41794	529422	51065809	2011-05-27	Critical	21	58.14000	0.04	Regular Air	-2.23	2.78	0.97
31233	884845	79337791	2011-09-24	Low	19	4245.93000	0.00	Regular Air	-626.45	209.37	69.00
31233	318385	79337791	2011-09-24	Low	41	1298.29000	0.06	Regular Air	542.33	31.78	1.99
24801	1054629	75234630	2012-11-15	High	7	685.70000	0.01	Regular Air	350.94	88.84	20.79
1762	318385	75234630	2009-08-19	Not Specified	29	857.11000	0.07	Regular Air	285.20	31.78	1.99
5318	301579	45168399	2010-04-03	High	8	1042.25000	0.08	Regular Air	195.16	131.12	0.99
1028	677142	45168399	2009-01-05	High	6	165.75000	0.03	Regular Air	-28.46	28.48	1.99
32869	665810	95816282	2009-03-27	Medium	41	322.03000	0.06	Regular Air	-82.83	8.12	2.83
4871	1083564	23988283	2011-06-11	Critical	8	775.74000	0.02	Delivery Truck	-215.39	89.99	42.00
22434	695980	48698759	2012-08-29	Critical	39	140.74000	0.01	Regular Air	-92.29	3.28	3.97
50726	674050	50111887	2011-10-31	Low	45	9248.74000	0.00	Delivery Truck	2532.00	200.98	23.76
2752	87900	57347993	2010-11-18	High	30	695.47000	0.03	Regular Air	226.73	22.98	1.99
2752	398909	57347993	2010-11-18	High	10	365.62000	0.03	Regular Air	15.77	34.76	8.22
24003	592380	26405324	2009-10-31	Critical	49	87.44000	0.06	Regular Air	1.33	1.76	0.70
54468	730958	102101268	2009-12-14	High	35	424.09000	0.01	Regular Air	-114.18	11.66	7.95
57253	476021	12671287	2009-01-05	Critical	29	653.54000	0.06	Delivery Truck	-1358.90	20.98	53.03
57253	180041	12671287	2009-01-05	Critical	43	78.08000	0.08	Regular Air	1.74	1.81	0.75
25095	250765	75768983	2011-01-25	Low	41	4475.03000	0.08	Delivery Truck	-167.83	115.99	56.14
50404	998220	51940252	2011-03-26	High	10	1961.68000	0.04	Regular Air	-367.00	182.55	69.00
39808	585386	3285755	2012-09-02	Low	31	3413.45550	0.03	Regular Air	868.47	125.99	2.50
32902	475585	94892175	2012-03-03	High	23	1638.67000	0.05	Delivery Truck	-527.83	68.81	60.00
2209	318701	61746358	2012-07-09	High	27	9418.73000	0.00	Delivery Truck	2245.24	320.98	58.95
2209	269026	61746358	2012-07-09	High	42	174.59000	0.08	Regular Air	25.88	4.28	0.94
45156	813730	69981415	2011-02-12	Low	30	663.24000	0.01	Regular Air	76.33	20.48	6.32
28033	542007	34141840	2010-09-14	High	37	7834.77000	0.04	Delivery Truck	297.79	216.60	64.20
26567	124105	103235308	2009-09-04	Critical	10	90.06000	0.09	Express Air	-100.51	8.46	8.99
34275	629536	89600502	2009-07-01	Low	3	6041.01000	0.04	Delivery Truck	-4793.00	2036.48	14.70
56710	118378	56266301	2010-05-11	Not Specified	21	736.17000	0.01	Regular Air	232.99	35.41	1.99
8295	585386	25540872	2009-04-01	High	7	771.83400	0.01	Regular Air	-295.43	125.99	2.50
36355	134191	78769548	2009-12-02	Medium	43	90.93000	0.05	Regular Air	-72.50	2.08	2.56
36355	855099	78769548	2009-12-02	Medium	10	125.95000	0.00	Regular Air	15.73	11.55	2.36
57959	647762	39916227	2011-12-30	Medium	48	1269.79000	0.08	Express Air	-65.33	26.31	5.89
8545	34354	63210192	2009-06-17	Low	24	3081.95000	0.10	Delivery Truck	-662.80	130.98	54.74
22657	945646	20566789	2011-10-29	High	36	9544.18000	0.00	Express Air	3392.88	256.99	11.25
42403	924995	13226561	2009-06-20	Not Specified	47	121.20000	0.10	Regular Air	-20.20	2.78	1.25
15718	1084658	81275177	2009-01-27	Critical	36	100.87000	0.09	Regular Air	8.40	2.94	0.70
53476	592380	5044115	2009-06-11	Not Specified	47	85.87000	0.01	Regular Air	3.13	1.76	0.70
25860	918877	55417339	2010-01-02	Low	23	1288.77850	0.07	Regular Air	-185.89	65.99	19.99
53894	690604	14111599	2009-07-07	Critical	37	2756.17000	0.04	Regular Air	-1561.72	71.37	69.00
11779	124828	54579533	2010-06-29	Not Specified	43	452.93000	0.09	Regular Air	-172.34	10.97	6.50
69	115501	58189342	2009-06-03	Not Specified	28	51.53000	0.03	Express Air	0.35	1.68	0.70
3778	500073	92103421	2010-05-25	Critical	34	268.09000	0.07	Regular Air	-63.76	8.32	2.38
13476	993502	45914050	2010-10-16	Not Specified	3	173.33000	0.09	Regular Air	-121.39	52.99	19.99
23522	381438	59235527	2011-04-11	Critical	19	2899.98000	0.10	Regular Air	666.01	159.99	5.50
34723	789291	22470862	2012-12-09	Medium	46	3776.28000	0.06	Delivery Truck	579.79	80.97	30.06
28870	576304	12566604	2011-11-10	High	27	1154.89000	0.03	Regular Air	66.36	40.98	6.50
24067	1067744	25228465	2012-08-22	High	30	128.25000	0.07	Express Air	-95.31	3.98	5.26
43745	332937	104907203	2010-11-01	Low	26	1368.03000	0.04	Regular Air	27.51	50.98	6.50
49634	677142	10236331	2012-03-23	Not Specified	3	86.85000	0.05	Regular Air	-67.22	28.48	1.99
2978	479225	90398325	2011-05-02	Critical	34	6264.18550	0.01	Regular Air	1312.04	205.99	19.99
2978	685823	90398325	2011-05-02	Critical	36	5410.95000	0.09	Regular Air	2077.91	162.93	19.99
39492	375957	31353881	2011-04-17	Not Specified	38	1541.92000	0.03	Regular Air	-564.06	40.48	19.99
38564	661224	33133679	2009-11-02	Critical	37	9517.60000	0.09	Delivery Truck	-1262.44	280.98	57.00
18849	301579	50165765	2012-08-05	High	6	751.71000	0.09	Regular Air	50.83	131.12	0.99
32292	855099	40573457	2012-02-15	Low	1	13.53000	0.07	Regular Air	-6.73	11.55	2.36
37792	951158	88591198	2011-12-29	High	14	36.74000	0.09	Regular Air	-5.36	2.78	0.97
36647	380477	63834266	2009-06-30	High	21	179.98000	0.01	Regular Air	38.70	7.89	2.82
34017	382748	58046234	2009-03-23	High	28	435.39000	0.01	Regular Air	-48.97	14.98	7.69
29382	209997	21939120	2010-11-17	High	42	239.35000	0.05	Regular Air	78.96	5.68	1.39
4004	573539	75726086	2010-05-06	Medium	44	1512.25000	0.05	Regular Air	195.48	34.58	8.99
45125	1007862	94530777	2012-05-28	Critical	6	975.50000	0.09	Delivery Truck	-252.01	160.98	35.02
56420	123797	45311141	2011-07-24	Low	48	5138.33500	0.02	Regular Air	1422.20	125.99	8.08
6592	845612	74639533	2009-12-01	Low	33	1621.10000	0.07	Express Air	-971.36	48.91	35.00
5543	1023942	14649835	2010-09-24	Medium	6	65.93000	0.04	Regular Air	11.06	10.31	1.79
11362	221286	23051437	2012-09-10	Low	32	3245.73000	0.09	Regular Air	569.57	110.98	13.99
35300	836171	44905147	2010-03-02	Medium	13	119.03000	0.06	Regular Air	29.62	8.95	2.01
21856	701718	17033987	2012-04-05	Not Specified	26	77.03000	0.08	Regular Air	-47.75	3.14	1.92
36896	242881	63582475	2009-11-03	Critical	21	3508.33000	0.04	Regular Air	-546.98	167.27	35.00
19559	674000	69563791	2010-04-15	High	31	260.77000	0.01	Regular Air	-8.75	8.34	4.82
13607	572974	69563791	2010-11-18	Critical	13	315.29000	0.00	Regular Air	-361.82	20.34	35.00
18432	409791	25507147	2011-03-12	High	5	1374.67000	0.08	Delivery Truck	-126.34	279.81	23.19
30532	608341	47450738	2011-11-26	High	9	1696.70000	0.04	Delivery Truck	-82.81	180.98	23.58
16161	200320	38344188	2012-07-28	Medium	38	151.19000	0.03	Regular Air	60.63	3.78	0.71
29411	191273	59062935	2012-04-06	High	45	1084.12000	0.04	Regular Air	294.43	23.99	6.30
21796	688400	40615970	2012-05-06	Low	31	34.22000	0.07	Regular Air	-3.19	1.14	0.70
44261	394339	39049481	2012-03-23	High	1	3360.30000	0.05	Delivery Truck	-7961.43	3502.14	8.73
44261	698263	39049481	2012-03-23	High	34	4771.89000	0.05	Delivery Truck	-427.99	140.98	36.09
42243	642999	60181220	2012-03-11	Medium	42	1876.09000	0.02	Regular Air	809.74	43.41	2.99
54819	430465	60181220	2009-10-10	Low	26	64.03000	0.09	Regular Air	11.42	2.62	0.80
14048	930243	10374472	2010-05-17	Not Specified	47	1837.15000	0.06	Regular Air	196.58	40.97	8.99
16229	760927	10374472	2009-03-29	High	27	1068.70000	0.04	Regular Air	-89.50	40.98	6.50
14048	795486	10374472	2010-05-17	Not Specified	5	540.22000	0.06	Regular Air	-253.38	101.41	35.00
5381	612619	90514203	2010-01-28	Low	47	4888.14000	0.07	Regular Air	1545.09	107.53	5.81
10852	1041463	97428330	2010-10-26	High	17	285.84000	0.02	Regular Air	-27.26	15.28	10.91
31523	994793	33980383	2012-03-08	Low	17	105.85000	0.10	Regular Air	-44.86	6.48	2.74
33444	109003	30354681	2012-10-06	Medium	8	127.80000	0.07	Regular Air	-30.48	14.97	7.51
4389	953470	21462074	2009-05-04	Medium	49	7987.43000	0.03	Delivery Truck	1304.90	160.98	30.00
4389	953860	21462074	2009-05-04	Medium	35	179.45000	0.07	Regular Air	-116.35	5.34	5.63
24193	623126	43018738	2009-03-14	Not Specified	45	9539.60000	0.02	Delivery Truck	-163.63	200.98	55.96
1542	316838	73966703	2010-09-14	Medium	13	448.00000	0.08	Regular Air	27.20	35.51	6.31
12067	334736	79755549	2010-02-04	Critical	9	75.26000	0.01	Regular Air	-17.24	7.64	5.83
30567	639545	79755549	2009-01-14	Not Specified	8	733.55000	0.07	Regular Air	103.13	90.48	19.99
21634	388220	73316576	2012-10-28	Not Specified	1	1946.55000	0.07	Regular Air	-4017.62	1938.02	13.99
3395	845743	95284420	2009-10-29	Not Specified	7	107.88000	0.02	Regular Air	25.59	15.57	1.39
11652	220034	104516246	2011-11-10	Not Specified	35	1154.14000	0.07	Regular Air	-36.00	32.98	5.50
11652	623868	104516246	2011-11-10	Not Specified	1	61.46350	0.05	Regular Air	-261.35	65.99	8.99
15397	760927	12392564	2010-02-06	Critical	29	1178.04000	0.07	Regular Air	-53.81	40.98	6.50
39749	119069	100099945	2010-06-27	High	45	11277.05000	0.01	Delivery Truck	3497.45	264.98	17.86
17735	200320	100099945	2012-07-12	Low	28	101.19000	0.06	Regular Air	32.47	3.78	0.71
39749	1057069	100099945	2010-06-27	High	14	125.31000	0.00	Regular Air	26.24	7.96	4.95
58755	914855	72489079	2011-12-03	Low	7	15.61000	0.03	Regular Air	-5.19	2.08	1.49
33220	181963	27242353	2009-04-15	Not Specified	49	3291.13000	0.09	Regular Air	925.95	70.97	3.50
54464	786593	31379257	2009-09-01	High	50	87.44000	0.08	Regular Air	-184.60	1.76	4.86
26503	845743	8230900	2011-04-21	Medium	47	671.78000	0.10	Regular Air	297.23	15.57	1.39
2688	101065	8230900	2012-01-23	High	11	1559.43550	0.01	Regular Air	61.24	155.99	3.90
18279	472903	19890992	2009-02-26	Medium	20	10281.79000	0.03	Regular Air	3272.90	499.99	24.49
58854	288283	90365410	2010-04-24	Critical	35	6130.90000	0.03	Delivery Truck	583.15	170.98	35.89
26145	390796	65938413	2011-07-04	Low	27	735.09000	0.10	Regular Air	153.50	29.34	7.87
38598	751161	73805224	2009-08-15	Low	17	14665.15000	0.04	Delivery Truck	2860.31	880.98	44.55
36999	339698	32775334	2009-12-12	Medium	28	14475.74000	0.06	Delivery Truck	4963.89	549.99	49.00
54051	698263	33888882	2011-08-11	Medium	23	3301.33000	0.05	Delivery Truck	-307.46	140.98	36.09
12228	905242	100100202	2009-06-25	Not Specified	1	159.51000	0.04	Delivery Truck	-103.63	130.98	30.00
2279	798350	65181272	2010-02-22	Medium	49	4577.18000	0.00	Delivery Truck	205.83	90.98	30.00
39744	468265	75322156	2009-07-06	Medium	6	63.61000	0.01	Regular Air	7.59	10.06	2.06
43940	930243	75322156	2010-02-21	Critical	44	1717.21000	0.08	Regular Air	176.13	40.97	8.99
24960	455222	48760545	2011-01-27	High	37	1436.94000	0.00	Regular Air	639.66	37.94	5.08
43367	462054	76519514	2010-03-09	Critical	18	1221.62000	0.01	Regular Air	-468.64	64.65	35.00
11491	1057069	82445538	2010-08-17	Low	38	1785.74000	0.03	Express Air	739.48	48.04	7.23
32869	475614	95816282	2009-03-27	Medium	2	15.26000	0.01	Regular Air	-7.51	6.68	1.50
46977	928702	48698759	2012-05-07	Medium	10	50.42000	0.06	Regular Air	7.25	4.82	1.49
2752	200320	57347993	2010-11-18	High	41	152.59000	0.02	Regular Air	55.48	3.78	0.71
29058	575546	102101268	2010-01-03	High	23	128.52000	0.06	Regular Air	42.80	5.84	1.00
56291	515534	6794165	2012-09-17	Not Specified	22	11022.53000	0.06	Delivery Truck	1869.86	517.48	16.63
57253	453581	12671287	2009-01-05	Critical	48	12635.75000	0.07	Regular Air	-335.24	279.48	35.00
12099	444836	99434135	2009-09-11	Critical	48	308.81000	0.01	Regular Air	128.28	6.35	1.02
51815	72789	30521001	2009-05-26	Low	37	227.50000	0.01	Regular Air	-256.52	5.94	9.92
48067	538394	77418915	2012-06-29	Low	24	4010.93750	0.00	Express Air	630.70	195.99	8.99
41636	806839	72691604	2009-08-14	Critical	25	423.15000	0.05	Regular Air	-47.28	16.98	7.78
41636	612619	72691604	2009-08-14	Critical	47	5294.48000	0.03	Regular Air	1521.31	107.53	5.81
39043	572974	69981415	2010-12-22	Not Specified	37	750.89000	0.07	Express Air	-1176.28	20.34	35.00
19556	905242	10407796	2010-12-30	Not Specified	45	5785.59000	0.07	Delivery Truck	-423.77	130.98	30.00
2048	226603	97588200	2010-11-14	Critical	9	548.36000	0.10	Express Air	78.63	60.97	4.50
32613	671330	33681614	2011-12-16	Low	41	7174.94350	0.02	Express Air	2373.24	195.99	3.99
32613	1002941	33681614	2011-12-16	Low	38	5228.20000	0.00	Regular Air	-691.52	135.31	35.00
70	704958	34697007	2010-12-17	Low	48	90.05000	0.03	Regular Air	-107.00	1.86	2.58
31973	703917	21396956	2011-05-12	Not Specified	15	404.54000	0.03	Regular Air	43.99	26.64	5.30
56710	967595	56266301	2010-05-11	Not Specified	16	833.92650	0.08	Regular Air	-39.22	65.99	3.99
59685	452225	56266301	2012-12-10	Critical	46	562.91000	0.10	Regular Air	-560.29	12.99	14.37
53605	288283	25540872	2010-08-03	Medium	48	8367.68000	0.06	Delivery Truck	886.35	170.98	35.89
36355	487515	78769548	2009-12-02	Medium	6	129.50000	0.02	Regular Air	65.49	20.28	6.68
1991	582987	91610897	2012-09-06	Not Specified	37	14383.83000	0.01	Delivery Truck	5050.10	399.98	12.06
15718	688400	81275177	2009-01-27	Critical	50	55.89000	0.06	Regular Air	-3.05	1.14	0.70
22468	942944	5044115	2010-06-10	Not Specified	14	323.11000	0.00	Regular Air	41.52	20.98	8.83
22468	1057069	5044115	2010-06-10	Not Specified	19	163.75000	0.00	Regular Air	23.61	7.96	4.95
28933	497806	56068175	2009-07-09	Critical	1	11.16000	0.01	Regular Air	-7.25	5.58	5.30
12965	272408	56068175	2010-06-25	Medium	21	90.78000	0.06	Regular Air	-71.84	4.24	5.41
15271	715054	55417339	2010-07-25	Critical	18	2389.30000	0.01	Regular Air	589.38	128.24	12.65
1444	588803	85401643	2009-12-05	Medium	13	15823.27000	0.04	Delivery Truck	1759.34	1360.14	14.70
1575	990083	15369322	2011-09-12	Medium	26	133.65000	0.05	Regular Air	56.28	4.98	0.80
35430	221286	27976227	2010-03-25	Low	16	1835.84000	0.05	Regular Air	608.74	110.98	13.99
35430	853927	27976227	2010-03-25	Low	48	133.43000	0.10	Regular Air	9.50	2.84	0.93
11714	394339	99518139	2009-08-04	Critical	1	3501.79000	0.01	Delivery Truck	-7838.33	3502.14	8.73
44231	953470	39086044	2009-11-03	Not Specified	11	1865.94000	0.04	Delivery Truck	116.10	160.98	30.00
11011	459865	39390141	2012-05-13	High	36	251.05000	0.10	Regular Air	118.79	7.31	0.49
41383	751465	39390141	2010-05-12	Low	38	2702.30000	0.03	Delivery Truck	-1330.78	70.98	59.81
29058	751161	58178202	2010-01-03	High	33	28389.14000	0.07	Delivery Truck	7132.18	880.98	44.55
43745	886808	104907203	2010-11-01	Low	32	1250.42650	0.02	Regular Air	303.30	45.99	2.50
25318	357719	82716098	2011-11-19	Critical	1	3.20000	0.09	Regular Air	-3.16	1.88	1.49
58372	616627	36195642	2011-04-02	Low	16	38.20000	0.07	Express Air	4.34	2.21	1.00
1411	1007862	12083055	2009-12-20	High	39	5748.20000	0.09	Delivery Truck	-459.86	160.98	35.02
23522	453581	102283498	2011-04-11	Critical	8	180.43000	0.02	Regular Air	-44.86	19.99	11.17
12452	695399	68464052	2010-12-07	Medium	38	2063.42000	0.03	Regular Air	989.95	55.98	5.15
35239	736435	38512011	2011-11-12	Critical	21	109.29000	0.08	Regular Air	-77.08	5.28	6.26
39972	841805	75726086	2012-09-25	Not Specified	19	97.06000	0.05	Regular Air	-7.36	5.06	2.99
46662	160229	30578487	2011-12-29	Critical	8	57.22000	0.07	Regular Air	-27.72	6.48	6.60
24705	247078	85111166	2011-09-15	Critical	15	466.28000	0.00	Regular Air	92.70	29.89	1.99
44960	102789	74639533	2011-05-03	Low	16	112.91000	0.04	Regular Air	-72.81	6.48	8.40
47303	620362	63582475	2011-12-05	Medium	45	308.92000	0.04	Express Air	-143.58	6.48	7.37
30532	103518	47450738	2011-11-26	High	45	514.03000	0.05	Regular Air	82.19	11.34	5.01
19205	421821	44817590	2010-07-26	Medium	47	1291.35000	0.04	Regular Air	479.62	26.38	5.86
21796	690859	40615970	2012-05-06	Low	46	4744.64000	0.04	Regular Air	1033.38	99.99	19.99
46468	1044002	40615970	2011-01-11	Critical	1	11.87000	0.04	Regular Air	-8.89	6.48	5.40
26310	183960	101078507	2012-07-29	Not Specified	19	112.67000	0.09	Regular Air	-37.85	5.98	5.14
52930	394308	55283064	2011-11-08	Low	39	225.17000	0.10	Regular Air	-183.05	5.78	8.09
40134	195368	24088027	2011-10-09	Low	1	9.75000	0.00	Regular Air	-6.72	4.98	4.72
27461	267787	20071951	2010-02-26	Critical	26	1096.17000	0.01	Regular Air	110.78	40.99	19.99
41569	50374	102252318	2010-07-21	Critical	49	617.34000	0.06	Regular Air	47.10	12.28	6.47
49767	938591	81843446	2010-11-08	Critical	7	50.47000	0.08	Regular Air	-31.70	6.48	7.49
24193	59843	43018738	2009-03-14	Not Specified	24	109.86000	0.02	Regular Air	-63.87	4.28	5.17
16422	299508	43018738	2011-10-09	Critical	40	272.01000	0.01	Regular Air	-42.45	6.48	5.14
36003	153113	73966703	2010-10-31	Medium	48	1031.18000	0.01	Regular Air	349.82	19.98	5.77
15622	981266	95284420	2011-08-25	High	21	135.99000	0.09	Regular Air	-129.24	6.48	9.68
15872	709916	74518551	2012-10-30	Not Specified	19	718.41000	0.10	Regular Air	23.94	40.99	17.48
11652	715760	104516246	2011-11-10	Not Specified	37	223.82000	0.09	Regular Air	-249.11	5.98	10.39
40611	59843	101777049	2012-03-28	Not Specified	12	66.83000	0.02	Express Air	-24.31	4.28	5.17
8642	630857	4221093	2010-01-16	High	26	151.05000	0.09	Regular Air	-76.14	5.80	5.59
47270	79826	72489079	2010-08-02	Critical	40	382.65000	0.03	Express Air	47.61	9.27	4.39
47270	694962	72489079	2010-08-02	Critical	9	61.00000	0.08	Regular Air	-34.25	6.48	6.81
51557	629734	101656918	2011-10-31	High	36	1749.07000	0.04	Regular Air	804.66	48.04	5.79
30913	937092	60636010	2012-09-22	Medium	36	795.52000	0.08	Regular Air	290.64	22.24	1.99
5957	317100	20700273	2010-12-26	High	15	68.32000	0.05	Regular Air	-66.72	4.28	6.72
26176	1017940	90627719	2011-11-19	High	14	94.32000	0.06	Regular Air	-66.87	6.48	8.19
37315	59843	88815489	2012-06-05	Low	43	170.81000	0.10	Regular Air	-133.68	4.28	5.17
22402	604095	79337791	2009-05-27	Critical	33	1194.34000	0.04	Regular Air	497.11	37.70	2.99
31233	371815	79337791	2011-09-24	Low	3	19.34000	0.06	Regular Air	-11.36	4.98	5.02
1762	73356	75234630	2009-08-19	Not Specified	11	69.60000	0.00	Regular Air	6.46	5.98	2.50
24960	877412	48760545	2011-01-27	High	18	125.80000	0.03	Regular Air	-35.98	6.48	5.87
43367	299508	76519514	2010-03-09	Critical	3	23.38000	0.08	Regular Air	-12.19	6.48	5.14
1637	690859	18716501	2011-02-07	Not Specified	10	1024.29000	0.07	Regular Air	-95.52	99.99	19.99
47108	87058	64043844	2009-10-15	Not Specified	26	258.11000	0.10	Express Air	9.95	9.99	4.78
23524	175765	76162149	2009-04-28	High	46	2461.23000	0.06	Regular Air	748.20	55.48	14.30
20805	857575	76162149	2011-01-10	High	3	17.70000	0.06	Regular Air	-10.37	4.28	4.79
47171	102789	76162149	2010-01-07	Medium	21	147.16000	0.01	Regular Air	-92.55	6.48	8.40
52673	352478	50111887	2012-05-08	Medium	4	26.41000	0.05	Regular Air	-16.53	5.18	5.74
7845	1087413	57347993	2009-12-13	Critical	45	2145.05000	0.07	Express Air	1012.67	48.94	5.86
50055	1054832	61555104	2012-10-18	Medium	11	75.79000	0.09	Regular Air	-18.77	6.68	4.91
29058	202436	102101268	2010-01-03	High	43	287.61000	0.02	Regular Air	-101.50	6.48	6.35
16518	373891	74757853	2012-09-29	Critical	4	80.29000	0.03	Regular Air	-6.57	18.97	5.21
56291	5889	6794165	2012-09-17	Not Specified	25	377.37000	0.04	Regular Air	151.40	15.04	1.97
46375	940550	19360668	2010-08-26	Medium	24	905.32000	0.02	Regular Air	389.07	35.44	5.09
24067	414906	84624337	2012-08-22	High	19	120.56000	0.07	Regular Air	-79.35	5.98	7.50
2209	1010521	61746358	2012-07-09	High	1	5.68000	0.02	Regular Air	-1.82	4.76	0.88
45156	734492	69981415	2011-02-12	Low	35	238.08000	0.07	Regular Air	31.65	6.75	2.99
2852	1017940	69981415	2010-01-15	Critical	10	74.87000	0.02	Regular Air	-43.97	6.48	8.19
19556	985033	10407796	2010-12-30	Not Specified	22	1131.93000	0.09	Regular Air	469.69	55.98	4.86
32803	996641	10136898	2011-12-16	Medium	49	371.95000	0.08	Express Air	-10.33	7.84	4.71
27680	160229	24223712	2010-01-26	Critical	19	137.02000	0.01	Regular Air	-46.89	6.48	6.60
57376	541296	19544810	2011-06-19	Critical	44	442.72000	0.07	Regular Air	-168.38	10.52	7.94
47078	371815	25540872	2010-04-19	Medium	20	98.57000	0.07	Regular Air	-49.64	4.98	5.02
23555	781122	67539279	2012-12-11	High	5	284.45250	0.06	Regular Air	-254.78	65.99	8.99
34434	468575	63210192	2011-05-09	Not Specified	16	32.35000	0.08	Regular Air	-63.19	1.80	4.79
8960	690859	91844273	2010-06-05	Medium	46	4335.34000	0.07	Express Air	524.09	99.99	19.99
42081	657298	91844273	2011-01-10	Low	3	32.49000	0.08	Regular Air	-5.05	10.94	1.39
42081	352478	91844273	2011-01-10	Low	36	188.34000	0.04	Regular Air	-110.16	5.18	5.74
36803	364275	20566789	2012-08-04	Not Specified	2	103.10500	0.09	Regular Air	-316.32	65.99	2.50
14471	938591	20566789	2011-05-26	Not Specified	42	286.73000	0.05	Regular Air	-141.51	6.48	7.49
46624	317100	36255546	2010-04-26	Not Specified	12	54.86000	0.09	Regular Air	-50.60	4.28	6.72
17959	267787	43644616	2012-09-09	Medium	28	1201.68000	0.01	Regular Air	146.80	40.99	19.99
51140	403940	81275177	2012-09-14	Low	14	626.33000	0.01	Regular Air	24.56	45.19	1.99
53476	940550	5044115	2009-06-11	Not Specified	14	481.40000	0.04	Regular Air	150.72	35.44	5.09
16961	886377	7345328	2009-01-06	Not Specified	34	1089.59000	0.01	Regular Air	433.24	30.98	5.09
17543	265285	7345328	2012-05-25	Critical	1	15.73000	0.09	Regular Air	-9.17	6.48	9.54
17543	1021964	7345328	2012-05-25	Critical	35	1041.74000	0.10	Regular Air	-51.74	30.98	17.08
19140	655557	61795149	2009-09-30	Medium	47	314.00000	0.07	Regular Air	-66.04	6.54	5.27
1444	538069	85401643	2009-12-05	Medium	25	772.24000	0.07	Regular Air	181.98	30.98	8.74
3778	403940	92103421	2010-05-25	Critical	12	557.03000	0.04	Regular Air	8.95	45.19	1.99
3778	904715	92103421	2010-05-25	Critical	3	26.53000	0.05	Regular Air	-15.00	6.68	6.92
59553	103518	31509023	2010-11-12	Not Specified	15	171.57000	0.04	Regular Air	12.50	11.34	5.01
23522	723460	59235527	2011-04-11	Critical	36	233.38000	0.10	Regular Air	-180.17	6.48	8.73
44613	695399	22470862	2010-08-30	High	34	1911.69000	0.07	Regular Air	939.43	55.98	5.15
44613	191428	22470862	2010-08-30	High	45	245.55000	0.03	Regular Air	-227.25	5.28	8.16
43745	712492	104907203	2010-11-01	Low	41	260.64000	0.08	Regular Air	-106.21	6.68	6.15
58725	598953	84599405	2010-05-20	Not Specified	20	148.31000	0.03	Regular Air	37.33	7.04	2.17
39492	721136	31353881	2011-04-17	Not Specified	40	169.48000	0.08	Regular Air	-134.76	4.28	5.68
38372	949585	18467123	2010-05-15	High	33	310.99000	0.07	Regular Air	106.45	9.68	2.03
1444	345717	48928701	2009-12-05	Medium	2	21.44000	0.02	Regular Air	-13.67	6.48	8.74
